[2026-03-23T07:05:19.108Z] ANALYST: processing 1 scout-passed signal groups
[2026-03-23T07:05:37.746Z] SIGNAL: rsi_extreme DOGE RSI 25 OVERSOLD
[2026-03-23T07:05:43.424Z] SIGNAL: volume_spike HYPE 4.0x avg
[2026-03-23T07:05:46.751Z] SIGNAL: macd_cross ENA BEARISH
[2026-03-23T07:05:52.507Z] SCOUT: SKIP xyz:TSLA (1 signals) — Single overbought RSI signal insufficient
[2026-03-23T07:05:53.514Z] SIGNAL: macd_cross HYPE BEARISH
[2026-03-23T07:05:54.130Z] SCOUT: SKIP xyz:HOOD (2 signals) — Overbought RSI contradicts bullish MACD signal
[2026-03-23T07:05:54.130Z] SCOUT: SKIP xyz:NVDA (1 signal, conf 55) — no confluence
[2026-03-23T07:05:55.042Z] SIGNAL: rsi_extreme xyz:CL RSI 16 OVERSOLD
[2026-03-23T07:05:55.042Z] SIGNAL: ema_cross xyz:CL BEARISH
[2026-03-23T07:05:55.042Z] SIGNAL: macd_cross xyz:CL BEARISH
[2026-03-23T07:05:55.042Z] SIGNAL: bb_squeeze_breakout xyz:CL DOWN
[2026-03-23T07:05:55.355Z] SIGNAL: macd_cross xyz:SILVER BULLISH
[2026-03-23T07:05:55.356Z] SIGNAL: rsi_extreme xyz:SILVER RSI 77 OVERBOUGHT
[2026-03-23T07:05:55.356Z] SIGNAL: vwap_deviation xyz:SILVER ABOVE
[2026-03-23T07:05:55.356Z] SIGNAL: ema_cross xyz:SILVER BEARISH
[2026-03-23T07:05:55.635Z] SIGNAL: rsi_extreme xyz:BRENTOIL RSI 24 OVERSOLD
[2026-03-23T07:05:55.637Z] SIGNAL: macd_cross xyz:BRENTOIL BULLISH
[2026-03-23T07:05:55.729Z] SCOUT: SKIP xyz:COIN (2 signals) — Overbought RSI contradicts breakout strength
[2026-03-23T07:05:55.908Z] SIGNAL: macd_cross xyz:GOLD BULLISH
[2026-03-23T07:05:55.909Z] SIGNAL: rsi_extreme xyz:GOLD RSI 75 OVERBOUGHT
[2026-03-23T07:05:57.201Z] SCOUT: SKIP xyz:ORCL (3 signals) — RSI overbought contradicts bullish signals
[2026-03-23T07:05:57.201Z] SCOUT: SKIP PAXG (1 signal, conf 55) — no confluence
[2026-03-23T07:05:57.201Z] SCOUT: SKIP ENA (1 signal, conf 58) — no confluence
[2026-03-23T07:05:57.263Z] SIGNAL: macd_cross xyz:NATGAS BEARISH
[2026-03-23T07:05:57.263Z] SIGNAL: rsi_extreme xyz:NATGAS RSI 24 OVERSOLD
[2026-03-23T07:05:57.389Z] DECISION: HOLD xyz:GOLD — Positions full 2/2, capacity blocked no entry 
[2026-03-23T07:05:57.389Z] DECISION: HOLD xyz:GOLD — No whale confirmation, flash crash macro headwind present 
[2026-03-23T07:05:57.389Z] DECISION: [Scalping-v2] RISK_BLOCKED xyz:GOLD — Confidence 58% < 70% 
[2026-03-23T07:06:50.372Z] SCOUT: SKIP HYPE (1 signal, conf 57) — no confluence
[2026-03-23T07:06:51.963Z] SCOUT: PASS xyz:CL (4 signals, 70%) — Multiple bearish signals with strong MACD confirmation [analyst buf: 1]
[2026-03-23T07:06:53.841Z] SCOUT: SKIP xyz:SILVER (3 signals) — Contradictory signals, EMA bearish dominates
[2026-03-23T07:06:54.245Z] SIGNAL: macd_cross BTC BULLISH
[2026-03-23T07:06:54.246Z] SIGNAL: rsi_extreme BTC RSI 80 OVERBOUGHT
[2026-03-23T07:06:54.247Z] SIGNAL: ema_cross BTC BEARISH
[2026-03-23T07:06:54.248Z] SIGNAL: bb_squeeze_breakout BTC DOWN
[2026-03-23T07:06:54.309Z] STATUS: 26 coins | WS: OK | Positions: 3 | Tokens: $5.01 (50.1%)
[2026-03-23T07:06:54.480Z] SIGNAL: macd_cross ETH BULLISH
[2026-03-23T07:06:54.481Z] SIGNAL: rsi_extreme ETH RSI 78 OVERBOUGHT
[2026-03-23T07:06:54.482Z] SIGNAL: bb_squeeze_breakout ETH DOWN
[2026-03-23T07:06:54.727Z] SIGNAL: ema_cross HYPE BULLISH
[2026-03-23T07:06:54.728Z] SIGNAL: rsi_extreme HYPE RSI 23 OVERSOLD
[2026-03-23T07:06:55.003Z] SIGNAL: macd_cross SOL BULLISH
[2026-03-23T07:06:55.004Z] SIGNAL: rsi_extreme SOL RSI 77 OVERBOUGHT
[2026-03-23T07:06:55.004Z] SIGNAL: bb_squeeze_breakout SOL DOWN
[2026-03-23T07:06:55.242Z] SIGNAL: macd_cross XRP BULLISH
[2026-03-23T07:06:55.242Z] SIGNAL: ema_cross XRP BULLISH
[2026-03-23T07:06:55.243Z] SIGNAL: rsi_extreme XRP RSI 78 OVERBOUGHT
[2026-03-23T07:06:55.300Z] SCOUT: SKIP xyz:BRENTOIL (1 signals) — Single weak signal, insufficient confluence
[2026-03-23T07:06:55.476Z] SIGNAL: macd_cross SUI BULLISH
[2026-03-23T07:06:55.478Z] SIGNAL: rsi_extreme SUI RSI 77 OVERBOUGHT
[2026-03-23T07:06:55.710Z] SIGNAL: macd_cross DOGE BULLISH
[2026-03-23T07:06:55.820Z] SIGNAL: ema_cross xyz:GOLD BULLISH
[2026-03-23T07:06:55.943Z] SIGNAL: macd_cross BNB BULLISH
[2026-03-23T07:06:55.944Z] SIGNAL: rsi_extreme BNB RSI 79 OVERBOUGHT
[2026-03-23T07:06:55.945Z] SIGNAL: bb_squeeze_breakout BNB DOWN
[2026-03-23T07:06:56.246Z] SIGNAL: macd_cross PAXG BULLISH
[2026-03-23T07:06:56.246Z] SIGNAL: ema_cross PAXG BULLISH
[2026-03-23T07:06:56.248Z] SIGNAL: rsi_extreme PAXG RSI 24 OVERSOLD
[2026-03-23T07:06:56.514Z] SIGNAL: macd_cross AVAX BULLISH
[2026-03-23T07:06:56.515Z] SIGNAL: rsi_extreme AVAX RSI 79 OVERBOUGHT
[2026-03-23T07:06:56.516Z] SIGNAL: bb_squeeze_breakout AVAX DOWN
[2026-03-23T07:06:56.666Z] SIGNAL: ema_cross xyz:TSLA BULLISH
[2026-03-23T07:06:56.748Z] SIGNAL: macd_cross LINK BULLISH
[2026-03-23T07:06:56.748Z] SIGNAL: ema_cross LINK BULLISH
[2026-03-23T07:06:56.749Z] SIGNAL: rsi_extreme LINK RSI 80 OVERBOUGHT
[2026-03-23T07:06:56.750Z] SIGNAL: bb_squeeze_breakout LINK DOWN
[2026-03-23T07:06:56.917Z] SIGNAL: ema_cross xyz:HOOD BULLISH
[2026-03-23T07:06:56.994Z] SCOUT: SKIP xyz:GOLD (1 signals) — Single weak signal insufficient for trade
[2026-03-23T07:06:57.294Z] SIGNAL: macd_cross AAVE BULLISH
[2026-03-23T07:06:57.298Z] SIGNAL: rsi_extreme AAVE RSI 76 OVERBOUGHT
[2026-03-23T07:06:57.436Z] SIGNAL: macd_cross xyz:COIN BEARISH
[2026-03-23T07:06:57.531Z] SIGNAL: ema_cross ENA BULLISH
[2026-03-23T07:06:57.790Z] SIGNAL: macd_cross kPEPE BULLISH
[2026-03-23T07:06:57.791Z] SIGNAL: rsi_extreme kPEPE RSI 75 OVERBOUGHT
[2026-03-23T07:06:58.024Z] SIGNAL: macd_cross SEI BULLISH
[2026-03-23T07:06:58.025Z] SIGNAL: rsi_extreme SEI RSI 76 OVERBOUGHT
[2026-03-23T07:06:58.234Z] SCOUT: SKIP xyz:NATGAS (1 signals) — Single weak bearish signal insufficient
[2026-03-23T07:07:20.715Z] SIGNAL: volume_spike SEI 4.3x avg
[2026-03-23T07:07:33.093Z] SIGNAL: price_breakout xyz:ORCL UP
[2026-03-23T07:07:52.557Z] SCOUT: SKIP BTC (3 signals) — Contradictory signals, weak confidence across board
[2026-03-23T07:07:54.057Z] SCOUT: SKIP ETH (2 signals) — Contradictory signals, weak sentiment alignment
[2026-03-23T07:07:55.574Z] SCOUT: SKIP HYPE (1 signals) — Single weak signal insufficient for trade
[2026-03-23T07:07:56.700Z] SIGNAL: rsi_extreme xyz:TSLA RSI 87 OVERBOUGHT
[2026-03-23T07:07:56.934Z] SIGNAL: rsi_extreme xyz:HOOD RSI 82 OVERBOUGHT
[2026-03-23T07:07:57.177Z] SIGNAL: rsi_extreme xyz:NVDA RSI 83 OVERBOUGHT
[2026-03-23T07:07:57.411Z] SIGNAL: rsi_extreme xyz:COIN RSI 88 OVERBOUGHT
[2026-03-23T07:07:57.411Z] SIGNAL: bb_squeeze_breakout xyz:COIN UP
[2026-03-23T07:07:57.499Z] SCOUT: SKIP SOL (2 signals) — Contradictory signals, weak BB squeeze conviction
[2026-03-23T07:07:57.910Z] SIGNAL: bb_squeeze_breakout xyz:ORCL UP
[2026-03-23T07:07:57.911Z] SIGNAL: rsi_extreme xyz:ORCL RSI 20 OVERSOLD
[2026-03-23T07:07:59.357Z] SCOUT: PASS XRP (2 signals, 73%) — Strong MACD cross, supported by EMA [analyst buf: 2]
[2026-03-23T07:08:00.700Z] SCOUT: SKIP SUI (1 signals) — Single weak signal, neutral news sentiment
[2026-03-23T07:08:00.700Z] SCOUT: SKIP DOGE (1 signal, conf 63) — no confluence
[2026-03-23T07:08:02.342Z] SCOUT: SKIP xyz:GOLD (1 signals) — Single weak signal insufficient for trade
[2026-03-23T07:08:03.647Z] SCOUT: SKIP BNB (2 signals) — Contradictory signals, weak BB squeeze.
[2026-03-23T07:08:06.362Z] SCOUT: PASS PAXG (2 signals, 88%) — Dual bullish signals aligned with news [analyst buf: 3]
[2026-03-23T07:08:08.136Z] SCOUT: SKIP AVAX (2 signals) — Signals contradict; bearish sentiment dominates
[2026-03-23T07:08:08.136Z] SCOUT: SKIP xyz:TSLA (1 signal, conf 57) — no confluence
[2026-03-23T07:08:09.868Z] SCOUT: SKIP LINK (3 signals) — Contradictory signals, BB breakdown conflicts
[2026-03-23T07:08:09.868Z] SCOUT: SKIP xyz:HOOD (1 signal, conf 56) — no confluence
[2026-03-23T07:08:12.155Z] SCOUT: SKIP AAVE (1 signals) — Single weak signal, neutral news backdrop
[2026-03-23T07:08:13.784Z] SCOUT: SKIP xyz:COIN (1 signals) — Single weak bearish signal insufficient
[2026-03-23T07:08:15.272Z] SCOUT: SKIP ENA (1 signals) — Single weak signal, insufficient confirmation
[2026-03-23T07:08:15.272Z] SCOUT: SKIP kPEPE (1 signal, conf 61) — no confluence
[2026-03-23T07:08:17.034Z] SCOUT: SKIP SEI (1 signals) — Single weak signal, neutral news confluence
[2026-03-23T07:08:17.034Z] SCOUT: SKIP xyz:ORCL (1 signal, conf 57) — no confluence
[2026-03-23T07:08:19.107Z] ANALYST: processing 3 scout-passed signal groups
[2026-03-23T07:08:52.716Z] SCOUT: SKIP xyz:TSLA (1 signals) — Single overbought signal, insufficient confirmation
[2026-03-23T07:08:55.004Z] SIGNAL: rsi_extreme xyz:CL RSI 17 OVERSOLD
[2026-03-23T07:08:55.004Z] SIGNAL: ema_cross xyz:CL BEARISH
[2026-03-23T07:08:55.004Z] SIGNAL: macd_cross xyz:CL BEARISH
[2026-03-23T07:08:55.004Z] SIGNAL: bb_squeeze_breakout xyz:CL DOWN
[2026-03-23T07:08:55.262Z] SIGNAL: ema_cross xyz:SILVER BULLISH
[2026-03-23T07:08:55.262Z] SIGNAL: macd_cross xyz:SILVER BULLISH
[2026-03-23T07:08:55.262Z] SIGNAL: rsi_extreme xyz:SILVER RSI 79 OVERBOUGHT
[2026-03-23T07:08:55.263Z] SIGNAL: vwap_deviation xyz:SILVER ABOVE
[2026-03-23T07:08:55.265Z] SCOUT: SKIP xyz:HOOD (1 signals) — Single overbought RSI signal insufficient
[2026-03-23T07:08:55.517Z] SIGNAL: macd_cross xyz:BRENTOIL BULLISH
[2026-03-23T07:08:55.773Z] SIGNAL: macd_cross xyz:GOLD BULLISH
[2026-03-23T07:08:55.773Z] SIGNAL: rsi_extreme xyz:GOLD RSI 75 OVERBOUGHT
[2026-03-23T07:08:56.017Z] SIGNAL: rsi_extreme xyz:NATGAS RSI 23 OVERSOLD
[2026-03-23T07:08:56.017Z] SIGNAL: macd_cross xyz:NATGAS BEARISH
[2026-03-23T07:08:57.015Z] SCOUT: SKIP xyz:NVDA (1 signals) — Single overbought signal insufficient for action
[2026-03-23T07:08:57.394Z] SIGNAL: ema_cross xyz:COIN BULLISH
[2026-03-23T07:08:58.305Z] DECISION: HOLD xyz:CL — RSI 15.9 extreme oversold; Hormuz supply shock risk 
[2026-03-23T07:08:58.305Z] DECISION: HOLD xyz:CL — Dismal CL history; oversold RSI counters bearish setup 
[2026-03-23T07:08:58.305Z] DECISION: HOLD xyz:CL — Sentiment weights unmet; RSI reversal risk too high 
[2026-03-23T07:08:58.305Z] DECISION: [Scalping-v2] RISK_BLOCKED XRP — Confidence 58% < 70% 
[2026-03-23T07:08:58.305Z] DECISION: HOLD XRP — Whale weight 55% unconfirmed; insufficient signal coverage 
[2026-03-23T07:08:58.305Z] DECISION: HOLD XRP — Duplicate blocked; XRP Sentiment-v2 already open 
[2026-03-23T07:08:58.305Z] DECISION: HOLD PAXG — 6 straight losses; gold macro crash overrides bull signal 
[2026-03-23T07:08:58.617Z] SCOUT: SKIP xyz:COIN (2 signals) — Overbought RSI contradicts breakout strength
[2026-03-23T07:09:00.179Z] SCOUT: SKIP xyz:ORCL (2 signals) — Contradictory signals: breakout vs oversold
[2026-03-23T07:09:01.508Z] SIGNAL: rsi_extreme XRP RSI 25 OVERSOLD
[2026-03-23T07:09:16.669Z] SIGNAL: rsi_extreme ENA RSI 24 OVERSOLD
[2026-03-23T07:09:53.961Z] SCOUT: PASS xyz:CL (4 signals, 74%) — Oversold with strong bearish momentum confirmation [analyst buf: 1]
[2026-03-23T07:09:55.817Z] SIGNAL: ema_cross xyz:GOLD BULLISH
[2026-03-23T07:09:55.864Z] SCOUT: PASS xyz:SILVER (3 signals, 79%) — Strong MACD cross, aligned EMA bullish setup [analyst buf: 2]
[2026-03-23T07:09:55.864Z] SCOUT: SKIP xyz:BRENTOIL (1 signal, conf 56) — no confluence
[2026-03-23T07:09:57.457Z] SIGNAL: rsi_extreme xyz:COIN RSI 86 OVERBOUGHT
[2026-03-23T07:09:57.457Z] SIGNAL: bb_squeeze_breakout xyz:COIN UP
[2026-03-23T07:09:58.068Z] SCOUT: SKIP xyz:GOLD (1 signals) — Single weak signal insufficient for trade
[2026-03-23T07:09:59.691Z] SCOUT: SKIP xyz:NATGAS (1 signals) — Single weak bearish signal insufficient
[2026-03-23T07:09:59.691Z] SCOUT: SKIP xyz:COIN (1 signal, conf 62) — no confluence
[2026-03-23T07:10:26.344Z] SIGNAL: vwap_deviation PAXG BELOW
[2026-03-23T07:10:52.332Z] SCOUT: SKIP xyz:GOLD (1 signals) — Single weak signal, insufficient confluence
[2026-03-23T07:10:54.113Z] SCOUT: SKIP xyz:COIN (2 signals) — Overbought RSI contradicts breakout momentum
[2026-03-23T07:10:54.114Z] SCOUT: SKIP PAXG (1 signal, conf 55) — no confluence
[2026-03-23T07:10:55.251Z] SIGNAL: rsi_extreme xyz:CL RSI 20 OVERSOLD
[2026-03-23T07:10:55.251Z] SIGNAL: macd_cross xyz:CL BEARISH
[2026-03-23T07:10:55.251Z] SIGNAL: bb_squeeze_breakout xyz:CL DOWN
[2026-03-23T07:10:55.647Z] SIGNAL: macd_cross xyz:SILVER BULLISH
[2026-03-23T07:10:55.647Z] SIGNAL: rsi_extreme xyz:SILVER RSI 77 OVERBOUGHT
[2026-03-23T07:10:55.647Z] SIGNAL: vwap_deviation xyz:SILVER ABOVE
[2026-03-23T07:10:55.966Z] SIGNAL: macd_cross xyz:BRENTOIL BEARISH
[2026-03-23T07:10:56.201Z] SIGNAL: macd_cross xyz:GOLD BULLISH
[2026-03-23T07:10:56.201Z] SIGNAL: rsi_extreme xyz:GOLD RSI 75 OVERBOUGHT
[2026-03-23T07:10:56.449Z] SIGNAL: rsi_extreme xyz:NATGAS RSI 21 OVERSOLD
[2026-03-23T07:10:56.449Z] SIGNAL: macd_cross xyz:NATGAS BEARISH
[2026-03-23T07:10:56.999Z] SIGNAL: rsi_extreme xyz:TSLA RSI 86 OVERBOUGHT
[2026-03-23T07:10:57.232Z] SIGNAL: rsi_extreme xyz:HOOD RSI 82 OVERBOUGHT
[2026-03-23T07:10:57.468Z] SIGNAL: rsi_extreme xyz:NVDA RSI 81 OVERBOUGHT
[2026-03-23T07:10:57.790Z] SIGNAL: ema_cross xyz:COIN BULLISH
[2026-03-23T07:10:58.025Z] SIGNAL: rsi_extreme xyz:ORCL RSI 84 OVERBOUGHT
[2026-03-23T07:10:58.025Z] SIGNAL: bb_squeeze_breakout xyz:ORCL UP
[2026-03-23T07:10:58.221Z] SIGNAL: rsi_extreme PAXG RSI 24 OVERSOLD
[2026-03-23T07:11:02.067Z] SIGNAL: rsi_extreme XRP RSI 24 OVERSOLD
[2026-03-23T07:11:19.108Z] ANALYST: processing 2 scout-passed signal groups
[2026-03-23T07:11:24.246Z] SIGNAL: macd_cross ETH BULLISH
[2026-03-23T07:11:41.362Z] SIGNAL: rsi_extreme SOL RSI 24 OVERSOLD
[2026-03-23T07:11:52.278Z] SCOUT: SKIP xyz:CL (2 signals) — Dual bearish signals, but low BB confidence
[2026-03-23T07:11:53.948Z] SCOUT: PASS xyz:SILVER (2 signals, 71%) — Strong MACD cross confirms VWAP breakout [analyst buf: 1]
[2026-03-23T07:11:54.210Z] SIGNAL: macd_cross BTC BEARISH
[2026-03-23T07:11:54.210Z] SIGNAL: rsi_extreme BTC RSI 80 OVERBOUGHT
[2026-03-23T07:11:54.211Z] SIGNAL: ema_cross BTC BEARISH
[2026-03-23T07:11:54.211Z] SIGNAL: bb_squeeze_breakout BTC DOWN
[2026-03-23T07:11:54.308Z] STATUS: 26 coins | WS: OK | Positions: 3 | Tokens: $5.08 (50.8%)
[2026-03-23T07:11:54.445Z] SIGNAL: rsi_extreme ETH RSI 78 OVERBOUGHT
[2026-03-23T07:11:54.446Z] SIGNAL: bb_squeeze_breakout ETH DOWN
[2026-03-23T07:11:54.686Z] SIGNAL: ema_cross HYPE BULLISH
[2026-03-23T07:11:54.688Z] SIGNAL: rsi_extreme HYPE RSI 23 OVERSOLD
[2026-03-23T07:11:54.688Z] SIGNAL: macd_cross HYPE BULLISH
[2026-03-23T07:11:55.183Z] SIGNAL: bb_squeeze_breakout SOL DOWN
[2026-03-23T07:11:55.432Z] SIGNAL: macd_cross XRP BEARISH
[2026-03-23T07:11:55.492Z] SIGNAL: ema_cross xyz:SILVER BULLISH
[2026-03-23T07:11:55.578Z] SCOUT: SKIP xyz:BRENTOIL (1 signals) — Single weak bearish signal insufficient
[2026-03-23T07:11:55.666Z] SIGNAL: macd_cross SUI BULLISH
[2026-03-23T07:11:55.667Z] SIGNAL: rsi_extreme SUI RSI 78 OVERBOUGHT
[2026-03-23T07:11:55.900Z] SIGNAL: rsi_extreme DOGE RSI 75 OVERBOUGHT
[2026-03-23T07:11:55.901Z] SIGNAL: macd_cross DOGE BEARISH
[2026-03-23T07:11:56.144Z] SIGNAL: ema_cross xyz:GOLD BULLISH
[2026-03-23T07:11:56.179Z] SIGNAL: rsi_extreme BNB RSI 79 OVERBOUGHT
[2026-03-23T07:11:56.180Z] SIGNAL: bb_squeeze_breakout BNB DOWN
[2026-03-23T07:11:56.412Z] SIGNAL: macd_cross PAXG BULLISH
[2026-03-23T07:11:56.413Z] SIGNAL: ema_cross PAXG BULLISH
[2026-03-23T07:11:56.654Z] SIGNAL: rsi_extreme AVAX RSI 80 OVERBOUGHT
[2026-03-23T07:11:56.654Z] SIGNAL: macd_cross AVAX BEARISH
[2026-03-23T07:11:56.658Z] SIGNAL: bb_squeeze_breakout AVAX DOWN
[2026-03-23T07:11:56.891Z] SIGNAL: macd_cross LINK BEARISH
[2026-03-23T07:11:56.892Z] SIGNAL: rsi_extreme LINK RSI 80 OVERBOUGHT
[2026-03-23T07:11:56.892Z] SIGNAL: bb_squeeze_breakout LINK DOWN
[2026-03-23T07:11:57.002Z] SCOUT: SKIP xyz:GOLD (1 signals) — Single weak signal, insufficient confirmation
[2026-03-23T07:11:57.225Z] SIGNAL: macd_cross AAVE BULLISH
[2026-03-23T07:11:57.226Z] SIGNAL: rsi_extreme AAVE RSI 77 OVERBOUGHT
[2026-03-23T07:11:57.484Z] SIGNAL: macd_cross ENA BULLISH
[2026-03-23T07:11:57.484Z] SIGNAL: ema_cross ENA BULLISH
[2026-03-23T07:11:57.485Z] SIGNAL: rsi_extreme ENA RSI 79 OVERBOUGHT
[2026-03-23T07:11:57.549Z] DECISION: HOLD xyz:CL — Hormuz macro bullish oil; RSI 17.5 oversold; positions full 
[2026-03-23T07:11:57.549Z] DECISION: HOLD xyz:CL — CL short history sl_hit; Iran Hormuz oil supply bullish 
[2026-03-23T07:11:57.549Z] DECISION: HOLD xyz:CL — RSI 17.5 extreme oversold; CL sl_hit rate 70% historically 
[2026-03-23T07:11:57.549Z] DECISION: HOLD xyz:SILVER — Gold crashing $1T wipeout; silver correlated; positions full 
[2026-03-23T07:11:57.549Z] DECISION: HOLD xyz:SILVER — Prior silver long sl_hit; precious metals macro collapse 
[2026-03-23T07:11:57.549Z] DECISION: HOLD xyz:SILVER — Gold crash macro kills silver sentiment; sl_hit history dominates 
[2026-03-23T07:11:57.717Z] SIGNAL: rsi_extreme kPEPE RSI 76 OVERBOUGHT
[2026-03-23T07:11:57.718Z] SIGNAL: macd_cross kPEPE BULLISH
[2026-03-23T07:11:57.749Z] SIGNAL: rsi_extreme xyz:COIN RSI 88 OVERBOUGHT
[2026-03-23T07:11:57.749Z] SIGNAL: bb_squeeze_breakout xyz:COIN UP
[2026-03-23T07:11:57.951Z] SIGNAL: macd_cross SEI BULLISH
[2026-03-23T07:11:57.952Z] SIGNAL: rsi_extreme SEI RSI 77 OVERBOUGHT
[2026-03-23T07:11:58.345Z] SCOUT: SKIP xyz:NATGAS (1 signals) — Single weak bearish signal insufficient
[2026-03-23T07:12:00.705Z] SCOUT: SKIP xyz:TSLA (1 signals) — Single overbought signal, insufficient confirmation
[2026-03-23T07:12:02.339Z] SCOUT: SKIP xyz:HOOD (1 signals) — Single overbought signal insufficient
[2026-03-23T07:12:04.098Z] SCOUT: SKIP xyz:NVDA (1 signals) — Single overbought signal, insufficient confirmation
[2026-03-23T07:12:05.697Z] SCOUT: SKIP xyz:COIN (1 signals) — Single weak signal insufficient for trade
[2026-03-23T07:12:08.773Z] SCOUT: SKIP xyz:ORCL (2 signals) — Overbought RSI conflicts with breakout signal
[2026-03-23T07:12:08.773Z] SCOUT: SKIP ETH (1 signal, conf 56) — no confluence
[2026-03-23T07:12:30.839Z] SIGNAL: volume_spike LINK 4.4x avg
[2026-03-23T07:12:37.329Z] SIGNAL: macd_cross SOL BULLISH
[2026-03-23T07:12:49.107Z] ANALYST: processing 1 scout-passed signal groups
[2026-03-23T07:12:52.829Z] SCOUT: SKIP BTC (4 signals) — Bearish signals contradict bullish news/sentiment
[2026-03-23T07:12:52.829Z] SCOUT: SKIP ETH (1 signal, conf 63) — no confluence
[2026-03-23T07:12:54.849Z] SCOUT: SKIP HYPE (2 signals) — Weak individual signals, low confluence
[2026-03-23T07:12:56.284Z] SCOUT: SKIP SOL (2 signals) — Contradictory signals, weak confidence levels
[2026-03-23T07:12:56.284Z] SCOUT: SKIP XRP (1 signal, conf 62) — no confluence
[2026-03-23T07:12:56.748Z] SIGNAL: macd_cross xyz:GOLD BULLISH
[2026-03-23T07:12:56.748Z] SIGNAL: vwap_deviation xyz:GOLD ABOVE
[2026-03-23T07:12:56.749Z] SIGNAL: rsi_extreme xyz:GOLD RSI 23 OVERSOLD
[2026-03-23T07:12:56.991Z] SIGNAL: rsi_extreme xyz:NATGAS RSI 20 OVERSOLD
[2026-03-23T07:12:56.991Z] SIGNAL: macd_cross xyz:NATGAS BEARISH
[2026-03-23T07:12:57.479Z] SIGNAL: rsi_extreme xyz:TSLA RSI 79 OVERBOUGHT
[2026-03-23T07:12:57.721Z] SIGNAL: rsi_extreme xyz:HOOD RSI 84 OVERBOUGHT
[2026-03-23T07:12:57.812Z] SCOUT: SKIP xyz:SILVER (1 signals) — Single weak signal insufficient for trade
[2026-03-23T07:12:57.963Z] SIGNAL: rsi_extreme xyz:NVDA RSI 82 OVERBOUGHT
[2026-03-23T07:12:58.197Z] SIGNAL: ema_cross xyz:COIN BULLISH
[2026-03-23T07:12:58.480Z] SIGNAL: rsi_extreme xyz:ORCL RSI 85 OVERBOUGHT
[2026-03-23T07:12:58.480Z] SIGNAL: bb_squeeze_breakout xyz:ORCL UP
[2026-03-23T07:12:59.313Z] SCOUT: SKIP SUI (1 signals) — Single weak signal, neutral news contradicts
[2026-03-23T07:12:59.313Z] SCOUT: SKIP DOGE (1 signal, conf 59) — no confluence
[2026-03-23T07:13:01.970Z] SCOUT: SKIP xyz:GOLD (1 signals) — Single weak signal, insufficient confluence
[2026-03-23T07:13:01.970Z] SCOUT: SKIP BNB (1 signal, conf 60) — no confluence
[2026-03-23T07:13:03.893Z] SCOUT: PASS PAXG (2 signals, 87%) — Strong bullish alignment, high confidence crossovers [analyst buf: 1]
[2026-03-23T07:13:05.605Z] SCOUT: SKIP AVAX (2 signals) — Weak signals, low confidence, bearish bias
[2026-03-23T07:13:07.499Z] SCOUT: SKIP LINK (3 signals) — Contradictory signals, weak confidence spread
[2026-03-23T07:13:07.499Z] SCOUT: SKIP AAVE (1 signal, conf 61) — no confluence
[2026-03-23T07:13:10.665Z] SCOUT: PASS ENA (2 signals, 78%) — Two bullish signals aligned, strong MACD conviction [analyst buf: 2]
[2026-03-23T07:13:10.665Z] SCOUT: SKIP kPEPE (1 signal, conf 57) — no confluence
[2026-03-23T07:13:12.067Z] SCOUT: SKIP xyz:COIN (2 signals) — Overbought RSI conflicts with breakout signal
[2026-03-23T07:13:14.340Z] SCOUT: SKIP SEI (1 signals) — Single weak signal, insufficient confirmation
[2026-03-23T07:13:19.395Z] DECISION: HOLD xyz:SILVER — Risk-off macro kills silver sentiment; whale absent 
[2026-03-23T07:13:19.395Z] DECISION: HOLD xyz:SILVER — No whale confirmation; prior CT long SL hit immediately 
[2026-03-23T07:13:19.395Z] DECISION: HOLD xyz:SILVER — 5/6 recent SILVER scalps lost; downtrend intact 
[2026-03-23T07:13:25.616Z] SIGNAL: macd_cross ETH BULLISH
[2026-03-23T07:13:52.100Z] SCOUT: PASS xyz:GOLD (2 signals, 75%) — Strong MACD cross with supporting VWAP [analyst buf: 3]
[2026-03-23T07:13:53.693Z] SCOUT: SKIP xyz:NATGAS (2 signals) — Conflicting signals, oversold but bearish momentum
[2026-03-23T07:13:55.006Z] SIGNAL: rsi_extreme xyz:CL RSI 21 OVERSOLD
[2026-03-23T07:13:55.083Z] SIGNAL: macd_cross BTC BULLISH
[2026-03-23T07:13:55.338Z] SIGNAL: macd_cross xyz:SILVER BULLISH
[2026-03-23T07:13:55.338Z] SIGNAL: rsi_extreme xyz:SILVER RSI 77 OVERBOUGHT
[2026-03-23T07:13:55.338Z] SIGNAL: vwap_deviation xyz:SILVER ABOVE
[2026-03-23T07:13:55.584Z] SIGNAL: macd_cross xyz:BRENTOIL BULLISH
[2026-03-23T07:13:55.609Z] SCOUT: SKIP xyz:HOOD (1 signals) — Single RSI overbought signal insufficient
[2026-03-23T07:13:57.273Z] SCOUT: SKIP xyz:NVDA (1 signals) — Single overbought signal insufficient
[2026-03-23T07:13:58.191Z] SIGNAL: rsi_extreme xyz:COIN RSI 87 OVERBOUGHT
[2026-03-23T07:13:58.191Z] SIGNAL: bb_squeeze_breakout xyz:COIN UP
[2026-03-23T07:13:58.192Z] SIGNAL: macd_cross xyz:COIN BEARISH
[2026-03-23T07:13:59.005Z] SCOUT: SKIP xyz:COIN (1 signals) — Single weak signal insufficient for trade
[2026-03-23T07:14:00.692Z] SCOUT: SKIP xyz:ORCL (2 signals) — Overbought RSI contradicts breakout confirmation
[2026-03-23T07:14:00.692Z] SCOUT: SKIP ETH (1 signal, conf 61) — no confluence
[2026-03-23T07:14:01.817Z] SIGNAL: macd_cross XRP BULLISH
[2026-03-23T07:14:10.582Z] SIGNAL: macd_cross BNB BULLISH
[2026-03-23T07:14:19.108Z] ANALYST: processing 3 scout-passed signal groups
[2026-03-23T07:14:38.669Z] SIGNAL: macd_cross SOL BULLISH
[2026-03-23T07:14:39.034Z] SIGNAL: volume_spike AAVE 4.9x avg
[2026-03-23T07:14:50.811Z] SCOUT: SKIP BTC (1 signal, conf 57) — no confluence
[2026-03-23T07:14:52.052Z] SIGNAL: rsi_extreme XRP RSI 25 OVERSOLD
[2026-03-23T07:14:52.551Z] SCOUT: PASS xyz:SILVER (2 signals, 75%) — Strong MACD cross, weak VWAP confirmation [analyst buf: 1]
[2026-03-23T07:14:54.108Z] SCOUT: SKIP xyz:BRENTOIL (1 signals) — Single weak signal, insufficient confirmation
[2026-03-23T07:14:54.996Z] SIGNAL: ema_cross xyz:CL BEARISH
[2026-03-23T07:14:55.258Z] SIGNAL: ema_cross xyz:SILVER BULLISH
[2026-03-23T07:14:55.589Z] SCOUT: SKIP xyz:COIN (3 signals) — Overbought with bearish MACD cross contradiction
[2026-03-23T07:14:55.589Z] SCOUT: SKIP XRP (1 signal, conf 56) — no confluence
[2026-03-23T07:14:55.589Z] SCOUT: SKIP BNB (1 signal, conf 56) — no confluence
[2026-03-23T07:14:55.589Z] SCOUT: SKIP SOL (1 signal, conf 55) — no confluence
[2026-03-23T07:14:55.768Z] SIGNAL: ema_cross xyz:GOLD BULLISH
[2026-03-23T07:14:56.737Z] DECISION: HOLD PAXG — Sentiment slots full, gold macro crash active 
[2026-03-23T07:14:56.737Z] DECISION: HOLD PAXG — Gold crashing macro, no whale signal, loss streak 
[2026-03-23T07:14:56.737Z] DECISION: HOLD PAXG — SL-hit 3.6h ago, gold freefall, 6-trade loss streak 
[2026-03-23T07:14:56.737Z] DECISION: HOLD ENA — Sentiment positions full, no capacity 
[2026-03-23T07:14:56.737Z] DECISION: HOLD ENA — No whale signal, weak EMA conf, downtrend history 
[2026-03-23T07:14:56.737Z] DECISION: HOLD ENA — Sustained downtrend, risk-off macro, poor history 
[2026-03-23T07:14:56.737Z] DECISION: HOLD xyz:GOLD — Sentiment positions full, no capacity 
[2026-03-23T07:14:56.737Z] DECISION: HOLD xyz:GOLD — No whale signal, active gold macro crash 
[2026-03-23T07:14:56.737Z] DECISION: HOLD xyz:GOLD — Gold crashing macro, low VWAP conf, knife-catching risk 
[2026-03-23T07:15:37.353Z] SIGNAL: rsi_extreme ENA RSI 25 OVERSOLD
[2026-03-23T07:15:49.109Z] ANALYST: processing 1 scout-passed signal groups
[2026-03-23T07:15:50.773Z] SCOUT: SKIP xyz:CL (1 signal, conf 56) — no confluence
[2026-03-23T07:15:50.773Z] SCOUT: SKIP xyz:SILVER (1 signal, conf 56) — no confluence
[2026-03-23T07:15:52.281Z] SCOUT: SKIP xyz:GOLD (1 signals) — Single signal insufficient for trade entry
[2026-03-23T07:15:55.031Z] SIGNAL: rsi_extreme xyz:CL RSI 23 OVERSOLD
[2026-03-23T07:15:55.422Z] SIGNAL: macd_cross xyz:SILVER BULLISH
[2026-03-23T07:15:55.422Z] SIGNAL: vwap_deviation xyz:SILVER ABOVE
[2026-03-23T07:15:55.424Z] SIGNAL: rsi_extreme xyz:SILVER RSI 19 OVERSOLD
[2026-03-23T07:15:55.714Z] SIGNAL: rsi_extreme xyz:BRENTOIL RSI 25 OVERSOLD
[2026-03-23T07:15:55.714Z] SIGNAL: macd_cross xyz:BRENTOIL BULLISH
[2026-03-23T07:15:55.964Z] SIGNAL: rsi_extreme xyz:GOLD RSI 77 OVERBOUGHT
[2026-03-23T07:15:55.964Z] SIGNAL: macd_cross xyz:GOLD BULLISH
[2026-03-23T07:15:55.964Z] SIGNAL: vwap_deviation xyz:GOLD ABOVE
[2026-03-23T07:15:56.336Z] SIGNAL: rsi_extreme xyz:NATGAS RSI 14 OVERSOLD
[2026-03-23T07:15:56.856Z] SIGNAL: rsi_extreme xyz:TSLA RSI 78 OVERBOUGHT
[2026-03-23T07:15:57.090Z] SIGNAL: rsi_extreme xyz:HOOD RSI 24 OVERSOLD
[2026-03-23T07:15:57.640Z] SIGNAL: rsi_extreme xyz:NVDA RSI 21 OVERSOLD
[2026-03-23T07:15:57.875Z] SIGNAL: ema_cross xyz:COIN BULLISH
[2026-03-23T07:15:58.111Z] SIGNAL: rsi_extreme xyz:ORCL RSI 85 OVERBOUGHT
[2026-03-23T07:15:58.111Z] SIGNAL: macd_cross xyz:ORCL BULLISH
[2026-03-23T07:15:58.111Z] SIGNAL: bb_squeeze_breakout xyz:ORCL UP
[2026-03-23T07:16:17.543Z] DECISION: HOLD xyz:SILVER — Positions full; no sentiment/whale data present 
[2026-03-23T07:16:17.543Z] DECISION: HOLD xyz:SILVER — Whale data absent; gold crash macro contradicts long 
[2026-03-23T07:16:17.543Z] DECISION: HOLD xyz:SILVER — Weak VWAP, gold crashing, poor SILVER history 
[2026-03-23T07:16:52.751Z] SCOUT: SKIP xyz:SILVER (3 signals) — Conflicting signals, weak oversold confirmation
[2026-03-23T07:16:54.217Z] SIGNAL: macd_cross BTC BEARISH
[2026-03-23T07:16:54.218Z] SIGNAL: rsi_extreme BTC RSI 80 OVERBOUGHT
[2026-03-23T07:16:54.218Z] SIGNAL: ema_cross BTC BEARISH
[2026-03-23T07:16:54.218Z] SIGNAL: bb_squeeze_breakout BTC DOWN
[2026-03-23T07:16:54.248Z] SCOUT: SKIP xyz:BRENTOIL (1 signals) — Single weak signal insufficient for trade
[2026-03-23T07:16:54.309Z] STATUS: 26 coins | WS: OK | Positions: 3 | Tokens: $5.26 (52.6%)
[2026-03-23T07:16:54.512Z] SIGNAL: ema_cross ETH BULLISH
[2026-03-23T07:16:54.513Z] SIGNAL: macd_cross ETH BEARISH
[2026-03-23T07:16:54.513Z] SIGNAL: rsi_extreme ETH RSI 78 OVERBOUGHT
[2026-03-23T07:16:54.514Z] SIGNAL: bb_squeeze_breakout ETH DOWN
[2026-03-23T07:16:54.747Z] SIGNAL: ema_cross HYPE BULLISH
[2026-03-23T07:16:54.747Z] SIGNAL: macd_cross HYPE BEARISH
[2026-03-23T07:16:54.749Z] SIGNAL: rsi_extreme HYPE RSI 23 OVERSOLD
[2026-03-23T07:16:54.983Z] SIGNAL: rsi_extreme SOL RSI 77 OVERBOUGHT
[2026-03-23T07:16:54.983Z] SIGNAL: bb_squeeze_breakout SOL DOWN
[2026-03-23T07:16:55.300Z] SIGNAL: ema_cross xyz:SILVER BULLISH
[2026-03-23T07:16:55.319Z] SIGNAL: macd_cross XRP BEARISH
[2026-03-23T07:16:55.319Z] SIGNAL: rsi_extreme XRP RSI 75 OVERBOUGHT
[2026-03-23T07:16:55.562Z] SIGNAL: macd_cross SUI BULLISH
[2026-03-23T07:16:55.562Z] SIGNAL: ema_cross SUI BULLISH
[2026-03-23T07:16:55.563Z] SIGNAL: rsi_extreme SUI RSI 78 OVERBOUGHT
[2026-03-23T07:16:55.798Z] SIGNAL: ema_cross xyz:GOLD BULLISH
[2026-03-23T07:16:55.801Z] SIGNAL: macd_cross DOGE BEARISH
[2026-03-23T07:16:55.846Z] SCOUT: PASS xyz:GOLD (2 signals, 75%) — Strong MACD cross, weak VWAP confirmation [analyst buf: 1]
[2026-03-23T07:16:56.035Z] SIGNAL: rsi_extreme BNB RSI 79 OVERBOUGHT
[2026-03-23T07:16:56.036Z] SIGNAL: bb_squeeze_breakout BNB DOWN
[2026-03-23T07:16:56.338Z] SIGNAL: macd_cross PAXG BULLISH
[2026-03-23T07:16:56.339Z] SIGNAL: vwap_deviation PAXG ABOVE
[2026-03-23T07:16:56.339Z] SIGNAL: rsi_extreme PAXG RSI 25 OVERSOLD
[2026-03-23T07:16:56.573Z] SIGNAL: macd_cross AVAX BEARISH
[2026-03-23T07:16:56.573Z] SIGNAL: rsi_extreme AVAX RSI 80 OVERBOUGHT
[2026-03-23T07:16:56.574Z] SIGNAL: bb_squeeze_breakout AVAX DOWN
[2026-03-23T07:16:56.743Z] SIGNAL: macd_cross xyz:HOOD BULLISH
[2026-03-23T07:16:56.813Z] SIGNAL: macd_cross LINK BULLISH
[2026-03-23T07:16:56.814Z] SIGNAL: rsi_extreme LINK RSI 80 OVERBOUGHT
[2026-03-23T07:16:56.815Z] SIGNAL: bb_squeeze_breakout LINK DOWN
[2026-03-23T07:16:57.047Z] SIGNAL: macd_cross AAVE BULLISH
[2026-03-23T07:16:57.047Z] SIGNAL: ema_cross AAVE BULLISH
[2026-03-23T07:16:57.049Z] SIGNAL: rsi_extreme AAVE RSI 76 OVERBOUGHT
[2026-03-23T07:16:57.212Z] SIGNAL: rsi_extreme xyz:COIN RSI 88 OVERBOUGHT
[2026-03-23T07:16:57.212Z] SIGNAL: bb_squeeze_breakout xyz:COIN UP
[2026-03-23T07:16:57.282Z] SIGNAL: macd_cross ENA BULLISH
[2026-03-23T07:16:57.535Z] SCOUT: SKIP xyz:NATGAS (1 signals) — Single weak oversold signal insufficient
[2026-03-23T07:16:57.569Z] SIGNAL: rsi_extreme kPEPE RSI 76 OVERBOUGHT
[2026-03-23T07:16:57.569Z] SIGNAL: macd_cross kPEPE BULLISH
[2026-03-23T07:16:57.904Z] SIGNAL: macd_cross SEI BULLISH
[2026-03-23T07:16:57.904Z] SIGNAL: rsi_extreme SEI RSI 76 OVERBOUGHT
[2026-03-23T07:16:59.487Z] SCOUT: SKIP xyz:COIN (1 signals) — Single signal insufficient for trade entry
[2026-03-23T07:17:01.737Z] SCOUT: SKIP xyz:ORCL (3 signals) — RSI overbought contradicts bullish signals
[2026-03-23T07:17:19.109Z] ANALYST: processing 1 scout-passed signal groups
[2026-03-23T07:17:52.626Z] SCOUT: SKIP BTC (4 signals) — Bearish signals conflict with bullish news/sentiment
[2026-03-23T07:17:54.196Z] SCOUT: SKIP ETH (3 signals) — Contradictory signals, weak consensus
[2026-03-23T07:17:55.029Z] SIGNAL: macd_cross xyz:CL BEARISH
[2026-03-23T07:17:55.180Z] DECISION: HOLD xyz:GOLD — At capacity; Gold in active crash, sentiment bearish 
[2026-03-23T07:17:55.180Z] DECISION: HOLD xyz:GOLD — No whale confirmation; active macro Gold capitulation 
[2026-03-23T07:17:55.180Z] DECISION: HOLD xyz:GOLD — Weak VWAP 56%; Gold crash negates MACD bullish cross 
[2026-03-23T07:17:56.055Z] SIGNAL: macd_cross xyz:NATGAS BEARISH
[2026-03-23T07:17:56.101Z] SCOUT: SKIP HYPE (2 signals) — Contradictory signals, weak confidence levels
[2026-03-23T07:17:56.101Z] SCOUT: SKIP SOL (1 signal, conf 64) — no confluence
[2026-03-23T07:17:57.218Z] SIGNAL: macd_cross xyz:NVDA BULLISH
[2026-03-23T07:17:58.379Z] SCOUT: SKIP xyz:SILVER (1 signals) — Single weak signal insufficient for trade
[2026-03-23T07:17:58.379Z] SCOUT: SKIP XRP (1 signal, conf 55) — no confluence
[2026-03-23T07:18:00.428Z] SCOUT: SKIP SUI (2 signals) — Weak confluence, low EMA confidence signals
[2026-03-23T07:18:01.920Z] SCOUT: SKIP xyz:GOLD (1 signals) — Single weak signal, insufficient confluence
[2026-03-23T07:18:01.920Z] SCOUT: SKIP DOGE (1 signal, conf 59) — no confluence
[2026-03-23T07:18:01.920Z] SCOUT: SKIP BNB (1 signal, conf 60) — no confluence
[2026-03-23T07:18:03.883Z] SCOUT: SKIP PAXG (2 signals) — Single strong signal insufficient for entry
[2026-03-23T07:18:05.542Z] SCOUT: SKIP AVAX (2 signals) — Weak signals, low confidence threshold
[2026-03-23T07:18:05.542Z] SCOUT: SKIP xyz:HOOD (1 signal, conf 57) — no confluence
[2026-03-23T07:18:07.120Z] SCOUT: SKIP LINK (2 signals) — Contradictory signals, weak confidence levels
[2026-03-23T07:18:08.983Z] SCOUT: PASS AAVE (2 signals, 78%) — Strong MACD cross, EMA confirms bullish [analyst buf: 1]
[2026-03-23T07:18:10.984Z] SCOUT: SKIP xyz:COIN (2 signals) — RSI overbought conflicts with breakout
[2026-03-23T07:18:12.712Z] SCOUT: SKIP ENA (1 signals) — Single weak signal, insufficient confirmation
[2026-03-23T07:18:12.712Z] SCOUT: SKIP kPEPE (1 signal, conf 57) — no confluence
[2026-03-23T07:18:14.908Z] SCOUT: SKIP SEI (1 signals) — Single weak signal, neutral news backdrop
[2026-03-23T07:18:49.110Z] ANALYST: processing 1 scout-passed signal groups
[2026-03-23T07:18:52.475Z] SCOUT: SKIP xyz:CL (1 signals) — Single weak signal, insufficient confirmation
[2026-03-23T07:18:54.121Z] SCOUT: SKIP xyz:NATGAS (1 signals) — Single weak bearish signal insufficient
[2026-03-23T07:18:54.122Z] SCOUT: SKIP xyz:NVDA (1 signal, conf 55) — no confluence
[2026-03-23T07:18:55.010Z] SIGNAL: rsi_extreme xyz:CL RSI 25 OVERSOLD
[2026-03-23T07:18:55.269Z] SIGNAL: macd_cross xyz:SILVER BULLISH
[2026-03-23T07:18:55.269Z] SIGNAL: vwap_deviation xyz:SILVER ABOVE
[2026-03-23T07:18:55.270Z] SIGNAL: rsi_extreme xyz:SILVER RSI 20 OVERSOLD
[2026-03-23T07:18:55.523Z] SIGNAL: rsi_extreme xyz:BRENTOIL RSI 24 OVERSOLD
[2026-03-23T07:18:55.524Z] SIGNAL: macd_cross xyz:BRENTOIL BEARISH
[2026-03-23T07:18:55.883Z] SIGNAL: rsi_extreme xyz:GOLD RSI 80 OVERBOUGHT
[2026-03-23T07:18:55.883Z] SIGNAL: ema_cross xyz:GOLD BULLISH
[2026-03-23T07:18:55.883Z] SIGNAL: vwap_deviation xyz:GOLD ABOVE
[2026-03-23T07:18:55.884Z] SIGNAL: macd_cross xyz:GOLD BULLISH
[2026-03-23T07:18:56.118Z] SIGNAL: rsi_extreme xyz:NATGAS RSI 21 OVERSOLD
[2026-03-23T07:18:56.592Z] SIGNAL: rsi_extreme xyz:TSLA RSI 76 OVERBOUGHT
[2026-03-23T07:18:56.843Z] SIGNAL: rsi_extreme xyz:HOOD RSI 21 OVERSOLD
[2026-03-23T07:18:57.089Z] SIGNAL: rsi_extreme xyz:NVDA RSI 22 OVERSOLD
[2026-03-23T07:18:57.359Z] SIGNAL: rsi_extreme xyz:COIN RSI 88 OVERBOUGHT
[2026-03-23T07:18:57.359Z] SIGNAL: bb_squeeze_breakout xyz:COIN UP
[2026-03-23T07:18:57.596Z] SIGNAL: rsi_extreme xyz:ORCL RSI 77 OVERBOUGHT
[2026-03-23T07:18:57.596Z] SIGNAL: macd_cross xyz:ORCL BULLISH
[2026-03-23T07:19:15.632Z] DECISION: HOLD AAVE — Strategy at max capacity, 2/2 positions full 
[2026-03-23T07:19:15.632Z] DECISION: HOLD AAVE — No whale data; macro risk-off overrides bullish tech 
[2026-03-23T07:19:15.632Z] DECISION: HOLD AAVE — 5 consecutive AAVE long losses; macro risk-off environment 
[2026-03-23T07:19:52.749Z] SCOUT: PASS xyz:SILVER (2 signals, 74%) — Strong MACD cross with supporting VWAP [analyst buf: 1]
[2026-03-23T07:19:54.791Z] SCOUT: SKIP xyz:BRENTOIL (1 signals) — Single weak bearish signal insufficient
[2026-03-23T07:19:55.156Z] SIGNAL: macd_cross xyz:CL BEARISH
[2026-03-23T07:19:55.449Z] SIGNAL: ema_cross xyz:SILVER BULLISH
[2026-03-23T07:19:56.184Z] SIGNAL: macd_cross xyz:NATGAS BEARISH
[2026-03-23T07:19:56.583Z] SCOUT: PASS xyz:GOLD (3 signals, 75%) — Strong EMA cross, supporting MACD. VWAP weak. [analyst buf: 2]
[2026-03-23T07:19:57.455Z] SIGNAL: macd_cross xyz:NVDA BULLISH
[2026-03-23T07:19:58.500Z] SCOUT: SKIP xyz:COIN (2 signals) — Overbought RSI contradicts breakout confirmation
[2026-03-23T07:20:00.220Z] SCOUT: SKIP xyz:ORCL (1 signals) — Single weak signal insufficient for trade
[2026-03-23T07:20:19.110Z] ANALYST: processing 2 scout-passed signal groups
[2026-03-23T07:20:52.243Z] SCOUT: SKIP xyz:CL (1 signals) — Single weak bearish signal insufficient
[2026-03-23T07:20:53.720Z] SCOUT: SKIP xyz:SILVER (1 signals) — Single weak signal insufficient for trade
[2026-03-23T07:20:54.430Z] DECISION: HOLD xyz:SILVER — Strategy at max capacity, 2/2 positions filled 
[2026-03-23T07:20:54.430Z] DECISION: HOLD xyz:SILVER — No whale data; history shows repeated SL hits 
[2026-03-23T07:20:54.430Z] DECISION: HOLD xyz:SILVER — Severe downtrend, 5+ SL hits in recent history 
[2026-03-23T07:20:54.430Z] DECISION: HOLD xyz:GOLD — Strategy at max capacity, 2/2 positions filled 
[2026-03-23T07:20:54.430Z] DECISION: HOLD xyz:GOLD — Whale data absent; macro $1T crash ongoing 
[2026-03-23T07:20:54.430Z] DECISION: HOLD xyz:GOLD — Active violent selloff; catching falling knife risk 
[2026-03-23T07:20:55.017Z] SIGNAL: rsi_extreme xyz:CL RSI 25 OVERSOLD
[2026-03-23T07:20:55.413Z] SIGNAL: vwap_deviation xyz:SILVER ABOVE
[2026-03-23T07:20:55.414Z] SIGNAL: macd_cross xyz:SILVER BEARISH
[2026-03-23T07:20:55.415Z] SIGNAL: rsi_extreme xyz:SILVER RSI 20 OVERSOLD
[2026-03-23T07:20:55.503Z] SCOUT: SKIP xyz:NATGAS (1 signals) — Single weak signal, insufficient confluence
[2026-03-23T07:20:55.503Z] SCOUT: SKIP xyz:NVDA (1 signal, conf 59) — no confluence
[2026-03-23T07:20:55.665Z] SIGNAL: rsi_extreme xyz:BRENTOIL RSI 25 OVERSOLD
[2026-03-23T07:20:55.665Z] SIGNAL: macd_cross xyz:BRENTOIL BEARISH
[2026-03-23T07:20:55.958Z] SIGNAL: rsi_extreme xyz:GOLD RSI 76 OVERBOUGHT
[2026-03-23T07:20:55.958Z] SIGNAL: ema_cross xyz:GOLD BULLISH
[2026-03-23T07:20:55.958Z] SIGNAL: vwap_deviation xyz:GOLD ABOVE
[2026-03-23T07:20:55.958Z] SIGNAL: macd_cross xyz:GOLD BEARISH
[2026-03-23T07:20:56.202Z] SIGNAL: rsi_extreme xyz:NATGAS RSI 17 OVERSOLD
[2026-03-23T07:20:56.687Z] SIGNAL: rsi_extreme xyz:TSLA RSI 75 OVERBOUGHT
[2026-03-23T07:20:56.943Z] SIGNAL: macd_cross xyz:HOOD BULLISH
[2026-03-23T07:20:56.943Z] SIGNAL: rsi_extreme xyz:HOOD RSI 23 OVERSOLD
[2026-03-23T07:20:57.179Z] SIGNAL: rsi_extreme xyz:NVDA RSI 22 OVERSOLD
[2026-03-23T07:20:57.442Z] SIGNAL: rsi_extreme xyz:COIN RSI 89 OVERBOUGHT
[2026-03-23T07:20:57.442Z] SIGNAL: bb_squeeze_breakout xyz:COIN UP
[2026-03-23T07:20:57.678Z] SIGNAL: rsi_extreme xyz:ORCL RSI 80 OVERBOUGHT
[2026-03-23T07:20:57.678Z] SIGNAL: macd_cross xyz:ORCL BULLISH
[2026-03-23T07:21:08.016Z] SIGNAL: rsi_extreme SOL RSI 25 OVERSOLD
[2026-03-23T07:21:41.169Z] SIGNAL: rsi_extreme XRP RSI 25 OVERSOLD
[2026-03-23T07:21:42.461Z] SIGNAL: rsi_extreme LINK RSI 25 OVERSOLD
[2026-03-23T07:21:48.339Z] SIGNAL: volume_spike SEI 5.0x avg
[2026-03-23T07:21:49.382Z] SIGNAL: rsi_extreme AVAX RSI 24 OVERSOLD
[2026-03-23T07:21:51.902Z] SCOUT: SKIP xyz:SILVER (2 signals) — Contradictory signals, bearish MACD overrides bullish VWAP
[2026-03-23T07:21:53.526Z] SCOUT: SKIP xyz:BRENTOIL (1 signals) — Single weak bearish signal insufficient
[2026-03-23T07:21:54.202Z] Strategies reloaded: 6 (3 active, 0 dry-run)
[2026-03-23T07:21:54.239Z] SIGNAL: macd_cross BTC BEARISH
[2026-03-23T07:21:54.239Z] SIGNAL: rsi_extreme BTC RSI 80 OVERBOUGHT
[2026-03-23T07:21:54.240Z] SIGNAL: ema_cross BTC BEARISH
[2026-03-23T07:21:54.240Z] SIGNAL: bb_squeeze_breakout BTC DOWN
[2026-03-23T07:21:54.309Z] STATUS: 26 coins | WS: OK | Positions: 3 | Tokens: $5.40 (54.0%)
[2026-03-23T07:21:54.474Z] SIGNAL: macd_cross ETH BEARISH
[2026-03-23T07:21:54.474Z] SIGNAL: rsi_extreme ETH RSI 78 OVERBOUGHT
[2026-03-23T07:21:54.475Z] SIGNAL: bb_squeeze_breakout ETH DOWN
[2026-03-23T07:21:54.708Z] SIGNAL: ema_cross HYPE BULLISH
[2026-03-23T07:21:54.708Z] SIGNAL: macd_cross HYPE BEARISH
[2026-03-23T07:21:54.710Z] SIGNAL: rsi_extreme HYPE RSI 23 OVERSOLD
[2026-03-23T07:21:54.946Z] SIGNAL: bb_squeeze_breakout SOL DOWN
[2026-03-23T07:21:55.004Z] SIGNAL: ema_cross xyz:CL BEARISH
[2026-03-23T07:21:55.200Z] SCOUT: SKIP xyz:GOLD (3 signals) — Contradictory signals: bullish vs bearish conflict
[2026-03-23T07:21:55.469Z] SIGNAL: macd_cross SUI BULLISH
[2026-03-23T07:21:55.470Z] SIGNAL: rsi_extreme SUI RSI 78 OVERBOUGHT
[2026-03-23T07:21:56.212Z] SIGNAL: macd_cross DOGE BULLISH
[2026-03-23T07:21:56.212Z] SIGNAL: ema_cross DOGE BULLISH
[2026-03-23T07:21:56.667Z] SIGNAL: rsi_extreme BNB RSI 79 OVERBOUGHT
[2026-03-23T07:21:56.667Z] SIGNAL: bb_squeeze_breakout BNB DOWN
[2026-03-23T07:21:56.907Z] SIGNAL: macd_cross PAXG BULLISH
[2026-03-23T07:21:56.908Z] SIGNAL: ema_cross PAXG BULLISH
[2026-03-23T07:21:56.909Z] SIGNAL: rsi_extreme PAXG RSI 20 OVERSOLD
[2026-03-23T07:21:56.909Z] SIGNAL: vwap_deviation PAXG BELOW
[2026-03-23T07:21:57.147Z] SIGNAL: macd_cross AVAX BEARISH
[2026-03-23T07:21:57.148Z] SIGNAL: bb_squeeze_breakout AVAX DOWN
[2026-03-23T07:21:57.217Z] SCOUT: SKIP xyz:NATGAS (1 signals) — Single weak oversold signal insufficient
[2026-03-23T07:21:57.217Z] SCOUT: SKIP xyz:HOOD (1 signal, conf 59) — no confluence
[2026-03-23T07:21:57.271Z] SIGNAL: macd_cross xyz:COIN BULLISH
[2026-03-23T07:21:57.560Z] SIGNAL: ema_cross LINK BULLISH
[2026-03-23T07:21:57.561Z] SIGNAL: macd_cross LINK BEARISH
[2026-03-23T07:21:57.562Z] SIGNAL: bb_squeeze_breakout LINK DOWN
[2026-03-23T07:21:57.795Z] SIGNAL: macd_cross AAVE BULLISH
[2026-03-23T07:21:57.795Z] SIGNAL: rsi_extreme AAVE RSI 76 OVERBOUGHT
[2026-03-23T07:21:58.030Z] SIGNAL: macd_cross ENA BULLISH
[2026-03-23T07:21:58.031Z] SIGNAL: rsi_extreme ENA RSI 78 OVERBOUGHT
[2026-03-23T07:21:58.265Z] SIGNAL: macd_cross kPEPE BULLISH
[2026-03-23T07:21:58.266Z] SIGNAL: rsi_extreme kPEPE RSI 76 OVERBOUGHT
[2026-03-23T07:21:58.505Z] SIGNAL: macd_cross SEI BULLISH
[2026-03-23T07:21:58.506Z] SIGNAL: rsi_extreme SEI RSI 76 OVERBOUGHT
[2026-03-23T07:21:58.775Z] SCOUT: SKIP xyz:COIN (2 signals) — RSI overbought contradicts breakout strength
[2026-03-23T07:22:00.425Z] SCOUT: SKIP xyz:ORCL (1 signals) — Single weak signal, insufficient confluence
[2026-03-23T07:22:09.916Z] SIGNAL: rsi_extreme DOGE RSI 24 OVERSOLD
[2026-03-23T07:22:53.103Z] SCOUT: SKIP BTC (3 signals) — Bearish signals contradict bullish news/sentiment
[2026-03-23T07:22:55.044Z] SIGNAL: rsi_extreme xyz:CL RSI 23 OVERSOLD
[2026-03-23T07:22:55.044Z] SIGNAL: macd_cross xyz:CL BULLISH
[2026-03-23T07:22:55.055Z] SCOUT: SKIP ETH (2 signals) — Bearish signals contradict bullish news, sentiment
[2026-03-23T07:22:55.301Z] SIGNAL: ema_cross xyz:SILVER BULLISH
[2026-03-23T07:22:56.497Z] SIGNAL: macd_cross xyz:TSLA BULLISH
[2026-03-23T07:22:56.831Z] SCOUT: SKIP HYPE (2 signals) — Contradictory signals, weak MACD conviction
[2026-03-23T07:22:56.831Z] SCOUT: SKIP SOL (1 signal, conf 64) — no confluence
[2026-03-23T07:22:56.831Z] SCOUT: SKIP xyz:CL (1 signal, conf 57) — no confluence
[2026-03-23T07:22:57.231Z] SIGNAL: macd_cross xyz:NVDA BULLISH
[2026-03-23T07:22:57.232Z] SIGNAL: rsi_extreme xyz:NVDA RSI 23 OVERSOLD
[2026-03-23T07:22:57.466Z] SIGNAL: rsi_extreme xyz:COIN RSI 90 OVERBOUGHT
[2026-03-23T07:22:57.466Z] SIGNAL: bb_squeeze_breakout xyz:COIN UP
[2026-03-23T07:22:57.714Z] SIGNAL: rsi_extreme xyz:ORCL RSI 77 OVERBOUGHT
[2026-03-23T07:22:57.714Z] SIGNAL: macd_cross xyz:ORCL BULLISH
[2026-03-23T07:22:59.058Z] SCOUT: SKIP SUI (1 signals) — Single weak signal, neutral news sentiment
[2026-03-23T07:23:00.528Z] SIGNAL: volume_spike XRP 4.0x avg
[2026-03-23T07:23:00.741Z] SCOUT: SKIP DOGE (2 signals) — Weak confirmation, low sentiment support
[2026-03-23T07:23:00.741Z] SCOUT: SKIP BNB (1 signal, conf 60) — no confluence
[2026-03-23T07:23:04.971Z] SCOUT: PASS PAXG (4 signals, 82%) — Strong bullish convergence, oversold bounce setup [analyst buf: 1]
[2026-03-23T07:23:06.752Z] SCOUT: SKIP AVAX (2 signals) — Weak signals, low confidence, conflicting setup
[2026-03-23T07:23:09.166Z] SCOUT: SKIP xyz:COIN (1 signals) — Single weak signal insufficient for trade
[2026-03-23T07:23:11.397Z] SCOUT: SKIP LINK (3 signals) — Contradictory signals, weak confidence levels
[2026-03-23T07:23:13.165Z] SCOUT: SKIP AAVE (1 signals) — Single signal insufficient for trade entry
[2026-03-23T07:23:14.500Z] SCOUT: SKIP ENA (1 signals) — Single weak signal, insufficient confirmation
[2026-03-23T07:23:15.194Z] SIGNAL: whale_trade BTC $596k BUY
[2026-03-23T07:23:16.023Z] SCOUT: SKIP kPEPE (1 signals) — Single weak signal, neutral news, insufficient
[2026-03-23T07:23:17.459Z] SCOUT: SKIP SEI (1 signals) — Single weak signal, insufficient for trade
[2026-03-23T07:23:19.111Z] ANALYST: processing 1 scout-passed signal groups
[2026-03-23T07:23:42.189Z] DECISION: HOLD PAXG — SL hit 3.8h ago same price; gold crashing macro 
[2026-03-23T07:23:42.189Z] DECISION: HOLD PAXG — At max 2/2 positions; no sentiment/whale data 
[2026-03-23T07:23:42.189Z] DECISION: HOLD PAXG — No whale data; gold macro crash actively ongoing 
[2026-03-23T07:23:51.021Z] SCOUT: SKIP xyz:CL (1 signal, conf 56) — no confluence
[2026-03-23T07:23:52.692Z] SCOUT: SKIP xyz:SILVER (1 signals) — Single weak signal insufficient for entry
[2026-03-23T07:23:52.692Z] SCOUT: SKIP xyz:TSLA (1 signal, conf 55) — no confluence
[2026-03-23T07:23:54.355Z] SCOUT: SKIP xyz:NVDA (1 signals) — Single weak signal insufficient for trade
[2026-03-23T07:23:55.021Z] SIGNAL: ema_cross xyz:CL BEARISH
[2026-03-23T07:23:55.279Z] SIGNAL: rsi_extreme xyz:SILVER RSI 75 OVERBOUGHT
[2026-03-23T07:23:55.279Z] SIGNAL: vwap_deviation xyz:SILVER ABOVE
[2026-03-23T07:23:55.279Z] SIGNAL: macd_cross xyz:SILVER BEARISH
[2026-03-23T07:23:55.531Z] SIGNAL: macd_cross xyz:BRENTOIL BEARISH
[2026-03-23T07:23:55.787Z] SIGNAL: rsi_extreme xyz:GOLD RSI 78 OVERBOUGHT
[2026-03-23T07:23:55.787Z] SIGNAL: macd_cross xyz:GOLD BULLISH
[2026-03-23T07:23:55.787Z] SIGNAL: vwap_deviation xyz:GOLD ABOVE
[2026-03-23T07:23:55.787Z] SIGNAL: ema_cross xyz:GOLD BULLISH
[2026-03-23T07:23:56.049Z] SIGNAL: rsi_extreme xyz:NATGAS RSI 18 OVERSOLD
[2026-03-23T07:23:56.566Z] SIGNAL: rsi_extreme xyz:TSLA RSI 25 OVERSOLD
[2026-03-23T07:23:56.846Z] SCOUT: SKIP xyz:COIN (2 signals) — Overbought RSI contradicts breakout momentum
[2026-03-23T07:23:56.846Z] SCOUT: SKIP xyz:ORCL (1 signal, conf 64) — no confluence
[2026-03-23T07:23:56.883Z] SIGNAL: volume_spike DOGE 4.0x avg
[2026-03-23T07:23:57.008Z] SIGNAL: macd_cross xyz:HOOD BULLISH
[2026-03-23T07:23:57.008Z] SIGNAL: rsi_extreme xyz:HOOD RSI 22 OVERSOLD
[2026-03-23T07:23:57.492Z] SIGNAL: macd_cross xyz:COIN BULLISH
[2026-03-23T07:24:24.103Z] SIGNAL: vwap_deviation PAXG BELOW
[2026-03-23T07:24:24.647Z] SIGNAL: macd_cross AAVE BEARISH
[2026-03-23T07:24:33.482Z] SIGNAL: macd_cross HYPE BEARISH
[2026-03-23T07:24:50.813Z] SCOUT: SKIP xyz:CL (1 signal, conf 59) — no confluence
[2026-03-23T07:24:52.593Z] SCOUT: SKIP xyz:SILVER (2 signals) — Contradictory signals, weak confluence
[2026-03-23T07:24:52.593Z] SCOUT: SKIP xyz:BRENTOIL (1 signal, conf 56) — no confluence
[2026-03-23T07:24:54.059Z] SCOUT: PASS xyz:GOLD (3 signals, 88%) — Strong bullish convergence, EMA cross confirms [analyst buf: 1]
[2026-03-23T07:24:55.549Z] SIGNAL: rsi_extreme xyz:BRENTOIL RSI 24 OVERSOLD
[2026-03-23T07:24:56.012Z] SCOUT: SKIP xyz:NATGAS (1 signals) — Single oversold signal insufficient confirmation
[2026-03-23T07:24:56.012Z] SCOUT: SKIP xyz:HOOD (1 signal, conf 62) — no confluence
[2026-03-23T07:24:56.562Z] SIGNAL: macd_cross xyz:TSLA BULLISH
[2026-03-23T07:24:57.614Z] SIGNAL: rsi_extreme xyz:COIN RSI 83 OVERBOUGHT
[2026-03-23T07:24:57.614Z] SIGNAL: ema_cross xyz:COIN BULLISH
[2026-03-23T07:24:57.615Z] SIGNAL: bb_squeeze_breakout xyz:COIN UP
[2026-03-23T07:24:57.874Z] SIGNAL: macd_cross xyz:ORCL BULLISH
[2026-03-23T07:24:57.875Z] SIGNAL: rsi_extreme xyz:ORCL RSI 80 OVERBOUGHT
[2026-03-23T07:24:57.888Z] SCOUT: SKIP xyz:COIN (1 signals) — Single signal insufficient for trade entry
[2026-03-23T07:24:57.888Z] SCOUT: SKIP PAXG (1 signal, conf 55) — no confluence
[2026-03-23T07:24:57.888Z] SCOUT: SKIP AAVE (1 signal, conf 57) — no confluence
[2026-03-23T07:24:57.888Z] SCOUT: SKIP HYPE (1 signal, conf 55) — no confluence
[2026-03-23T07:24:58.736Z] SIGNAL: rsi_extreme PAXG RSI 25 OVERSOLD
[2026-03-23T07:25:08.669Z] SIGNAL: rsi_extreme kPEPE RSI 24 OVERSOLD
[2026-03-23T07:25:50.864Z] SCOUT: SKIP xyz:TSLA (1 signal, conf 56) — no confluence
[2026-03-23T07:25:53.414Z] SCOUT: SKIP xyz:COIN (3 signals) — RSI overbought contradicts bullish signals
[2026-03-23T07:25:55.000Z] SIGNAL: macd_cross xyz:CL BEARISH
[2026-03-23T07:25:55.000Z] SIGNAL: rsi_extreme xyz:CL RSI 24 OVERSOLD
[2026-03-23T07:25:55.054Z] SCOUT: SKIP xyz:ORCL (2 signals) — Bullish signal contradicted by overbought RSI
[2026-03-23T07:25:55.257Z] SIGNAL: ema_cross xyz:SILVER BULLISH
[2026-03-23T07:25:55.575Z] SIGNAL: macd_cross xyz:BRENTOIL BEARISH
[2026-03-23T07:25:55.934Z] SIGNAL: rsi_extreme xyz:GOLD RSI 82 OVERBOUGHT
[2026-03-23T07:25:55.934Z] SIGNAL: vwap_deviation xyz:GOLD ABOVE
[2026-03-23T07:25:55.936Z] SIGNAL: macd_cross xyz:GOLD BULLISH
[2026-03-23T07:25:56.212Z] SIGNAL: rsi_extreme xyz:NATGAS RSI 17 OVERSOLD
[2026-03-23T07:25:56.772Z] SIGNAL: rsi_extreme xyz:TSLA RSI 78 OVERBOUGHT
[2026-03-23T07:25:57.050Z] SIGNAL: macd_cross xyz:HOOD BULLISH
[2026-03-23T07:25:57.051Z] SIGNAL: rsi_extreme xyz:HOOD RSI 76 OVERBOUGHT
[2026-03-23T07:25:57.288Z] SIGNAL: macd_cross xyz:NVDA BULLISH
[2026-03-23T07:25:57.289Z] SIGNAL: rsi_extreme xyz:NVDA RSI 25 OVERSOLD
[2026-03-23T07:25:57.726Z] SIGNAL: macd_cross xyz:COIN BULLISH
[2026-03-23T07:26:19.111Z] ANALYST: processing 1 scout-passed signal groups
[2026-03-23T07:26:52.190Z] SCOUT: SKIP xyz:CL (1 signals) — Single weak bearish signal insufficient
[2026-03-23T07:26:53.740Z] SCOUT: SKIP xyz:SILVER (1 signals) — Single weak signal insufficient for trade
[2026-03-23T07:26:53.740Z] SCOUT: SKIP xyz:BRENTOIL (1 signal, conf 64) — no confluence
[2026-03-23T07:26:54.309Z] STATUS: 26 coins | WS: OK | Positions: 3 | Tokens: $5.44 (54.4%)
[2026-03-23T07:26:54.341Z] SIGNAL: macd_cross BTC BEARISH
[2026-03-23T07:26:54.342Z] SIGNAL: rsi_extreme BTC RSI 80 OVERBOUGHT
[2026-03-23T07:26:54.342Z] SIGNAL: ema_cross BTC BEARISH
[2026-03-23T07:26:54.342Z] SIGNAL: bb_squeeze_breakout BTC DOWN
[2026-03-23T07:26:54.577Z] SIGNAL: macd_cross ETH BEARISH
[2026-03-23T07:26:54.578Z] SIGNAL: rsi_extreme ETH RSI 78 OVERBOUGHT
[2026-03-23T07:26:54.578Z] SIGNAL: bb_squeeze_breakout ETH DOWN
[2026-03-23T07:26:54.812Z] SIGNAL: macd_cross HYPE BULLISH
[2026-03-23T07:26:54.815Z] SIGNAL: rsi_extreme HYPE RSI 23 OVERSOLD
[2026-03-23T07:26:54.998Z] SIGNAL: ema_cross xyz:CL BEARISH
[2026-03-23T07:26:54.998Z] SIGNAL: bb_squeeze_breakout xyz:CL DOWN
[2026-03-23T07:26:55.129Z] SIGNAL: rsi_extreme SOL RSI 77 OVERBOUGHT
[2026-03-23T07:26:55.130Z] SIGNAL: bb_squeeze_breakout SOL DOWN
[2026-03-23T07:26:55.265Z] SIGNAL: macd_cross xyz:SILVER BULLISH
[2026-03-23T07:26:55.267Z] SIGNAL: rsi_extreme xyz:SILVER RSI 20 OVERSOLD
[2026-03-23T07:26:55.273Z] DECISION: HOLD xyz:GOLD — Positions full; no sentiment/whale data present 
[2026-03-23T07:26:55.273Z] DECISION: HOLD xyz:GOLD — No whale data; macro bear trend contra-signal 
[2026-03-23T07:26:55.273Z] DECISION: HOLD xyz:GOLD — Gold -5% today; VWAP weak; PAXG SL recent 
[2026-03-23T07:26:55.367Z] SIGNAL: macd_cross XRP BULLISH
[2026-03-23T07:26:55.368Z] SIGNAL: rsi_extreme XRP RSI 78 OVERBOUGHT
[2026-03-23T07:26:55.420Z] SCOUT: SKIP xyz:GOLD (3 signals) — RSI overbought contradicts bullish signals
[2026-03-23T07:26:55.609Z] SIGNAL: macd_cross SUI BULLISH
[2026-03-23T07:26:55.610Z] SIGNAL: rsi_extreme SUI RSI 77 OVERBOUGHT
[2026-03-23T07:26:55.843Z] SIGNAL: macd_cross DOGE BULLISH
[2026-03-23T07:26:56.143Z] SIGNAL: rsi_extreme BNB RSI 79 OVERBOUGHT
[2026-03-23T07:26:56.144Z] SIGNAL: bb_squeeze_breakout BNB DOWN
[2026-03-23T07:26:56.226Z] SIGNAL: macd_cross xyz:COPPER BULLISH
[2026-03-23T07:26:56.378Z] SIGNAL: macd_cross PAXG BULLISH
[2026-03-23T07:26:56.380Z] SIGNAL: ema_cross PAXG BEARISH
[2026-03-23T07:26:56.380Z] SIGNAL: vwap_deviation PAXG BELOW
[2026-03-23T07:26:56.613Z] SIGNAL: macd_cross AVAX BULLISH
[2026-03-23T07:26:56.613Z] SIGNAL: rsi_extreme AVAX RSI 79 OVERBOUGHT
[2026-03-23T07:26:56.614Z] SIGNAL: bb_squeeze_breakout AVAX DOWN
[2026-03-23T07:26:56.847Z] SIGNAL: macd_cross LINK BULLISH
[2026-03-23T07:26:56.848Z] SIGNAL: ema_cross LINK BULLISH
[2026-03-23T07:26:56.848Z] SIGNAL: rsi_extreme LINK RSI 80 OVERBOUGHT
[2026-03-23T07:26:56.849Z] SIGNAL: bb_squeeze_breakout LINK DOWN
[2026-03-23T07:26:56.929Z] SIGNAL: ema_cross xyz:NVDA BULLISH
[2026-03-23T07:26:57.084Z] SIGNAL: macd_cross AAVE BULLISH
[2026-03-23T07:26:57.085Z] SIGNAL: rsi_extreme AAVE RSI 76 OVERBOUGHT
[2026-03-23T07:26:57.352Z] SIGNAL: macd_cross ENA BULLISH
[2026-03-23T07:26:57.352Z] SIGNAL: ema_cross ENA BULLISH
[2026-03-23T07:26:57.353Z] SIGNAL: rsi_extreme ENA RSI 78 OVERBOUGHT
[2026-03-23T07:26:57.587Z] SIGNAL: macd_cross kPEPE BULLISH
[2026-03-23T07:26:57.822Z] SIGNAL: macd_cross SEI BULLISH
[2026-03-23T07:26:57.824Z] SIGNAL: rsi_extreme SEI RSI 76 OVERBOUGHT
[2026-03-23T07:27:00.947Z] SCOUT: SKIP xyz:NATGAS (1 signals) — Single oversold RSI signal insufficient
[2026-03-23T07:27:02.812Z] SCOUT: SKIP xyz:HOOD (1 signals) — Single weak signal insufficient for trade
[2026-03-23T07:27:04.465Z] SCOUT: SKIP xyz:NVDA (1 signals) — Single signal insufficient for trade entry
[2026-03-23T07:27:06.808Z] SCOUT: SKIP xyz:COIN (1 signals) — Single signal insufficient for trade entry
[2026-03-23T07:27:41.158Z] SIGNAL: rsi_extreme PAXG RSI 24 OVERSOLD
[2026-03-23T07:27:52.940Z] SCOUT: SKIP BTC (3 signals) — Technical bearish vs fundamental bullish conflict
[2026-03-23T07:27:54.472Z] SCOUT: SKIP ETH (2 signals) — Bearish signals contradict bullish news sentiment
[2026-03-23T07:27:55.003Z] SIGNAL: rsi_extreme xyz:CL RSI 22 OVERSOLD
[2026-03-23T07:27:55.003Z] SIGNAL: macd_cross xyz:CL BEARISH
[2026-03-23T07:27:55.285Z] SIGNAL: ema_cross xyz:SILVER BULLISH
[2026-03-23T07:27:55.556Z] SIGNAL: rsi_extreme xyz:BRENTOIL RSI 25 OVERSOLD
[2026-03-23T07:27:55.813Z] SIGNAL: ema_cross xyz:GOLD BEARISH
[2026-03-23T07:27:56.337Z] SCOUT: SKIP HYPE (1 signals) — Single weak signal insufficient for trade
[2026-03-23T07:27:56.628Z] SIGNAL: macd_cross xyz:TSLA BULLISH
[2026-03-23T07:27:57.441Z] SIGNAL: rsi_extreme xyz:COIN RSI 85 OVERBOUGHT
[2026-03-23T07:27:57.442Z] SIGNAL: ema_cross xyz:COIN BULLISH
[2026-03-23T07:27:57.442Z] SIGNAL: bb_squeeze_breakout xyz:COIN UP
[2026-03-23T07:27:57.678Z] SIGNAL: macd_cross xyz:ORCL BULLISH
[2026-03-23T07:27:57.679Z] SIGNAL: rsi_extreme xyz:ORCL RSI 80 OVERBOUGHT
[2026-03-23T07:27:58.260Z] SCOUT: SKIP xyz:CL (2 signals) — Weak bearish signals, low confidence threshold
[2026-03-23T07:27:58.260Z] SCOUT: SKIP SOL (1 signal, conf 64) — no confluence
[2026-03-23T07:27:59.670Z] SCOUT: SKIP xyz:SILVER (1 signals) — Single weak signal insufficient for trade
[2026-03-23T07:28:01.152Z] SCOUT: SKIP XRP (1 signals) — Single signal insufficient for trade entry
[2026-03-23T07:28:03.045Z] SCOUT: SKIP SUI (1 signals) — Single weak signal, insufficient confirmation
[2026-03-23T07:28:03.053Z] WebSocket disconnected
[2026-03-23T07:28:04.511Z] WebSocket connected
[2026-03-23T07:28:04.644Z] SCOUT: SKIP DOGE (1 signals) — Single signal insufficient, neutral sentiment
[2026-03-23T07:28:04.644Z] SCOUT: SKIP BNB (1 signal, conf 60) — no confluence
[2026-03-23T07:28:04.644Z] SCOUT: SKIP xyz:COPPER (1 signal, conf 58) — no confluence
[2026-03-23T07:28:05.388Z] SIGNAL: volume_spike SEI 4.9x avg
[2026-03-23T07:28:05.388Z] FILL: Close Long AAVE 0.71@105.8 PnL=-0.3692
[2026-03-23T07:28:05.388Z] FILL: Open Short xyz:BRENTOIL 0.69@108.11 PnL=0.0
[2026-03-23T07:28:05.388Z] FILL: Open Long SUI 71.7@0.90697 PnL=0.0
[2026-03-23T07:28:05.388Z] FILL: Close Short xyz:BRENTOIL 0.69@106.71 PnL=0.966
[2026-03-23T07:28:05.388Z] FILL: Close Long AVAX 6.7@9.0788 PnL=0.85894
[2026-03-23T07:28:05.388Z] FILL: Open Long xyz:BRENTOIL 0.71@106.34 PnL=0.0
[2026-03-23T07:28:05.388Z] FILL: Close Long SUI 71.7@0.90352 PnL=-0.247365
[2026-03-23T07:28:05.388Z] FILL: Open Short xyz:ORCL 0.504@148.07 PnL=0.0
[2026-03-23T07:28:05.388Z] FILL: Open Long xyz:GOLD 0.0024@4436.0 PnL=0.0
[2026-03-23T07:28:05.388Z] FILL: Open Long xyz:GOLD 0.0145@4436.0 PnL=0.0
[2026-03-23T07:28:05.388Z] FILL: Close Short LINK 8.2@8.6842 PnL=3.5588
[2026-03-23T07:28:05.388Z] FILL: Close Long xyz:BRENTOIL 0.71@106.91 PnL=0.4047
[2026-03-23T07:28:05.388Z] FILL: Close Long xyz:GOLD 0.0169@4364.0 PnL=-1.2168
[2026-03-23T07:28:05.388Z] FILL: Open Long xyz:GOLD 0.004@4347.3 PnL=0.0
[2026-03-23T07:28:05.388Z] FILL: Open Long xyz:GOLD 0.0031@4347.3 PnL=0.0
[2026-03-23T07:28:05.388Z] FILL: Open Long xyz:GOLD 0.0102@4348.0 PnL=0.0
[2026-03-23T07:28:05.388Z] FILL: Close Long xyz:GOLD 0.0173@4405.0 PnL=0.991117
[2026-03-23T07:28:05.388Z] FILL: Close Short xyz:ORCL 0.504@148.61 PnL=-0.27216
[2026-03-23T07:28:05.388Z] FILL: Open Short xyz:COPPER 14.07@5.331 PnL=0.0
[2026-03-23T07:28:05.388Z] FILL: Open Short xyz:COIN 0.391@191.98 PnL=0.0
[2026-03-23T07:28:05.388Z] FILL: Open Long PAXG 0.017@4420.5 PnL=0.0
[2026-03-23T07:28:05.388Z] FILL: Close Short xyz:COPPER 14.07@5.3139 PnL=0.240597
[2026-03-23T07:28:05.388Z] FILL: Close Short xyz:COIN 0.391@193.18 PnL=-0.4692
[2026-03-23T07:28:05.388Z] FILL: Close Long PAXG 0.017@4353.4 PnL=-1.1407
[2026-03-23T07:28:05.388Z] FILL: Open Short SEI 1242.0@0.060402 PnL=0.0
[2026-03-23T07:28:05.388Z] FILL: Open Short AVAX 8.23@9.11 PnL=0.0
[2026-03-23T07:28:05.388Z] FILL: Open Short AAVE 0.7@107.31 PnL=0.0
[2026-03-23T07:28:05.388Z] FILL: Close Short SEI 1242.0@0.060312 PnL=0.11178
[2026-03-23T07:28:05.388Z] FILL: Close Short AVAX 8.23@9.1526 PnL=-0.350598
[2026-03-23T07:28:05.388Z] FILL: Close Short AAVE 0.7@107.05 PnL=0.182
[2026-03-23T07:28:07.315Z] SCOUT: SKIP PAXG (3 signals) — Contradictory signals, bearish EMA conflicts
[2026-03-23T07:28:08.977Z] SCOUT: SKIP AVAX (2 signals) — Contradictory signals, weak conviction
[2026-03-23T07:28:10.544Z] SCOUT: SKIP LINK (3 signals) — Conflicting signals, weak consensus
[2026-03-23T07:28:10.544Z] SCOUT: SKIP xyz:NVDA (1 signal, conf 56) — no confluence
[2026-03-23T07:28:12.397Z] SCOUT: SKIP AAVE (1 signals) — Single signal insufficient for trade entry
[2026-03-23T07:28:14.464Z] SCOUT: SKIP ENA (2 signals) — Single strong signal insufficient without confirmation
[2026-03-23T07:28:16.001Z] SCOUT: SKIP kPEPE (1 signals) — Single weak signal, insufficient confluence
[2026-03-23T07:28:17.576Z] SCOUT: SKIP SEI (1 signals) — Single weak signal, insufficient confluence
[2026-03-23T07:28:18.632Z] SIGNAL: volume_spike AAVE 4.0x avg
[2026-03-23T07:28:32.686Z] SIGNAL: volume_spike ENA 4.2x avg
[2026-03-23T07:28:37.965Z] SIGNAL: rsi_extreme DOGE RSI 25 OVERSOLD
[2026-03-23T07:28:52.313Z] SCOUT: SKIP xyz:CL (1 signals) — Single weak signal, insufficient confirmation
[2026-03-23T07:28:53.801Z] SCOUT: SKIP xyz:SILVER (1 signals) — Single weak signal insufficient for trade
[2026-03-23T07:28:53.801Z] SCOUT: SKIP xyz:GOLD (1 signal, conf 63) — no confluence
[2026-03-23T07:28:53.801Z] SCOUT: SKIP xyz:TSLA (1 signal, conf 62) — no confluence
[2026-03-23T07:28:54.999Z] SIGNAL: ema_cross xyz:CL BEARISH
[2026-03-23T07:28:54.999Z] SIGNAL: bb_squeeze_breakout xyz:CL DOWN
[2026-03-23T07:28:55.366Z] SIGNAL: macd_cross xyz:SILVER BEARISH
[2026-03-23T07:28:55.367Z] SIGNAL: rsi_extreme xyz:SILVER RSI 20 OVERSOLD
[2026-03-23T07:28:55.494Z] SCOUT: SKIP xyz:COIN (3 signals) — RSI overbought contradicts bullish signals
[2026-03-23T07:28:55.641Z] SIGNAL: macd_cross xyz:BRENTOIL BEARISH
[2026-03-23T07:28:55.886Z] SIGNAL: rsi_extreme xyz:GOLD RSI 79 OVERBOUGHT
[2026-03-23T07:28:55.886Z] SIGNAL: macd_cross xyz:GOLD BEARISH
[2026-03-23T07:28:56.132Z] SIGNAL: rsi_extreme xyz:NATGAS RSI 17 OVERSOLD
[2026-03-23T07:28:56.132Z] SIGNAL: ema_cross xyz:NATGAS BEARISH
[2026-03-23T07:28:56.132Z] SIGNAL: macd_cross xyz:NATGAS BEARISH
[2026-03-23T07:28:56.613Z] SIGNAL: rsi_extreme xyz:TSLA RSI 78 OVERBOUGHT
[2026-03-23T07:28:56.858Z] SIGNAL: macd_cross xyz:HOOD BULLISH
[2026-03-23T07:28:56.860Z] SIGNAL: rsi_extreme xyz:HOOD RSI 76 OVERBOUGHT
[2026-03-23T07:28:57.092Z] SIGNAL: macd_cross xyz:NVDA BULLISH
[2026-03-23T07:28:57.093Z] SIGNAL: rsi_extreme xyz:NVDA RSI 23 OVERSOLD
[2026-03-23T07:28:57.227Z] SCOUT: SKIP xyz:ORCL (2 signals) — Bullish signal contradicted by overbought RSI
[2026-03-23T07:28:57.414Z] SIGNAL: macd_cross xyz:COIN BEARISH
[2026-03-23T07:28:57.863Z] SIGNAL: macd_cross PAXG BULLISH
[2026-03-23T07:29:01.593Z] SIGNAL: volume_spike BNB 4.0x avg
[2026-03-23T07:29:09.678Z] SIGNAL: vwap_deviation PAXG BELOW
[2026-03-23T07:29:17.393Z] SIGNAL: rsi_extreme XRP RSI 22 OVERSOLD
[2026-03-23T07:29:17.852Z] SIGNAL: rsi_extreme SUI RSI 25 OVERSOLD
[2026-03-23T07:29:30.384Z] SIGNAL: rsi_extreme BNB RSI 24 OVERSOLD
[2026-03-23T07:29:38.424Z] SIGNAL: rsi_extreme AVAX RSI 25 OVERSOLD
[2026-03-23T07:29:53.198Z] SCOUT: SKIP xyz:CL (2 signals) — Aligned bearish signals but insufficient strength
[2026-03-23T07:29:54.635Z] SCOUT: SKIP xyz:SILVER (1 signals) — Single weak signal, insufficient confirmation
[2026-03-23T07:29:55.285Z] SIGNAL: ema_cross xyz:SILVER BULLISH
[2026-03-23T07:29:55.805Z] SIGNAL: bb_squeeze_breakout xyz:GOLD UP
[2026-03-23T07:29:55.970Z] SCOUT: SKIP xyz:BRENTOIL (1 signals) — Single weak bearish signal insufficient
[2026-03-23T07:29:55.970Z] SCOUT: SKIP xyz:GOLD (1 signal, conf 59) — no confluence
[2026-03-23T07:29:57.533Z] SCOUT: SKIP xyz:NATGAS (3 signals) — Oversold RSI contradicted by weak EMA signal
[2026-03-23T07:29:59.239Z] SCOUT: SKIP xyz:HOOD (1 signals) — Single signal insufficient for trade entry
[2026-03-23T07:30:01.638Z] SCOUT: SKIP xyz:NVDA (1 signals) — Single signal insufficient for trade entry
[2026-03-23T07:30:01.638Z] SCOUT: SKIP xyz:COIN (1 signal, conf 60) — no confluence
[2026-03-23T07:30:03.817Z] SCOUT: SKIP PAXG (2 signals) — Contradictory signals, weak confidence levels
[2026-03-23T07:30:13.804Z] SIGNAL: rsi_extreme kPEPE RSI 23 OVERSOLD
[2026-03-23T07:30:51.026Z] SCOUT: SKIP xyz:SILVER (1 signal, conf 62) — no confluence
[2026-03-23T07:30:53.096Z] SIGNAL: price_breakout xyz:NVDA DOWN
[2026-03-23T07:30:53.439Z] SCOUT: SKIP xyz:GOLD (1 signals) — Single weak signal, insufficient confirmation
[2026-03-23T07:30:55.077Z] SIGNAL: rsi_extreme xyz:CL RSI 22 OVERSOLD
[2026-03-23T07:30:55.077Z] SIGNAL: macd_cross xyz:CL BEARISH
[2026-03-23T07:30:55.077Z] SIGNAL: ema_cross xyz:CL BEARISH
[2026-03-23T07:30:55.077Z] SIGNAL: bb_squeeze_breakout xyz:CL DOWN
[2026-03-23T07:30:55.622Z] SIGNAL: rsi_extreme xyz:BRENTOIL RSI 24 OVERSOLD
[2026-03-23T07:30:55.622Z] SIGNAL: ema_cross xyz:BRENTOIL BEARISH
[2026-03-23T07:30:55.878Z] SIGNAL: ema_cross xyz:GOLD BULLISH
[2026-03-23T07:30:56.702Z] SIGNAL: macd_cross xyz:TSLA BULLISH
[2026-03-23T07:30:56.704Z] SIGNAL: rsi_extreme xyz:TSLA RSI 78 OVERBOUGHT
[2026-03-23T07:30:56.952Z] SIGNAL: macd_cross xyz:HOOD BULLISH
[2026-03-23T07:30:56.953Z] SIGNAL: rsi_extreme xyz:HOOD RSI 76 OVERBOUGHT
[2026-03-23T07:30:57.241Z] SIGNAL: macd_cross xyz:NVDA BULLISH
[2026-03-23T07:30:57.243Z] SIGNAL: rsi_extreme xyz:NVDA RSI 23 OVERSOLD
[2026-03-23T07:30:57.739Z] SIGNAL: rsi_extreme xyz:COIN RSI 84 OVERBOUGHT
[2026-03-23T07:30:57.739Z] SIGNAL: ema_cross xyz:COIN BULLISH
[2026-03-23T07:30:57.739Z] SIGNAL: macd_cross xyz:COIN BULLISH
[2026-03-23T07:30:57.974Z] SIGNAL: macd_cross xyz:ORCL BULLISH
[2026-03-23T07:30:57.974Z] SIGNAL: rsi_extreme xyz:ORCL RSI 81 OVERBOUGHT
[2026-03-23T07:31:52.736Z] SCOUT: SKIP xyz:NVDA (2 signals) — Contradictory signals, conflicting directions
[2026-03-23T07:31:53.253Z] SIGNAL: macd_cross AVAX BULLISH
[2026-03-23T07:31:54.213Z] SIGNAL: macd_cross BTC BEARISH
[2026-03-23T07:31:54.214Z] SIGNAL: rsi_extreme BTC RSI 80 OVERBOUGHT
[2026-03-23T07:31:54.215Z] SIGNAL: ema_cross BTC BEARISH
[2026-03-23T07:31:54.215Z] SIGNAL: bb_squeeze_breakout BTC DOWN
[2026-03-23T07:31:54.308Z] STATUS: 26 coins | WS: OK | Positions: 3 | Tokens: $5.50 (55.0%)
[2026-03-23T07:31:54.453Z] SIGNAL: ema_cross ETH BULLISH
[2026-03-23T07:31:54.454Z] SIGNAL: rsi_extreme ETH RSI 78 OVERBOUGHT
[2026-03-23T07:31:54.454Z] SIGNAL: bb_squeeze_breakout ETH DOWN
[2026-03-23T07:31:54.454Z] SIGNAL: macd_cross ETH BULLISH
[2026-03-23T07:31:54.730Z] SIGNAL: macd_cross HYPE BULLISH
[2026-03-23T07:31:54.731Z] SIGNAL: rsi_extreme HYPE RSI 23 OVERSOLD
[2026-03-23T07:31:54.836Z] SCOUT: PASS xyz:CL (3 signals, 77%) — Strong bearish consensus, high confidence alignment [analyst buf: 1]
[2026-03-23T07:31:54.836Z] SCOUT: SKIP xyz:BRENTOIL (1 signal, conf 64) — no confluence
[2026-03-23T07:31:54.836Z] SCOUT: SKIP xyz:GOLD (1 signal, conf 61) — no confluence
[2026-03-23T07:31:55.380Z] SIGNAL: macd_cross SOL BEARISH
[2026-03-23T07:31:55.381Z] SIGNAL: rsi_extreme SOL RSI 75 OVERBOUGHT
[2026-03-23T07:31:55.382Z] SIGNAL: bb_squeeze_breakout SOL DOWN
[2026-03-23T07:31:55.668Z] SIGNAL: macd_cross XRP BEARISH
[2026-03-23T07:31:55.669Z] SIGNAL: rsi_extreme XRP RSI 75 OVERBOUGHT
[2026-03-23T07:31:55.767Z] SIGNAL: macd_cross xyz:SILVER BEARISH
[2026-03-23T07:31:55.768Z] SIGNAL: ema_cross xyz:SILVER BEARISH
[2026-03-23T07:31:55.768Z] SIGNAL: rsi_extreme xyz:SILVER RSI 20 OVERSOLD
[2026-03-23T07:31:56.023Z] SIGNAL: macd_cross SUI BEARISH
[2026-03-23T07:31:56.024Z] SIGNAL: rsi_extreme SUI RSI 78 OVERBOUGHT
[2026-03-23T07:31:56.025Z] SIGNAL: macd_cross xyz:BRENTOIL BEARISH
[2026-03-23T07:31:56.263Z] SIGNAL: rsi_extreme xyz:GOLD RSI 83 OVERBOUGHT
[2026-03-23T07:31:56.263Z] SIGNAL: bb_squeeze_breakout xyz:GOLD UP
[2026-03-23T07:31:56.263Z] SIGNAL: macd_cross xyz:GOLD BEARISH
[2026-03-23T07:31:56.281Z] SIGNAL: macd_cross DOGE BULLISH
[2026-03-23T07:31:56.281Z] SIGNAL: ema_cross DOGE BULLISH
[2026-03-23T07:31:56.517Z] SIGNAL: rsi_extreme xyz:NATGAS RSI 17 OVERSOLD
[2026-03-23T07:31:56.517Z] SIGNAL: macd_cross xyz:NATGAS BEARISH
[2026-03-23T07:31:56.550Z] SIGNAL: macd_cross BNB BEARISH
[2026-03-23T07:31:56.550Z] SIGNAL: rsi_extreme BNB RSI 80 OVERBOUGHT
[2026-03-23T07:31:56.551Z] SIGNAL: bb_squeeze_breakout BNB DOWN
[2026-03-23T07:31:56.783Z] SIGNAL: rsi_extreme PAXG RSI 77 OVERBOUGHT
[2026-03-23T07:31:56.783Z] SIGNAL: vwap_deviation PAXG ABOVE
[2026-03-23T07:31:56.784Z] SIGNAL: ema_cross PAXG BEARISH
[2026-03-23T07:31:56.785Z] SIGNAL: macd_cross PAXG BULLISH
[2026-03-23T07:31:57.116Z] SIGNAL: rsi_extreme AVAX RSI 80 OVERBOUGHT
[2026-03-23T07:31:57.117Z] SIGNAL: bb_squeeze_breakout AVAX DOWN
[2026-03-23T07:31:57.350Z] SIGNAL: ema_cross LINK BULLISH
[2026-03-23T07:31:57.350Z] SIGNAL: rsi_extreme LINK RSI 80 OVERBOUGHT
[2026-03-23T07:31:57.351Z] SIGNAL: bb_squeeze_breakout LINK DOWN
[2026-03-23T07:31:57.585Z] SIGNAL: ema_cross AAVE BULLISH
[2026-03-23T07:31:57.585Z] SIGNAL: macd_cross AAVE BEARISH
[2026-03-23T07:31:57.585Z] SIGNAL: rsi_extreme AAVE RSI 77 OVERBOUGHT
[2026-03-23T07:31:57.820Z] SIGNAL: macd_cross ENA BULLISH
[2026-03-23T07:31:57.820Z] SIGNAL: ema_cross ENA BULLISH
[2026-03-23T07:31:57.820Z] SIGNAL: rsi_extreme ENA RSI 79 OVERBOUGHT
[2026-03-23T07:31:58.057Z] SIGNAL: macd_cross kPEPE BEARISH
[2026-03-23T07:31:58.065Z] SCOUT: SKIP xyz:TSLA (1 signals) — Single weak signal, insufficient confluence
[2026-03-23T07:31:58.546Z] SIGNAL: macd_cross SEI BULLISH
[2026-03-23T07:31:58.547Z] SIGNAL: rsi_extreme SEI RSI 76 OVERBOUGHT
[2026-03-23T07:31:59.568Z] SCOUT: SKIP xyz:HOOD (1 signals) — Single signal insufficient for trade entry
[2026-03-23T07:32:01.361Z] SCOUT: SKIP xyz:COIN (3 signals) — RSI overbought contradicts bullish momentum signals
[2026-03-23T07:32:03.055Z] SCOUT: SKIP xyz:ORCL (2 signals) — Bullish cross contradicted by overbought RSI
[2026-03-23T07:32:19.111Z] ANALYST: processing 1 scout-passed signal groups
[2026-03-23T07:32:41.779Z] SIGNAL: rsi_extreme kPEPE RSI 25 OVERSOLD
[2026-03-23T07:32:48.478Z] DECISION: HOLD xyz:CL — Strategy full 2/2; tech weight too low for signal 
[2026-03-23T07:32:48.478Z] DECISION: HOLD xyz:CL — No whale data; dominant 55% weight unconfirmed 
[2026-03-23T07:32:48.478Z] DECISION: [Scalping-v2] RISK_BLOCKED xyz:CL — Confidence 61% < 70% 
[2026-03-23T07:32:52.906Z] SCOUT: SKIP AVAX (2 signals) — Contradictory signals, weak confidence levels
[2026-03-23T07:32:56.062Z] SIGNAL: ema_cross xyz:GOLD BULLISH
[2026-03-23T07:32:56.342Z] SCOUT: SKIP BTC (3 signals) — Technical bearish signals contradict bullish sentiment
[2026-03-23T07:32:56.794Z] SIGNAL: rsi_extreme xyz:TSLA RSI 78 OVERBOUGHT
[2026-03-23T07:32:57.028Z] SIGNAL: rsi_extreme xyz:HOOD RSI 76 OVERBOUGHT
[2026-03-23T07:32:57.262Z] SIGNAL: rsi_extreme xyz:NVDA RSI 23 OVERSOLD
[2026-03-23T07:32:58.036Z] SCOUT: SKIP ETH (3 signals) — Contradictory signals, weak confidence spread
[2026-03-23T07:32:59.460Z] SCOUT: SKIP HYPE (1 signals) — Single weak signal, insufficient confluence
[2026-03-23T07:33:01.428Z] SCOUT: SKIP SOL (2 signals) — Weak bearish signals, insufficient conviction
[2026-03-23T07:33:01.428Z] SCOUT: SKIP XRP (1 signal, conf 59) — no confluence
[2026-03-23T07:33:03.123Z] SCOUT: SKIP xyz:SILVER (2 signals) — Single weak signal, insufficient confluence
[2026-03-23T07:33:04.721Z] SCOUT: SKIP SUI (1 signals) — Single weak signal, insufficient confirmation
[2026-03-23T07:33:06.326Z] SCOUT: SKIP xyz:BRENTOIL (1 signals) — Single bearish signal insufficient conviction
[2026-03-23T07:33:07.789Z] SCOUT: SKIP xyz:GOLD (3 signals) — Overbought RSI conflicts with breakout strength
[2026-03-23T07:33:09.519Z] SCOUT: SKIP DOGE (2 signals) — Weak EMA signal, neutral sentiment headwind
[2026-03-23T07:33:11.313Z] SCOUT: SKIP xyz:NATGAS (2 signals) — Contradictory signals: oversold vs bearish momentum
[2026-03-23T07:33:14.351Z] SCOUT: SKIP BNB (2 signals) — Contradictory signals, weak confidence
[2026-03-23T07:33:15.762Z] SCOUT: SKIP PAXG (3 signals) — Contradictory signals, mixed direction unclear
[2026-03-23T07:33:21.539Z] SCOUT: SKIP LINK (3 signals) — Contradictory signals, overbought conditions
[2026-03-23T07:33:23.084Z] SCOUT: SKIP AAVE (2 signals) — Contradictory signals, weak confidence levels
[2026-03-23T07:33:25.318Z] SCOUT: SKIP ENA (2 signals) — Single strong signal insufficient without confirmation
[2026-03-23T07:33:25.318Z] SCOUT: SKIP kPEPE (1 signal, conf 55) — no confluence
[2026-03-23T07:33:27.432Z] SCOUT: SKIP SEI (1 signals) — Single weak signal, insufficient confirmation
[2026-03-23T07:33:52.163Z] SCOUT: SKIP xyz:GOLD (1 signals) — Single weak signal insufficient for trade
[2026-03-23T07:33:55.019Z] SIGNAL: rsi_extreme xyz:CL RSI 16 OVERSOLD
[2026-03-23T07:33:55.019Z] SIGNAL: ema_cross xyz:CL BEARISH
[2026-03-23T07:33:55.019Z] SIGNAL: bb_squeeze_breakout xyz:CL DOWN
[2026-03-23T07:33:55.019Z] SIGNAL: macd_cross xyz:CL BULLISH
[2026-03-23T07:33:55.550Z] SIGNAL: rsi_extreme xyz:BRENTOIL RSI 18 OVERSOLD
[2026-03-23T07:33:58.023Z] SIGNAL: rsi_extreme xyz:COIN RSI 75 OVERBOUGHT
[2026-03-23T07:33:58.023Z] SIGNAL: ema_cross xyz:COIN BULLISH
[2026-03-23T07:33:58.023Z] SIGNAL: macd_cross xyz:COIN BULLISH
[2026-03-23T07:33:58.303Z] SIGNAL: rsi_extreme xyz:ORCL RSI 81 OVERBOUGHT
[2026-03-23T07:34:04.492Z] SIGNAL: volume_spike SEI 4.1x avg
[2026-03-23T07:34:04.530Z] SIGNAL: macd_cross AVAX BULLISH
[2026-03-23T07:34:04.917Z] SIGNAL: macd_cross AAVE BULLISH
[2026-03-23T07:34:11.540Z] SIGNAL: macd_cross DOGE BULLISH
[2026-03-23T07:34:18.463Z] SIGNAL: macd_cross SUI BULLISH
[2026-03-23T07:34:21.811Z] SIGNAL: macd_cross kPEPE BULLISH
[2026-03-23T07:34:42.690Z] SIGNAL: volume_spike XRP 4.5x avg
[2026-03-23T07:34:52.275Z] SCOUT: SKIP xyz:CL (4 signals) — Contradictory signals, weak MACD bullish
[2026-03-23T07:34:53.881Z] SCOUT: SKIP xyz:BRENTOIL (1 signals) — Single oversold signal insufficient confirmation
[2026-03-23T07:34:55.273Z] SIGNAL: macd_cross xyz:SILVER BEARISH
[2026-03-23T07:34:55.273Z] SIGNAL: ema_cross xyz:SILVER BEARISH
[2026-03-23T07:34:55.274Z] SIGNAL: rsi_extreme xyz:SILVER RSI 20 OVERSOLD
[2026-03-23T07:34:55.506Z] SIGNAL: macd_cross xyz:BRENTOIL BEARISH
[2026-03-23T07:34:55.676Z] SCOUT: PASS xyz:COIN (2 signals, 79%) — Dual bullish signals aligned, strong momentum [analyst buf: 1]
[2026-03-23T07:34:55.816Z] SIGNAL: rsi_extreme xyz:GOLD RSI 85 OVERBOUGHT
[2026-03-23T07:34:55.816Z] SIGNAL: bb_squeeze_breakout xyz:GOLD UP
[2026-03-23T07:34:55.817Z] SIGNAL: macd_cross xyz:GOLD BULLISH
[2026-03-23T07:34:56.050Z] SIGNAL: rsi_extreme xyz:NATGAS RSI 22 OVERSOLD
[2026-03-23T07:34:56.050Z] SIGNAL: macd_cross xyz:NATGAS BEARISH
[2026-03-23T07:34:57.308Z] SIGNAL: rsi_extreme xyz:HOOD RSI 76 OVERBOUGHT
[2026-03-23T07:34:57.550Z] SIGNAL: rsi_extreme xyz:NVDA RSI 76 OVERBOUGHT
[2026-03-23T07:34:57.802Z] SCOUT: SKIP xyz:ORCL (1 signals) — Single overbought signal insufficient
[2026-03-23T07:34:57.802Z] SCOUT: SKIP AVAX (1 signal, conf 61) — no confluence
[2026-03-23T07:34:57.802Z] SCOUT: SKIP AAVE (1 signal, conf 64) — no confluence
[2026-03-23T07:34:57.802Z] SCOUT: SKIP DOGE (1 signal, conf 57) — no confluence
[2026-03-23T07:34:57.802Z] SCOUT: SKIP SUI (1 signal, conf 58) — no confluence
[2026-03-23T07:34:57.802Z] SCOUT: SKIP kPEPE (1 signal, conf 57) — no confluence
[2026-03-23T07:34:58.176Z] SIGNAL: ema_cross xyz:ORCL BULLISH
[2026-03-23T07:35:19.111Z] ANALYST: processing 1 scout-passed signal groups
[2026-03-23T07:35:52.351Z] DECISION: HOLD xyz:COIN — Positions full 2/2, no capacity available 
[2026-03-23T07:35:52.351Z] DECISION: HOLD xyz:COIN — Whale signal absent, dominant 55% weight unconfirmed 
[2026-03-23T07:35:52.351Z] DECISION: [Scalping-v2] RISK_BLOCKED xyz:COIN — Confidence 57% < 70% 
[2026-03-23T07:35:52.643Z] SCOUT: SKIP xyz:SILVER (2 signals) — Two weak bearish signals, insufficient strength
[2026-03-23T07:35:52.643Z] SCOUT: SKIP xyz:BRENTOIL (1 signal, conf 56) — no confluence
[2026-03-23T07:35:55.391Z] SCOUT: SKIP xyz:GOLD (3 signals) — RSI overbought contradicts breakout bullishness
[2026-03-23T07:35:56.499Z] SIGNAL: rsi_extreme xyz:TSLA RSI 79 OVERBOUGHT
[2026-03-23T07:35:57.345Z] SIGNAL: macd_cross xyz:NVDA BEARISH
[2026-03-23T07:35:57.606Z] SCOUT: SKIP xyz:NATGAS (1 signals) — Single weak bearish signal insufficient
[2026-03-23T07:35:57.606Z] SCOUT: SKIP xyz:ORCL (1 signal, conf 55) — no confluence
[2026-03-23T07:36:17.477Z] SIGNAL: rsi_extreme ENA RSI 25 OVERSOLD
[2026-03-23T07:36:50.821Z] SCOUT: SKIP xyz:NVDA (1 signal, conf 56) — no confluence
[2026-03-23T07:36:54.211Z] SIGNAL: rsi_extreme BTC RSI 80 OVERBOUGHT
[2026-03-23T07:36:54.212Z] SIGNAL: ema_cross BTC BEARISH
[2026-03-23T07:36:54.212Z] SIGNAL: bb_squeeze_breakout BTC DOWN
[2026-03-23T07:36:54.213Z] SIGNAL: macd_cross BTC BULLISH
[2026-03-23T07:36:54.308Z] STATUS: 26 coins | WS: OK | Positions: 3 | Tokens: $5.59 (55.9%)
[2026-03-23T07:36:54.502Z] SIGNAL: ema_cross ETH BULLISH
[2026-03-23T07:36:54.503Z] SIGNAL: rsi_extreme ETH RSI 79 OVERBOUGHT
[2026-03-23T07:36:54.504Z] SIGNAL: bb_squeeze_breakout ETH DOWN
[2026-03-23T07:36:54.504Z] SIGNAL: macd_cross ETH BULLISH
[2026-03-23T07:36:54.737Z] SIGNAL: macd_cross HYPE BULLISH
[2026-03-23T07:36:54.737Z] SIGNAL: ema_cross HYPE BULLISH
[2026-03-23T07:36:54.739Z] SIGNAL: rsi_extreme HYPE RSI 23 OVERSOLD
[2026-03-23T07:36:54.996Z] SIGNAL: rsi_extreme SOL RSI 75 OVERBOUGHT
[2026-03-23T07:36:54.997Z] SIGNAL: bb_squeeze_breakout SOL DOWN
[2026-03-23T07:36:55.017Z] SIGNAL: macd_cross xyz:CL BEARISH
[2026-03-23T07:36:55.017Z] SIGNAL: rsi_extreme xyz:CL RSI 24 OVERSOLD
[2026-03-23T07:36:55.017Z] SIGNAL: ema_cross xyz:CL BEARISH
[2026-03-23T07:36:55.017Z] SIGNAL: bb_squeeze_breakout xyz:CL DOWN
[2026-03-23T07:36:55.275Z] SIGNAL: macd_cross xyz:SILVER BEARISH
[2026-03-23T07:36:55.276Z] SIGNAL: ema_cross xyz:SILVER BEARISH
[2026-03-23T07:36:55.276Z] SIGNAL: rsi_extreme xyz:SILVER RSI 20 OVERSOLD
[2026-03-23T07:36:55.330Z] SIGNAL: rsi_extreme XRP RSI 76 OVERBOUGHT
[2026-03-23T07:36:55.578Z] SIGNAL: ema_cross SUI BULLISH
[2026-03-23T07:36:55.578Z] SIGNAL: macd_cross SUI BEARISH
[2026-03-23T07:36:55.579Z] SIGNAL: rsi_extreme SUI RSI 75 OVERBOUGHT
[2026-03-23T07:36:55.589Z] SIGNAL: macd_cross xyz:BRENTOIL BEARISH
[2026-03-23T07:36:55.818Z] SIGNAL: macd_cross DOGE BEARISH
[2026-03-23T07:36:55.823Z] SIGNAL: rsi_extreme xyz:GOLD RSI 83 OVERBOUGHT
[2026-03-23T07:36:55.823Z] SIGNAL: bb_squeeze_breakout xyz:GOLD UP
[2026-03-23T07:36:55.823Z] SIGNAL: macd_cross xyz:GOLD BEARISH
[2026-03-23T07:36:55.823Z] SIGNAL: ema_cross xyz:GOLD BEARISH
[2026-03-23T07:36:56.083Z] SIGNAL: rsi_extreme BNB RSI 80 OVERBOUGHT
[2026-03-23T07:36:56.084Z] SIGNAL: bb_squeeze_breakout BNB DOWN
[2026-03-23T07:36:56.169Z] SIGNAL: rsi_extreme xyz:NATGAS RSI 24 OVERSOLD
[2026-03-23T07:36:56.169Z] SIGNAL: macd_cross xyz:NATGAS BEARISH
[2026-03-23T07:36:56.316Z] SIGNAL: rsi_extreme PAXG RSI 77 OVERBOUGHT
[2026-03-23T07:36:56.316Z] SIGNAL: vwap_deviation PAXG ABOVE
[2026-03-23T07:36:56.316Z] SIGNAL: ema_cross PAXG BULLISH
[2026-03-23T07:36:56.316Z] SIGNAL: macd_cross PAXG BEARISH
[2026-03-23T07:36:56.600Z] SIGNAL: rsi_extreme AVAX RSI 80 OVERBOUGHT
[2026-03-23T07:36:56.600Z] SIGNAL: macd_cross AVAX BEARISH
[2026-03-23T07:36:56.600Z] SIGNAL: bb_squeeze_breakout AVAX DOWN
[2026-03-23T07:36:56.836Z] SIGNAL: ema_cross LINK BULLISH
[2026-03-23T07:36:56.836Z] SIGNAL: macd_cross LINK BEARISH
[2026-03-23T07:36:56.836Z] SIGNAL: rsi_extreme LINK RSI 75 OVERBOUGHT
[2026-03-23T07:36:56.837Z] SIGNAL: bb_squeeze_breakout LINK DOWN
[2026-03-23T07:36:57.070Z] SIGNAL: ema_cross AAVE BULLISH
[2026-03-23T07:36:57.071Z] SIGNAL: rsi_extreme AAVE RSI 75 OVERBOUGHT
[2026-03-23T07:36:57.071Z] SIGNAL: macd_cross AAVE BEARISH
[2026-03-23T07:36:57.315Z] SIGNAL: ema_cross ENA BULLISH
[2026-03-23T07:36:57.315Z] SIGNAL: macd_cross ENA BEARISH
[2026-03-23T07:36:57.396Z] SIGNAL: macd_cross xyz:COIN BEARISH
[2026-03-23T07:36:57.586Z] SIGNAL: rsi_extreme kPEPE RSI 76 OVERBOUGHT
[2026-03-23T07:36:57.586Z] SIGNAL: macd_cross kPEPE BEARISH
[2026-03-23T07:36:57.633Z] SIGNAL: rsi_extreme xyz:ORCL RSI 81 OVERBOUGHT
[2026-03-23T07:36:58.270Z] SIGNAL: rsi_extreme SEI RSI 76 OVERBOUGHT
[2026-03-23T07:37:52.297Z] SCOUT: SKIP BTC (3 signals) — Contradictory signals, bearish technical vs bullish sentiment
[2026-03-23T07:37:54.413Z] SCOUT: SKIP ETH (3 signals) — Contradictory signals: bullish crosses vs bearish breakout
[2026-03-23T07:37:55.946Z] SCOUT: SKIP HYPE (2 signals) — Single weak EMA signal insufficient
[2026-03-23T07:37:55.946Z] SCOUT: SKIP SOL (1 signal, conf 64) — no confluence
[2026-03-23T07:37:56.711Z] SIGNAL: rsi_extreme xyz:TSLA RSI 79 OVERBOUGHT
[2026-03-23T07:37:56.945Z] SIGNAL: rsi_extreme xyz:HOOD RSI 75 OVERBOUGHT
[2026-03-23T07:37:56.945Z] SIGNAL: macd_cross xyz:HOOD BEARISH
[2026-03-23T07:37:57.180Z] SIGNAL: rsi_extreme xyz:NVDA RSI 78 OVERBOUGHT
[2026-03-23T07:37:57.180Z] SIGNAL: ema_cross xyz:NVDA BULLISH
[2026-03-23T07:37:57.654Z] SCOUT: PASS xyz:CL (3 signals, 72%) — Triple bearish confirmation, strong trend alignment [analyst buf: 1]
[2026-03-23T07:37:57.682Z] SIGNAL: ema_cross xyz:ORCL BULLISH
[2026-03-23T07:37:59.403Z] SCOUT: SKIP xyz:SILVER (2 signals) — Aligned bearish signals but insufficient strength
[2026-03-23T07:38:00.904Z] SCOUT: SKIP SUI (2 signals) — Contradictory signals, MACD bearish stronger
[2026-03-23T07:38:02.333Z] SCOUT: SKIP xyz:BRENTOIL (1 signals) — Single weak bearish signal insufficient
[2026-03-23T07:38:02.333Z] SCOUT: SKIP DOGE (1 signal, conf 59) — no confluence
[2026-03-23T07:38:03.791Z] SCOUT: SKIP xyz:GOLD (4 signals) — Overbought with conflicting bearish signals
[2026-03-23T07:38:03.791Z] SCOUT: SKIP BNB (1 signal, conf 60) — no confluence
[2026-03-23T07:38:05.645Z] SCOUT: SKIP xyz:NATGAS (1 signals) — Single weak bearish signal insufficient
[2026-03-23T07:38:07.156Z] SCOUT: SKIP PAXG (3 signals) — Conflicting signals, MACD bearish contradicts bullish EMA
[2026-03-23T07:38:08.691Z] SCOUT: SKIP AVAX (3 signals) — Contradictory signals, weak conviction
[2026-03-23T07:38:10.885Z] SCOUT: SKIP LINK (3 signals) — Contradictory signals, weak confluence
[2026-03-23T07:38:12.421Z] SCOUT: SKIP AAVE (2 signals) — Contradictory signals, weak MACD confidence
[2026-03-23T07:38:14.415Z] SCOUT: SKIP ENA (2 signals) — Contradictory signals, weak confidence levels
[2026-03-23T07:38:14.415Z] SCOUT: SKIP xyz:COIN (1 signal, conf 63) — no confluence
[2026-03-23T07:38:14.415Z] SCOUT: SKIP kPEPE (1 signal, conf 55) — no confluence
[2026-03-23T07:38:16.066Z] SCOUT: SKIP xyz:ORCL (1 signals) — Single overbought signal insufficient
[2026-03-23T07:38:19.111Z] ANALYST: processing 1 scout-passed signal groups
[2026-03-23T07:38:50.167Z] SCOUT: SKIP xyz:HOOD (1 signal, conf 58) — no confluence
[2026-03-23T07:38:50.167Z] SCOUT: SKIP xyz:NVDA (1 signal, conf 57) — no confluence
[2026-03-23T07:38:50.167Z] SCOUT: SKIP xyz:ORCL (1 signal, conf 56) — no confluence
[2026-03-23T07:38:54.705Z] DECISION: HOLD xyz:CL — Strategy at max capacity, no slot available 
[2026-03-23T07:38:54.705Z] DECISION: HOLD xyz:CL — Whale data absent, Iran supply shock risk 
[2026-03-23T07:38:54.705Z] DECISION: HOLD xyz:CL — Iran Hormuz risk offsets bearish tech; CL history brutal 
[2026-03-23T07:38:55.073Z] SIGNAL: macd_cross HYPE BULLISH
[2026-03-23T07:38:55.077Z] SIGNAL: rsi_extreme xyz:CL RSI 22 OVERSOLD
[2026-03-23T07:38:55.369Z] SIGNAL: ema_cross xyz:SILVER BEARISH
[2026-03-23T07:38:55.370Z] SIGNAL: macd_cross xyz:SILVER BEARISH
[2026-03-23T07:38:55.370Z] SIGNAL: rsi_extreme xyz:SILVER RSI 20 OVERSOLD
[2026-03-23T07:38:55.609Z] SIGNAL: rsi_extreme xyz:BRENTOIL RSI 25 OVERSOLD
[2026-03-23T07:38:55.609Z] SIGNAL: macd_cross xyz:BRENTOIL BEARISH
[2026-03-23T07:38:55.867Z] SIGNAL: rsi_extreme xyz:GOLD RSI 87 OVERBOUGHT
[2026-03-23T07:38:55.867Z] SIGNAL: macd_cross xyz:GOLD BEARISH
[2026-03-23T07:38:56.173Z] SIGNAL: macd_cross xyz:NATGAS BEARISH
[2026-03-23T07:38:56.175Z] SIGNAL: rsi_extreme xyz:NATGAS RSI 77 OVERBOUGHT
[2026-03-23T07:38:57.772Z] SIGNAL: rsi_extreme xyz:ORCL RSI 81 OVERBOUGHT
[2026-03-23T07:39:00.627Z] SIGNAL: macd_cross ENA BULLISH
[2026-03-23T07:39:05.220Z] SIGNAL: whale_trade ETH $1000k BUY
[2026-03-23T07:39:05.220Z] SIGNAL: volume_spike ETH 4.3x avg
[2026-03-23T07:39:14.269Z] SIGNAL: volume_spike kPEPE 4.1x avg
[2026-03-23T07:39:32.995Z] SIGNAL: volume_spike SUI 4.3x avg
[2026-03-23T07:39:33.453Z] SIGNAL: volume_spike DOGE 4.6x avg
[2026-03-23T07:39:38.428Z] SIGNAL: volume_spike AVAX 4.1x avg
[2026-03-23T07:39:51.040Z] SCOUT: SKIP HYPE (1 signal, conf 57) — no confluence
[2026-03-23T07:39:52.559Z] SCOUT: SKIP xyz:SILVER (3 signals) — Weak bearish signals, RSI oversold suggests reversal
[2026-03-23T07:39:52.559Z] SCOUT: SKIP xyz:BRENTOIL (1 signal, conf 64) — no confluence
[2026-03-23T07:39:54.295Z] SCOUT: SKIP xyz:GOLD (2 signals) — Contradictory signals, overbought vs bearish
[2026-03-23T07:39:57.370Z] SIGNAL: rsi_extreme xyz:COIN RSI 76 OVERBOUGHT
[2026-03-23T07:39:57.370Z] SIGNAL: macd_cross xyz:COIN BEARISH
[2026-03-23T07:39:57.463Z] SCOUT: SKIP xyz:NATGAS (1 signals) — Single weak bearish signal insufficient
[2026-03-23T07:39:59.787Z] SCOUT: SKIP xyz:ORCL (1 signals) — Single overbought signal, insufficient confirmation
[2026-03-23T07:39:59.787Z] SCOUT: SKIP ENA (1 signal, conf 60) — no confluence
[2026-03-23T07:40:02.219Z] SCOUT: SKIP ETH (1 signals) — Single whale trade, weak sentiment confirmation
[2026-03-23T07:40:50.817Z] SCOUT: SKIP xyz:COIN (1 signal, conf 62) — no confluence
[2026-03-23T07:40:55.498Z] SIGNAL: rsi_extreme xyz:CL RSI 77 OVERBOUGHT
[2026-03-23T07:40:55.754Z] SIGNAL: macd_cross xyz:SILVER BEARISH
[2026-03-23T07:40:55.754Z] SIGNAL: ema_cross xyz:SILVER BEARISH
[2026-03-23T07:40:55.755Z] SIGNAL: rsi_extreme xyz:SILVER RSI 20 OVERSOLD
[2026-03-23T07:40:56.245Z] SIGNAL: rsi_extreme xyz:GOLD RSI 83 OVERBOUGHT
[2026-03-23T07:40:56.247Z] SIGNAL: macd_cross xyz:GOLD BULLISH
[2026-03-23T07:40:56.480Z] SIGNAL: rsi_extreme xyz:NATGAS RSI 77 OVERBOUGHT
[2026-03-23T07:40:56.948Z] SIGNAL: rsi_extreme xyz:TSLA RSI 79 OVERBOUGHT
[2026-03-23T07:40:57.183Z] SIGNAL: rsi_extreme xyz:HOOD RSI 76 OVERBOUGHT
[2026-03-23T07:40:57.416Z] SIGNAL: rsi_extreme xyz:NVDA RSI 82 OVERBOUGHT
[2026-03-23T07:40:57.909Z] SIGNAL: rsi_extreme xyz:ORCL RSI 81 OVERBOUGHT
[2026-03-23T07:40:57.909Z] SIGNAL: ema_cross xyz:ORCL BULLISH
[2026-03-23T07:41:52.907Z] SCOUT: SKIP xyz:SILVER (3 signals) — Weak EMA signal contradicts strong technicals
[2026-03-23T07:41:54.212Z] SIGNAL: macd_cross BTC BEARISH
[2026-03-23T07:41:54.213Z] SIGNAL: rsi_extreme BTC RSI 80 OVERBOUGHT
[2026-03-23T07:41:54.213Z] SIGNAL: ema_cross BTC BEARISH
[2026-03-23T07:41:54.214Z] SIGNAL: bb_squeeze_breakout BTC DOWN
[2026-03-23T07:41:54.308Z] STATUS: 26 coins | WS: OK | Positions: 3 | Tokens: $5.64 (56.4%)
[2026-03-23T07:41:54.446Z] SIGNAL: macd_cross ETH BEARISH
[2026-03-23T07:41:54.447Z] SIGNAL: rsi_extreme ETH RSI 79 OVERBOUGHT
[2026-03-23T07:41:54.447Z] SIGNAL: bb_squeeze_breakout ETH DOWN
[2026-03-23T07:41:54.522Z] SCOUT: SKIP xyz:GOLD (2 signals) — RSI overbought contradicts bullish MACD signal
[2026-03-23T07:41:54.681Z] SIGNAL: ema_cross HYPE BULLISH
[2026-03-23T07:41:54.682Z] SIGNAL: macd_cross HYPE BULLISH
[2026-03-23T07:41:54.683Z] SIGNAL: rsi_extreme HYPE RSI 23 OVERSOLD
[2026-03-23T07:41:54.918Z] SIGNAL: ema_cross SOL BULLISH
[2026-03-23T07:41:54.918Z] SIGNAL: rsi_extreme SOL RSI 75 OVERBOUGHT
[2026-03-23T07:41:54.919Z] SIGNAL: bb_squeeze_breakout SOL DOWN
[2026-03-23T07:41:55.151Z] SIGNAL: macd_cross XRP BEARISH
[2026-03-23T07:41:55.152Z] SIGNAL: rsi_extreme XRP RSI 76 OVERBOUGHT
[2026-03-23T07:41:55.490Z] SIGNAL: ema_cross SUI BULLISH
[2026-03-23T07:41:55.490Z] SIGNAL: macd_cross SUI BEARISH
[2026-03-23T07:41:55.491Z] SIGNAL: rsi_extreme SUI RSI 76 OVERBOUGHT
[2026-03-23T07:41:55.525Z] SIGNAL: ema_cross xyz:BRENTOIL BEARISH
[2026-03-23T07:41:56.209Z] SIGNAL: macd_cross DOGE BEARISH
[2026-03-23T07:41:56.443Z] SIGNAL: rsi_extreme BNB RSI 80 OVERBOUGHT
[2026-03-23T07:41:56.443Z] SIGNAL: bb_squeeze_breakout BNB DOWN
[2026-03-23T07:41:56.675Z] SIGNAL: rsi_extreme PAXG RSI 79 OVERBOUGHT
[2026-03-23T07:41:56.676Z] SIGNAL: vwap_deviation PAXG ABOVE
[2026-03-23T07:41:56.676Z] SIGNAL: ema_cross PAXG BULLISH
[2026-03-23T07:41:56.676Z] SIGNAL: macd_cross PAXG BEARISH
[2026-03-23T07:41:56.910Z] SIGNAL: macd_cross AVAX BEARISH
[2026-03-23T07:41:56.911Z] SIGNAL: rsi_extreme AVAX RSI 80 OVERBOUGHT
[2026-03-23T07:41:56.911Z] SIGNAL: bb_squeeze_breakout AVAX DOWN
[2026-03-23T07:41:57.150Z] SIGNAL: rsi_extreme LINK RSI 76 OVERBOUGHT
[2026-03-23T07:41:57.150Z] SIGNAL: macd_cross LINK BEARISH
[2026-03-23T07:41:57.151Z] SIGNAL: bb_squeeze_breakout LINK DOWN
[2026-03-23T07:41:57.259Z] SCOUT: SKIP xyz:NVDA (1 signals) — Single overbought signal, insufficient confirmation
[2026-03-23T07:41:57.419Z] SIGNAL: rsi_extreme AAVE RSI 77 OVERBOUGHT
[2026-03-23T07:41:57.419Z] SIGNAL: macd_cross AAVE BULLISH
[2026-03-23T07:41:57.667Z] SIGNAL: ema_cross ENA BULLISH
[2026-03-23T07:41:57.667Z] SIGNAL: macd_cross ENA BEARISH
[2026-03-23T07:41:57.668Z] SIGNAL: rsi_extreme ENA RSI 79 OVERBOUGHT
[2026-03-23T07:41:57.903Z] SIGNAL: ema_cross kPEPE BULLISH
[2026-03-23T07:41:57.903Z] SIGNAL: macd_cross kPEPE BULLISH
[2026-03-23T07:41:57.903Z] SIGNAL: rsi_extreme kPEPE RSI 76 OVERBOUGHT
[2026-03-23T07:41:58.193Z] SIGNAL: rsi_extreme SEI RSI 76 OVERBOUGHT
[2026-03-23T07:41:59.068Z] SCOUT: SKIP xyz:ORCL (2 signals) — Overbought RSI contradicts bullish EMA signal
[2026-03-23T07:42:53.105Z] SCOUT: SKIP BTC (3 signals) — Bearish signals contradict bullish news sentiment
[2026-03-23T07:42:54.722Z] SCOUT: SKIP ETH (2 signals) — Bearish signals conflict with bullish news
[2026-03-23T07:42:56.431Z] SIGNAL: macd_cross xyz:GOLD BEARISH
[2026-03-23T07:42:56.432Z] SIGNAL: rsi_extreme xyz:GOLD RSI 25 OVERSOLD
[2026-03-23T07:42:56.544Z] SCOUT: SKIP HYPE (2 signals) — Weak signals, low confidence, need confirmation
[2026-03-23T07:42:56.668Z] SIGNAL: rsi_extreme xyz:NATGAS RSI 77 OVERBOUGHT
[2026-03-23T07:42:57.139Z] SIGNAL: rsi_extreme xyz:TSLA RSI 79 OVERBOUGHT
[2026-03-23T07:42:57.374Z] SIGNAL: rsi_extreme xyz:HOOD RSI 77 OVERBOUGHT
[2026-03-23T07:42:57.608Z] SIGNAL: rsi_extreme xyz:NVDA RSI 80 OVERBOUGHT
[2026-03-23T07:42:57.842Z] SIGNAL: macd_cross xyz:COIN BEARISH
[2026-03-23T07:42:58.077Z] SIGNAL: rsi_extreme xyz:ORCL RSI 81 OVERBOUGHT
[2026-03-23T07:42:58.077Z] SIGNAL: ema_cross xyz:ORCL BULLISH
[2026-03-23T07:42:58.116Z] SCOUT: SKIP SOL (2 signals) — Contradictory signals, weak bullish confirmation
[2026-03-23T07:42:58.116Z] SCOUT: SKIP XRP (1 signal, conf 60) — no confluence
[2026-03-23T07:42:59.854Z] SCOUT: SKIP SUI (2 signals) — Contradictory signals, weak MACD conviction
[2026-03-23T07:42:59.854Z] SCOUT: SKIP xyz:BRENTOIL (1 signal, conf 55) — no confluence
[2026-03-23T07:42:59.854Z] SCOUT: SKIP DOGE (1 signal, conf 59) — no confluence
[2026-03-23T07:42:59.854Z] SCOUT: SKIP BNB (1 signal, conf 60) — no confluence
[2026-03-23T07:43:01.562Z] SCOUT: SKIP PAXG (3 signals) — Conflicting signals: bullish EMA vs bearish MACD
[2026-03-23T07:43:03.156Z] SCOUT: SKIP AVAX (3 signals) — Multiple bearish signals, but weak conviction
[2026-03-23T07:43:04.859Z] SCOUT: SKIP LINK (2 signals) — Weak signals, bearish bias but low conviction
[2026-03-23T07:43:04.859Z] SCOUT: SKIP AAVE (1 signal, conf 55) — no confluence
[2026-03-23T07:43:06.555Z] SCOUT: SKIP ENA (2 signals) — Contradictory signals, weak MACD confidence
[2026-03-23T07:43:08.363Z] SCOUT: SKIP kPEPE (2 signals) — Weak signals, low MACD confidence threshold
[2026-03-23T07:43:50.808Z] SCOUT: SKIP xyz:GOLD (1 signal, conf 64) — no confluence
[2026-03-23T07:43:55.001Z] SIGNAL: ema_cross xyz:CL BEARISH
[2026-03-23T07:43:55.001Z] SIGNAL: rsi_extreme xyz:CL RSI 24 OVERSOLD
[2026-03-23T07:43:55.261Z] SIGNAL: macd_cross xyz:SILVER BEARISH
[2026-03-23T07:43:55.262Z] SIGNAL: rsi_extreme xyz:SILVER RSI 20 OVERSOLD
[2026-03-23T07:43:55.262Z] SIGNAL: ema_cross xyz:SILVER BULLISH
[2026-03-23T07:43:55.495Z] SIGNAL: macd_cross xyz:BRENTOIL BEARISH
[2026-03-23T07:43:55.495Z] SIGNAL: rsi_extreme xyz:BRENTOIL RSI 22 OVERSOLD
[2026-03-23T07:43:55.988Z] SIGNAL: macd_cross xyz:NATGAS BEARISH
[2026-03-23T07:43:57.723Z] SIGNAL: rsi_extreme xyz:COIN RSI 75 OVERBOUGHT
[2026-03-23T07:43:58.144Z] SCOUT: SKIP xyz:NVDA (1 signals) — Single overbought signal, insufficient confirmation
[2026-03-23T07:43:58.144Z] SCOUT: SKIP xyz:COIN (1 signal, conf 55) — no confluence
[2026-03-23T07:43:59.789Z] SCOUT: SKIP xyz:ORCL (2 signals) — Overbought RSI contradicts bullish EMA signal
[2026-03-23T07:44:43.929Z] SIGNAL: volume_spike SUI 4.0x avg
[2026-03-23T07:44:50.815Z] SCOUT: SKIP xyz:CL (1 signal, conf 58) — no confluence
[2026-03-23T07:44:52.492Z] SCOUT: SKIP xyz:SILVER (2 signals) — Contradictory signals, weak bullish confirmation
[2026-03-23T07:44:54.114Z] SCOUT: SKIP xyz:BRENTOIL (1 signals) — Single weak bearish signal insufficient
[2026-03-23T07:44:55.380Z] SIGNAL: vwap_deviation xyz:SILVER ABOVE
[2026-03-23T07:44:55.623Z] SIGNAL: ema_cross xyz:BRENTOIL BEARISH
[2026-03-23T07:44:56.022Z] SCOUT: SKIP xyz:NATGAS (1 signals) — Single weak signal, insufficient confirmation
[2026-03-23T07:45:12.232Z] SIGNAL: volume_spike ENA 4.2x avg
[2026-03-23T07:45:25.202Z] SIGNAL: volume_spike ETH 4.1x avg
[2026-03-23T07:45:50.832Z] SCOUT: SKIP xyz:SILVER (1 signal, conf 57) — no confluence
[2026-03-23T07:45:50.832Z] SCOUT: SKIP xyz:BRENTOIL (1 signal, conf 61) — no confluence
[2026-03-23T07:45:55.002Z] SIGNAL: rsi_extreme xyz:CL RSI 22 OVERSOLD
[2026-03-23T07:45:55.261Z] SIGNAL: macd_cross xyz:SILVER BEARISH
[2026-03-23T07:45:55.262Z] SIGNAL: rsi_extreme xyz:SILVER RSI 20 OVERSOLD
[2026-03-23T07:45:55.262Z] SIGNAL: ema_cross xyz:SILVER BULLISH
[2026-03-23T07:45:55.751Z] SIGNAL: macd_cross xyz:GOLD BULLISH
[2026-03-23T07:45:55.751Z] SIGNAL: rsi_extreme xyz:GOLD RSI 24 OVERSOLD
[2026-03-23T07:45:55.987Z] SIGNAL: rsi_extreme xyz:NATGAS RSI 77 OVERBOUGHT
[2026-03-23T07:45:56.517Z] SIGNAL: rsi_extreme xyz:TSLA RSI 76 OVERBOUGHT
[2026-03-23T07:45:56.752Z] SIGNAL: rsi_extreme xyz:HOOD RSI 77 OVERBOUGHT
[2026-03-23T07:45:56.991Z] SIGNAL: rsi_extreme xyz:NVDA RSI 83 OVERBOUGHT
[2026-03-23T07:45:56.991Z] SIGNAL: ema_cross xyz:NVDA BULLISH
[2026-03-23T07:45:57.304Z] SIGNAL: macd_cross xyz:COIN BEARISH
[2026-03-23T07:45:57.537Z] SIGNAL: rsi_extreme xyz:ORCL RSI 81 OVERBOUGHT
[2026-03-23T07:45:57.538Z] SIGNAL: ema_cross xyz:ORCL BULLISH
[2026-03-23T07:46:52.402Z] SCOUT: SKIP xyz:SILVER (2 signals) — Contradictory signals, weak bullish confidence
[2026-03-23T07:46:52.402Z] SCOUT: SKIP xyz:GOLD (1 signal, conf 56) — no confluence
[2026-03-23T07:46:54.212Z] SIGNAL: rsi_extreme BTC RSI 79 OVERBOUGHT
[2026-03-23T07:46:54.212Z] SIGNAL: ema_cross BTC BEARISH
[2026-03-23T07:46:54.212Z] SIGNAL: bb_squeeze_breakout BTC DOWN
[2026-03-23T07:46:54.212Z] SIGNAL: macd_cross BTC BULLISH
[2026-03-23T07:46:54.309Z] STATUS: 26 coins | WS: OK | Positions: 3 | Tokens: $5.66 (56.6%)
[2026-03-23T07:46:54.457Z] SIGNAL: ema_cross ETH BULLISH
[2026-03-23T07:46:54.457Z] SIGNAL: rsi_extreme ETH RSI 76 OVERBOUGHT
[2026-03-23T07:46:54.458Z] SIGNAL: macd_cross ETH BEARISH
[2026-03-23T07:46:54.458Z] SIGNAL: bb_squeeze_breakout ETH DOWN
[2026-03-23T07:46:54.501Z] SCOUT: SKIP xyz:NVDA (2 signals) — Overbought RSI contradicts bullish EMA signal
[2026-03-23T07:46:54.692Z] SIGNAL: ema_cross HYPE BULLISH
[2026-03-23T07:46:54.693Z] SIGNAL: macd_cross HYPE BULLISH
[2026-03-23T07:46:54.694Z] SIGNAL: rsi_extreme HYPE RSI 23 OVERSOLD
[2026-03-23T07:46:54.927Z] SIGNAL: rsi_extreme SOL RSI 76 OVERBOUGHT
[2026-03-23T07:46:54.928Z] SIGNAL: bb_squeeze_breakout SOL DOWN
[2026-03-23T07:46:55.076Z] SIGNAL: bb_squeeze_breakout xyz:CL DOWN
[2026-03-23T07:46:55.170Z] SIGNAL: rsi_extreme XRP RSI 76 OVERBOUGHT
[2026-03-23T07:46:55.405Z] SIGNAL: rsi_extreme SUI RSI 75 OVERBOUGHT
[2026-03-23T07:46:55.567Z] SIGNAL: rsi_extreme xyz:BRENTOIL RSI 23 OVERSOLD
[2026-03-23T07:46:55.926Z] SIGNAL: macd_cross DOGE BEARISH
[2026-03-23T07:46:55.986Z] SCOUT: SKIP xyz:COIN (1 signals) — Single weak bearish signal insufficient
[2026-03-23T07:46:56.059Z] SIGNAL: macd_cross xyz:NATGAS BEARISH
[2026-03-23T07:46:56.160Z] SIGNAL: rsi_extreme BNB RSI 77 OVERBOUGHT
[2026-03-23T07:46:56.162Z] SIGNAL: bb_squeeze_breakout BNB DOWN
[2026-03-23T07:46:56.397Z] SIGNAL: rsi_extreme PAXG RSI 80 OVERBOUGHT
[2026-03-23T07:46:56.397Z] SIGNAL: vwap_deviation PAXG ABOVE
[2026-03-23T07:46:56.397Z] SIGNAL: ema_cross PAXG BULLISH
[2026-03-23T07:46:56.397Z] SIGNAL: macd_cross PAXG BEARISH
[2026-03-23T07:46:56.635Z] SIGNAL: rsi_extreme AVAX RSI 77 OVERBOUGHT
[2026-03-23T07:46:56.635Z] SIGNAL: macd_cross AVAX BEARISH
[2026-03-23T07:46:56.636Z] SIGNAL: bb_squeeze_breakout AVAX DOWN
[2026-03-23T07:46:56.869Z] SIGNAL: ema_cross LINK BULLISH
[2026-03-23T07:46:56.870Z] SIGNAL: rsi_extreme LINK RSI 79 OVERBOUGHT
[2026-03-23T07:46:56.871Z] SIGNAL: bb_squeeze_breakout LINK DOWN
[2026-03-23T07:46:57.104Z] SIGNAL: rsi_extreme AAVE RSI 78 OVERBOUGHT
[2026-03-23T07:46:57.104Z] SIGNAL: macd_cross AAVE BEARISH
[2026-03-23T07:46:57.318Z] SIGNAL: rsi_extreme xyz:COIN RSI 81 OVERBOUGHT
[2026-03-23T07:46:57.351Z] SIGNAL: ema_cross ENA BULLISH
[2026-03-23T07:46:57.351Z] SIGNAL: rsi_extreme ENA RSI 76 OVERBOUGHT
[2026-03-23T07:46:57.352Z] SIGNAL: macd_cross ENA BULLISH
[2026-03-23T07:46:57.485Z] SCOUT: SKIP xyz:ORCL (2 signals) — Overbought RSI contradicts bullish EMA signal
[2026-03-23T07:46:57.882Z] SIGNAL: ema_cross kPEPE BULLISH
[2026-03-23T07:46:57.883Z] SIGNAL: rsi_extreme kPEPE RSI 76 OVERBOUGHT
[2026-03-23T07:46:57.883Z] SIGNAL: macd_cross kPEPE BEARISH
[2026-03-23T07:46:58.117Z] SIGNAL: ema_cross SEI BULLISH
[2026-03-23T07:46:58.117Z] SIGNAL: rsi_extreme SEI RSI 76 OVERBOUGHT
[2026-03-23T07:47:34.382Z] SIGNAL: volume_spike HYPE 4.1x avg
[2026-03-23T07:47:52.759Z] SCOUT: SKIP BTC (3 signals) — Contradictory signals, weak confidence levels
[2026-03-23T07:47:54.498Z] SCOUT: SKIP ETH (3 signals) — Conflicting signals, weak confidence across board
[2026-03-23T07:47:55.005Z] SIGNAL: rsi_extreme xyz:CL RSI 23 OVERSOLD
[2026-03-23T07:47:55.328Z] SIGNAL: macd_cross xyz:SILVER BEARISH
[2026-03-23T07:47:55.329Z] SIGNAL: ema_cross xyz:SILVER BEARISH
[2026-03-23T07:47:55.329Z] SIGNAL: rsi_extreme xyz:SILVER RSI 20 OVERSOLD
[2026-03-23T07:47:55.330Z] SIGNAL: vwap_deviation xyz:SILVER ABOVE
[2026-03-23T07:47:55.562Z] SIGNAL: macd_cross xyz:BRENTOIL BEARISH
[2026-03-23T07:47:55.847Z] SIGNAL: macd_cross xyz:GOLD BEARISH
[2026-03-23T07:47:55.848Z] SIGNAL: rsi_extreme xyz:GOLD RSI 25 OVERSOLD
[2026-03-23T07:47:56.133Z] SIGNAL: rsi_extreme xyz:NATGAS RSI 76 OVERBOUGHT
[2026-03-23T07:47:56.294Z] SCOUT: PASS HYPE (2 signals, 68%) — Aligned bullish signals, EMA leading [analyst buf: 1]
[2026-03-23T07:47:56.294Z] SCOUT: SKIP SOL (1 signal, conf 64) — no confluence
[2026-03-23T07:47:56.294Z] SCOUT: SKIP xyz:CL (1 signal, conf 60) — no confluence
[2026-03-23T07:47:56.294Z] SCOUT: SKIP DOGE (1 signal, conf 63) — no confluence
[2026-03-23T07:47:56.609Z] SIGNAL: rsi_extreme xyz:TSLA RSI 76 OVERBOUGHT
[2026-03-23T07:47:56.964Z] SIGNAL: rsi_extreme xyz:HOOD RSI 76 OVERBOUGHT
[2026-03-23T07:47:57.211Z] SIGNAL: rsi_extreme xyz:NVDA RSI 84 OVERBOUGHT
[2026-03-23T07:47:57.462Z] SIGNAL: macd_cross xyz:COIN BEARISH
[2026-03-23T07:47:57.775Z] SIGNAL: rsi_extreme xyz:ORCL RSI 80 OVERBOUGHT
[2026-03-23T07:47:57.888Z] SCOUT: SKIP xyz:NATGAS (1 signals) — Single weak bearish signal insufficient
[2026-03-23T07:47:57.888Z] SCOUT: SKIP BNB (1 signal, conf 60) — no confluence
[2026-03-23T07:47:59.375Z] SCOUT: SKIP PAXG (3 signals) — Contradictory signals: bullish EMA vs bearish MACD
[2026-03-23T07:48:00.996Z] SCOUT: SKIP AVAX (2 signals) — Weak bearish signals, neutral news sentiment
[2026-03-23T07:48:02.484Z] SCOUT: SKIP LINK (2 signals) — Contradictory signals, weak confidence levels
[2026-03-23T07:48:02.484Z] SCOUT: SKIP AAVE (1 signal, conf 62) — no confluence
[2026-03-23T07:48:04.171Z] SCOUT: SKIP xyz:COIN (1 signals) — Single overbought RSI signal only
[2026-03-23T07:48:05.925Z] SCOUT: SKIP ENA (2 signals) — Two weak bullish signals, low confidence threshold
[2026-03-23T07:48:08.009Z] SCOUT: SKIP kPEPE (2 signals) — Contradictory signals, weak confidence levels
[2026-03-23T07:48:08.009Z] SCOUT: SKIP SEI (1 signal, conf 61) — no confluence
[2026-03-23T07:48:49.113Z] ANALYST: processing 1 scout-passed signal groups
[2026-03-23T07:48:52.554Z] SCOUT: SKIP xyz:SILVER (3 signals) — Conflicting signals, weak EMA confidence
[2026-03-23T07:48:54.808Z] SCOUT: SKIP xyz:BRENTOIL (1 signals) — Single weak bearish signal insufficient
[2026-03-23T07:48:55.626Z] SIGNAL: rsi_extreme xyz:BRENTOIL RSI 22 OVERSOLD
[2026-03-23T07:48:55.860Z] SIGNAL: bb_squeeze_breakout xyz:GOLD DOWN
[2026-03-23T07:48:56.220Z] SIGNAL: macd_cross xyz:NATGAS BEARISH
[2026-03-23T07:48:56.220Z] SIGNAL: ema_cross xyz:NATGAS BEARISH
[2026-03-23T07:48:56.462Z] SIGNAL: rsi_extreme xyz:COPPER RSI 76 OVERBOUGHT
[2026-03-23T07:48:56.499Z] SCOUT: SKIP xyz:GOLD (1 signals) — Single weak bearish signal insufficient
[2026-03-23T07:48:57.406Z] SIGNAL: rsi_extreme xyz:COIN RSI 81 OVERBOUGHT
[2026-03-23T07:48:58.038Z] SCOUT: SKIP xyz:NVDA (1 signals) — Single overbought signal insufficient
[2026-03-23T07:48:59.654Z] SCOUT: SKIP xyz:COIN (1 signals) — Single weak bearish signal insufficient
[2026-03-23T07:49:13.390Z] DECISION: HOLD HYPE — Sentiment-v2 at max capacity, 2/2 positions full 
[2026-03-23T07:49:13.390Z] DECISION: HOLD HYPE — Scout 68% below threshold, no whale signal present 
[2026-03-23T07:49:13.390Z] DECISION: HOLD HYPE — Scout below 70%, 9 recent SL hits, downtrend intact 
[2026-03-23T07:49:45.115Z] SIGNAL: whale_trade BTC $602k BUY
[2026-03-23T07:49:50.349Z] SIGNAL: volume_spike XRP 4.1x avg
[2026-03-23T07:49:51.031Z] SCOUT: SKIP xyz:GOLD (1 signal, conf 61) — no confluence
[2026-03-23T07:49:52.909Z] SCOUT: SKIP xyz:NATGAS (2 signals) — Single dominant signal, weak confirmation.
[2026-03-23T07:49:55.013Z] SIGNAL: rsi_extreme xyz:CL RSI 20 OVERSOLD
[2026-03-23T07:49:55.013Z] SIGNAL: ema_cross xyz:CL BEARISH
[2026-03-23T07:49:56.685Z] SIGNAL: rsi_extreme xyz:TSLA RSI 78 OVERBOUGHT
[2026-03-23T07:49:57.069Z] SIGNAL: rsi_extreme xyz:HOOD RSI 76 OVERBOUGHT
[2026-03-23T07:49:57.311Z] SIGNAL: rsi_extreme xyz:NVDA RSI 76 OVERBOUGHT
[2026-03-23T07:49:57.572Z] SIGNAL: macd_cross xyz:COIN BEARISH
[2026-03-23T07:49:57.820Z] SIGNAL: macd_cross xyz:ORCL BEARISH
[2026-03-23T07:49:57.821Z] SIGNAL: rsi_extreme xyz:ORCL RSI 78 OVERBOUGHT
[2026-03-23T07:49:59.506Z] SCOUT: SKIP xyz:COIN (1 signals) — Single overbought RSI signal insufficient
[2026-03-23T07:50:28.667Z] SIGNAL: volume_spike kPEPE 4.0x avg
[2026-03-23T07:50:53.235Z] SCOUT: SKIP xyz:CL (2 signals) — Contradictory signals: oversold vs bearish crossover
[2026-03-23T07:50:54.797Z] SCOUT: SKIP xyz:COIN (1 signals) — Single weak bearish signal insufficient
[2026-03-23T07:50:54.797Z] SCOUT: SKIP xyz:ORCL (1 signal, conf 64) — no confluence
[2026-03-23T07:50:55.307Z] SIGNAL: macd_cross xyz:SILVER BULLISH
[2026-03-23T07:50:55.308Z] SIGNAL: ema_cross xyz:SILVER BEARISH
[2026-03-23T07:50:55.308Z] SIGNAL: rsi_extreme xyz:SILVER RSI 19 OVERSOLD
[2026-03-23T07:50:55.309Z] SIGNAL: vwap_deviation xyz:SILVER ABOVE
[2026-03-23T07:50:55.670Z] SIGNAL: rsi_extreme xyz:BRENTOIL RSI 23 OVERSOLD
[2026-03-23T07:50:55.931Z] SIGNAL: rsi_extreme xyz:GOLD RSI 21 OVERSOLD
[2026-03-23T07:50:55.931Z] SIGNAL: bb_squeeze_breakout xyz:GOLD DOWN
[2026-03-23T07:50:55.931Z] SIGNAL: macd_cross xyz:GOLD BULLISH
[2026-03-23T07:50:56.220Z] SIGNAL: rsi_extreme xyz:NATGAS RSI 23 OVERSOLD
[2026-03-23T07:50:57.451Z] SIGNAL: rsi_extreme xyz:COIN RSI 81 OVERBOUGHT
[2026-03-23T07:51:52.560Z] SCOUT: SKIP xyz:SILVER (4 signals) — Contradictory signals, bearish EMA cross dominant
[2026-03-23T07:51:54.201Z] Strategies reloaded: 6 (3 active, 0 dry-run)
[2026-03-23T07:51:54.211Z] SIGNAL: rsi_extreme BTC RSI 79 OVERBOUGHT
[2026-03-23T07:51:54.211Z] SIGNAL: ema_cross BTC BEARISH
[2026-03-23T07:51:54.211Z] SIGNAL: bb_squeeze_breakout BTC DOWN
[2026-03-23T07:51:54.212Z] SIGNAL: macd_cross BTC BULLISH
[2026-03-23T07:51:54.308Z] STATUS: 26 coins | WS: OK | Positions: 3 | Tokens: $5.70 (57.0%)
[2026-03-23T07:51:54.444Z] SIGNAL: rsi_extreme ETH RSI 77 OVERBOUGHT
[2026-03-23T07:51:54.445Z] SIGNAL: bb_squeeze_breakout ETH DOWN
[2026-03-23T07:51:54.445Z] SIGNAL: macd_cross ETH BULLISH
[2026-03-23T07:51:54.503Z] SCOUT: SKIP xyz:GOLD (2 signals) — Contradictory signals, weak confidence levels
[2026-03-23T07:51:54.680Z] SIGNAL: macd_cross HYPE BULLISH
[2026-03-23T07:51:54.680Z] SIGNAL: ema_cross HYPE BEARISH
[2026-03-23T07:51:54.680Z] SIGNAL: rsi_extreme HYPE RSI 23 OVERSOLD
[2026-03-23T07:51:54.944Z] SIGNAL: ema_cross SOL BULLISH
[2026-03-23T07:51:54.944Z] SIGNAL: rsi_extreme SOL RSI 77 OVERBOUGHT
[2026-03-23T07:51:54.945Z] SIGNAL: bb_squeeze_breakout SOL DOWN
[2026-03-23T07:51:55.094Z] SIGNAL: rsi_extreme xyz:CL RSI 19 OVERSOLD
[2026-03-23T07:51:55.094Z] SIGNAL: ema_cross xyz:CL BEARISH
[2026-03-23T07:51:55.094Z] SIGNAL: macd_cross xyz:CL BEARISH
[2026-03-23T07:51:55.177Z] SIGNAL: rsi_extreme XRP RSI 77 OVERBOUGHT
[2026-03-23T07:51:55.413Z] SIGNAL: ema_cross SUI BULLISH
[2026-03-23T07:51:55.413Z] SIGNAL: rsi_extreme SUI RSI 78 OVERBOUGHT
[2026-03-23T07:51:55.414Z] SIGNAL: macd_cross SUI BULLISH
[2026-03-23T07:51:55.647Z] SIGNAL: rsi_extreme DOGE RSI 78 OVERBOUGHT
[2026-03-23T07:51:55.647Z] SIGNAL: macd_cross DOGE BEARISH
[2026-03-23T07:51:55.883Z] SIGNAL: rsi_extreme BNB RSI 79 OVERBOUGHT
[2026-03-23T07:51:55.884Z] SIGNAL: bb_squeeze_breakout BNB DOWN
[2026-03-23T07:51:55.975Z] SIGNAL: macd_cross xyz:BRENTOIL BEARISH
[2026-03-23T07:51:56.117Z] SIGNAL: rsi_extreme PAXG RSI 79 OVERBOUGHT
[2026-03-23T07:51:56.117Z] SIGNAL: vwap_deviation PAXG ABOVE
[2026-03-23T07:51:56.117Z] SIGNAL: macd_cross PAXG BEARISH
[2026-03-23T07:51:56.131Z] SCOUT: SKIP xyz:COIN (1 signals) — Single overbought signal, insufficient confirmation
[2026-03-23T07:51:56.350Z] SIGNAL: rsi_extreme AVAX RSI 79 OVERBOUGHT
[2026-03-23T07:51:56.351Z] SIGNAL: bb_squeeze_breakout AVAX DOWN
[2026-03-23T07:51:56.351Z] SIGNAL: macd_cross AVAX BULLISH
[2026-03-23T07:51:56.484Z] SIGNAL: macd_cross xyz:NATGAS BEARISH
[2026-03-23T07:51:56.695Z] SIGNAL: rsi_extreme LINK RSI 76 OVERBOUGHT
[2026-03-23T07:51:56.695Z] SIGNAL: ema_cross LINK BULLISH
[2026-03-23T07:51:56.695Z] SIGNAL: macd_cross LINK BEARISH
[2026-03-23T07:51:56.697Z] SIGNAL: bb_squeeze_breakout LINK DOWN
[2026-03-23T07:51:56.720Z] SIGNAL: rsi_extreme xyz:COPPER RSI 76 OVERBOUGHT
[2026-03-23T07:51:56.934Z] SIGNAL: ema_cross AAVE BULLISH
[2026-03-23T07:51:56.934Z] SIGNAL: rsi_extreme AAVE RSI 79 OVERBOUGHT
[2026-03-23T07:51:56.935Z] SIGNAL: macd_cross AAVE BEARISH
[2026-03-23T07:51:56.954Z] SIGNAL: rsi_extreme xyz:TSLA RSI 78 OVERBOUGHT
[2026-03-23T07:51:57.168Z] SIGNAL: rsi_extreme ENA RSI 77 OVERBOUGHT
[2026-03-23T07:51:57.168Z] SIGNAL: macd_cross ENA BEARISH
[2026-03-23T07:51:57.209Z] SIGNAL: rsi_extreme xyz:HOOD RSI 75 OVERBOUGHT
[2026-03-23T07:51:57.403Z] SIGNAL: rsi_extreme kPEPE RSI 76 OVERBOUGHT
[2026-03-23T07:51:57.403Z] SIGNAL: macd_cross kPEPE BEARISH
[2026-03-23T07:51:57.441Z] SIGNAL: rsi_extreme xyz:NVDA RSI 79 OVERBOUGHT
[2026-03-23T07:51:57.442Z] SIGNAL: macd_cross xyz:NVDA BULLISH
[2026-03-23T07:51:57.664Z] SIGNAL: rsi_extreme SEI RSI 77 OVERBOUGHT
[2026-03-23T07:51:57.910Z] SIGNAL: macd_cross xyz:ORCL BEARISH
[2026-03-23T07:51:57.911Z] SIGNAL: rsi_extreme xyz:ORCL RSI 76 OVERBOUGHT
[2026-03-23T07:51:57.952Z] GEOPOLITICS: updated 26 assets
[2026-03-23T07:52:28.145Z] SIGNAL: price_breakout xyz:ORCL DOWN
[2026-03-23T07:52:52.306Z] SCOUT: SKIP BTC (3 signals) — Contradictory signals, weak confidence levels
[2026-03-23T07:52:53.838Z] SCOUT: SKIP ETH (2 signals) — Contradictory signals, weak confidence levels
[2026-03-23T07:52:55.452Z] SIGNAL: rsi_extreme xyz:SILVER RSI 19 OVERSOLD
[2026-03-23T07:52:55.452Z] SIGNAL: macd_cross xyz:SILVER BULLISH
[2026-03-23T07:52:55.452Z] SIGNAL: vwap_deviation xyz:SILVER ABOVE
[2026-03-23T07:52:55.688Z] SIGNAL: rsi_extreme xyz:BRENTOIL RSI 24 OVERSOLD
[2026-03-23T07:52:55.904Z] SCOUT: SKIP HYPE (2 signals) — Contradictory signals, weak confidence levels
[2026-03-23T07:52:56.060Z] SIGNAL: rsi_extreme xyz:GOLD RSI 22 OVERSOLD
[2026-03-23T07:52:56.060Z] SIGNAL: bb_squeeze_breakout xyz:GOLD DOWN
[2026-03-23T07:52:56.060Z] SIGNAL: macd_cross xyz:GOLD BULLISH
[2026-03-23T07:52:56.513Z] SIGNAL: rsi_extreme xyz:NATGAS RSI 22 OVERSOLD
[2026-03-23T07:52:57.721Z] SIGNAL: rsi_extreme xyz:COIN RSI 23 OVERSOLD
[2026-03-23T07:53:01.446Z] SCOUT: SKIP SOL (2 signals) — Contradictory signals, neutral sentiment
[2026-03-23T07:53:02.931Z] SCOUT: PASS xyz:CL (3 signals, 73%) — Oversold RSI with confirmed bearish momentum [analyst buf: 1]
[2026-03-23T07:53:04.910Z] SCOUT: SKIP SUI (2 signals) — Two weak signals, low confidence threshold
[2026-03-23T07:53:04.910Z] SCOUT: SKIP DOGE (1 signal, conf 56) — no confluence
[2026-03-23T07:53:04.910Z] SCOUT: SKIP BNB (1 signal, conf 60) — no confluence
[2026-03-23T07:53:06.561Z] SCOUT: SKIP xyz:BRENTOIL (1 signals) — Single weak bearish signal insufficient
[2026-03-23T07:53:08.735Z] SCOUT: SKIP PAXG (2 signals) — Signals contradict; bullish news insufficient
[2026-03-23T07:53:10.209Z] SCOUT: SKIP AVAX (2 signals) — Contradictory signals, weak conviction
[2026-03-23T07:53:11.533Z] SCOUT: SKIP xyz:NATGAS (1 signals) — Single weak bearish signal insufficient
[2026-03-23T07:53:13.181Z] SCOUT: SKIP LINK (3 signals) — Contradictory signals, weak MACD conviction
[2026-03-23T07:53:14.835Z] SCOUT: SKIP AAVE (2 signals) — Contradictory signals, weak confidence levels
[2026-03-23T07:53:14.835Z] SCOUT: SKIP ENA (1 signal, conf 59) — no confluence
[2026-03-23T07:53:14.835Z] SCOUT: SKIP kPEPE (1 signal, conf 56) — no confluence
[2026-03-23T07:53:16.385Z] SCOUT: SKIP xyz:NVDA (1 signals) — Single weak signal insufficient for trade
[2026-03-23T07:53:17.996Z] SCOUT: SKIP xyz:ORCL (2 signals) — Bearish signals aligned but low breakout confidence
[2026-03-23T07:53:19.114Z] ANALYST: processing 1 scout-passed signal groups
[2026-03-23T07:53:46.100Z] DECISION: HOLD xyz:CL — Strategy at max capacity, no sentiment data 
[2026-03-23T07:53:46.100Z] DECISION: HOLD xyz:CL — Iran Hormuz risk overrides bearish tech signal 
[2026-03-23T07:53:46.100Z] DECISION: HOLD xyz:CL — RSI 18.8 extreme oversold, poor historical edge 
[2026-03-23T07:53:46.118Z] LEARNER: FAILING | 45 lessons
[2026-03-23T07:53:52.459Z] SCOUT: SKIP xyz:SILVER (3 signals) — RSI oversold conflicts with bullish MACD cross
[2026-03-23T07:53:54.938Z] SCOUT: SKIP xyz:GOLD (2 signals) — Contradictory signals, low confidence.
[2026-03-23T07:54:03.788Z] SIGNAL: volume_spike SOL 4.0x avg
[2026-03-23T07:54:38.758Z] SIGNAL: volume_spike BNB 4.0x avg
[2026-03-23T07:54:55.011Z] SIGNAL: rsi_extreme xyz:CL RSI 20 OVERSOLD
[2026-03-23T07:54:55.610Z] SIGNAL: macd_cross xyz:BRENTOIL BEARISH
[2026-03-23T07:54:56.143Z] SIGNAL: macd_cross xyz:NATGAS BEARISH
[2026-03-23T07:54:56.381Z] SIGNAL: rsi_extreme xyz:COPPER RSI 76 OVERBOUGHT
[2026-03-23T07:54:56.674Z] SIGNAL: rsi_extreme xyz:TSLA RSI 78 OVERBOUGHT
[2026-03-23T07:54:56.925Z] SIGNAL: rsi_extreme xyz:HOOD RSI 75 OVERBOUGHT
[2026-03-23T07:54:57.161Z] SIGNAL: rsi_extreme xyz:NVDA RSI 77 OVERBOUGHT
[2026-03-23T07:54:57.650Z] SIGNAL: rsi_extreme xyz:ORCL RSI 22 OVERSOLD
[2026-03-23T07:55:52.597Z] SCOUT: SKIP xyz:CL (1 signals) — Single oversold signal insufficient confirmation
[2026-03-23T07:55:53.973Z] SCOUT: SKIP xyz:BRENTOIL (1 signals) — Single weak bearish signal insufficient
[2026-03-23T07:55:55.017Z] SIGNAL: ema_cross xyz:CL BEARISH
[2026-03-23T07:55:55.289Z] SIGNAL: macd_cross xyz:SILVER BEARISH
[2026-03-23T07:55:55.289Z] SIGNAL: rsi_extreme xyz:SILVER RSI 18 OVERSOLD
[2026-03-23T07:55:55.290Z] SIGNAL: vwap_deviation xyz:SILVER ABOVE
[2026-03-23T07:55:55.534Z] SIGNAL: rsi_extreme xyz:BRENTOIL RSI 24 OVERSOLD
[2026-03-23T07:55:55.697Z] SCOUT: SKIP xyz:NATGAS (1 signals) — Single weak bearish signal insufficient
[2026-03-23T07:55:55.821Z] SIGNAL: macd_cross xyz:GOLD BEARISH
[2026-03-23T07:55:55.821Z] SIGNAL: rsi_extreme xyz:GOLD RSI 25 OVERSOLD
[2026-03-23T07:55:55.821Z] SIGNAL: bb_squeeze_breakout xyz:GOLD DOWN
[2026-03-23T07:55:56.085Z] SIGNAL: rsi_extreme xyz:NATGAS RSI 20 OVERSOLD
[2026-03-23T07:55:56.332Z] SIGNAL: macd_cross xyz:COPPER BEARISH
[2026-03-23T07:55:57.046Z] SIGNAL: macd_cross xyz:NVDA BULLISH
[2026-03-23T07:55:57.285Z] SIGNAL: rsi_extreme xyz:COIN RSI 24 OVERSOLD
[2026-03-23T07:55:57.285Z] SIGNAL: ema_cross xyz:COIN BEARISH
[2026-03-23T07:55:58.067Z] SIGNAL: ema_cross xyz:ORCL BEARISH
[2026-03-23T07:56:50.821Z] SCOUT: SKIP xyz:CL (1 signal, conf 58) — no confluence
[2026-03-23T07:56:52.366Z] SCOUT: SKIP xyz:SILVER (3 signals) — Contradictory signals: bearish MACD vs oversold RSI
[2026-03-23T07:56:54.232Z] SIGNAL: rsi_extreme BTC RSI 79 OVERBOUGHT
[2026-03-23T07:56:54.233Z] SIGNAL: ema_cross BTC BEARISH
[2026-03-23T07:56:54.233Z] SIGNAL: bb_squeeze_breakout BTC DOWN
[2026-03-23T07:56:54.233Z] SIGNAL: macd_cross BTC BULLISH
[2026-03-23T07:56:54.309Z] STATUS: 26 coins | WS: OK | Positions: 3 | Tokens: $5.75 (57.5%)
[2026-03-23T07:56:54.465Z] SIGNAL: ema_cross ETH BULLISH
[2026-03-23T07:56:54.465Z] SIGNAL: rsi_extreme ETH RSI 77 OVERBOUGHT
[2026-03-23T07:56:54.465Z] SIGNAL: macd_cross ETH BEARISH
[2026-03-23T07:56:54.466Z] SIGNAL: bb_squeeze_breakout ETH DOWN
[2026-03-23T07:56:54.698Z] SIGNAL: bb_squeeze_breakout HYPE UP
[2026-03-23T07:56:54.698Z] SIGNAL: ema_cross HYPE BULLISH
[2026-03-23T07:56:54.698Z] SIGNAL: rsi_extreme HYPE RSI 75 OVERBOUGHT
[2026-03-23T07:56:54.698Z] SIGNAL: macd_cross HYPE BEARISH
[2026-03-23T07:56:54.933Z] SIGNAL: rsi_extreme SOL RSI 77 OVERBOUGHT
[2026-03-23T07:56:54.935Z] SIGNAL: bb_squeeze_breakout SOL DOWN
[2026-03-23T07:56:54.952Z] SCOUT: SKIP xyz:GOLD (2 signals) — Weak contradictory signals, low confidence
[2026-03-23T07:56:55.167Z] SIGNAL: rsi_extreme XRP RSI 78 OVERBOUGHT
[2026-03-23T07:56:55.167Z] SIGNAL: ema_cross XRP BULLISH
[2026-03-23T07:56:55.403Z] SIGNAL: rsi_extreme SUI RSI 78 OVERBOUGHT
[2026-03-23T07:56:55.403Z] SIGNAL: ema_cross SUI BULLISH
[2026-03-23T07:56:55.403Z] SIGNAL: macd_cross SUI BEARISH
[2026-03-23T07:56:55.637Z] SIGNAL: rsi_extreme DOGE RSI 76 OVERBOUGHT
[2026-03-23T07:56:55.638Z] SIGNAL: macd_cross DOGE BEARISH
[2026-03-23T07:56:56.084Z] SIGNAL: rsi_extreme BNB RSI 76 OVERBOUGHT
[2026-03-23T07:56:56.085Z] SIGNAL: bb_squeeze_breakout BNB DOWN
[2026-03-23T07:56:56.351Z] SIGNAL: rsi_extreme PAXG RSI 78 OVERBOUGHT
[2026-03-23T07:56:56.351Z] SIGNAL: ema_cross PAXG BULLISH
[2026-03-23T07:56:56.351Z] SIGNAL: vwap_deviation PAXG ABOVE
[2026-03-23T07:56:56.351Z] SIGNAL: macd_cross PAXG BEARISH
[2026-03-23T07:56:56.445Z] SIGNAL: rsi_extreme xyz:COPPER RSI 76 OVERBOUGHT
[2026-03-23T07:56:56.585Z] SIGNAL: rsi_extreme AVAX RSI 78 OVERBOUGHT
[2026-03-23T07:56:56.585Z] SIGNAL: ema_cross AVAX BULLISH
[2026-03-23T07:56:56.585Z] SIGNAL: macd_cross AVAX BEARISH
[2026-03-23T07:56:56.586Z] SIGNAL: bb_squeeze_breakout AVAX DOWN
[2026-03-23T07:56:56.589Z] SCOUT: SKIP xyz:NATGAS (1 signals) — Single oversold signal, insufficient confirmation
[2026-03-23T07:56:56.589Z] SCOUT: SKIP xyz:COPPER (1 signal, conf 61) — no confluence
[2026-03-23T07:56:56.589Z] SCOUT: SKIP xyz:NVDA (1 signal, conf 56) — no confluence
[2026-03-23T07:56:56.589Z] SCOUT: SKIP xyz:COIN (1 signal, conf 56) — no confluence
[2026-03-23T07:56:56.589Z] SCOUT: SKIP xyz:ORCL (1 signal, conf 56) — no confluence
[2026-03-23T07:56:56.679Z] SIGNAL: rsi_extreme xyz:TSLA RSI 78 OVERBOUGHT
[2026-03-23T07:56:56.820Z] SIGNAL: rsi_extreme LINK RSI 76 OVERBOUGHT
[2026-03-23T07:56:56.822Z] SIGNAL: bb_squeeze_breakout LINK DOWN
[2026-03-23T07:56:57.093Z] SIGNAL: rsi_extreme AAVE RSI 75 OVERBOUGHT
[2026-03-23T07:56:57.093Z] SIGNAL: ema_cross AAVE BULLISH
[2026-03-23T07:56:57.093Z] SIGNAL: macd_cross AAVE BEARISH
[2026-03-23T07:56:57.327Z] SIGNAL: rsi_extreme ENA RSI 76 OVERBOUGHT
[2026-03-23T07:56:57.327Z] SIGNAL: ema_cross ENA BULLISH
[2026-03-23T07:56:57.327Z] SIGNAL: macd_cross ENA BEARISH
[2026-03-23T07:56:57.596Z] SIGNAL: rsi_extreme kPEPE RSI 76 OVERBOUGHT
[2026-03-23T07:56:57.596Z] SIGNAL: macd_cross kPEPE BEARISH
[2026-03-23T07:56:57.672Z] SIGNAL: rsi_extreme xyz:ORCL RSI 20 OVERSOLD
[2026-03-23T07:56:57.930Z] SIGNAL: ema_cross SEI BULLISH
[2026-03-23T07:56:57.931Z] SIGNAL: rsi_extreme SEI RSI 77 OVERBOUGHT
[2026-03-23T07:57:31.209Z] SIGNAL: volume_spike ENA 4.4x avg
[2026-03-23T07:57:53.187Z] SCOUT: SKIP BTC (3 signals) — Contradictory signals, weak confidence spread
[2026-03-23T07:57:54.780Z] SCOUT: SKIP ETH (3 signals) — Contradictory signals, weak confidence levels
[2026-03-23T07:57:55.100Z] SIGNAL: rsi_extreme xyz:CL RSI 17 OVERSOLD
[2026-03-23T07:57:55.100Z] SIGNAL: ema_cross xyz:CL BEARISH
[2026-03-23T07:57:55.362Z] SIGNAL: rsi_extreme xyz:SILVER RSI 24 OVERSOLD
[2026-03-23T07:57:55.362Z] SIGNAL: macd_cross xyz:SILVER BEARISH
[2026-03-23T07:57:55.362Z] SIGNAL: vwap_deviation xyz:SILVER ABOVE
[2026-03-23T07:57:55.620Z] SIGNAL: rsi_extreme xyz:BRENTOIL RSI 24 OVERSOLD
[2026-03-23T07:57:55.853Z] SIGNAL: macd_cross xyz:GOLD BULLISH
[2026-03-23T07:57:55.854Z] SIGNAL: ema_cross xyz:GOLD BEARISH
[2026-03-23T07:57:55.855Z] SIGNAL: rsi_extreme xyz:GOLD RSI 79 OVERBOUGHT
[2026-03-23T07:57:56.101Z] SIGNAL: rsi_extreme xyz:NATGAS RSI 18 OVERSOLD
[2026-03-23T07:57:56.102Z] SIGNAL: ema_cross xyz:NATGAS BEARISH
[2026-03-23T07:57:56.332Z] SCOUT: SKIP HYPE (3 signals) — Conflicting signals: bullish EMA vs bearish MACD
[2026-03-23T07:57:56.332Z] SCOUT: SKIP SOL (1 signal, conf 64) — no confluence
[2026-03-23T07:57:56.875Z] SIGNAL: rsi_extreme xyz:HOOD RSI 24 OVERSOLD
[2026-03-23T07:57:57.108Z] SIGNAL: macd_cross xyz:NVDA BULLISH
[2026-03-23T07:57:57.109Z] SIGNAL: rsi_extreme xyz:NVDA RSI 77 OVERBOUGHT
[2026-03-23T07:57:57.346Z] SIGNAL: rsi_extreme xyz:COIN RSI 23 OVERSOLD
[2026-03-23T07:57:58.022Z] SCOUT: SKIP XRP (1 signals) — Single weak signal, insufficient confluence
[2026-03-23T07:57:59.586Z] SCOUT: SKIP SUI (2 signals) — Contradictory signals, weak MACD confirmation
[2026-03-23T07:57:59.586Z] SCOUT: SKIP DOGE (1 signal, conf 59) — no confluence
[2026-03-23T07:57:59.586Z] SCOUT: SKIP BNB (1 signal, conf 60) — no confluence
[2026-03-23T07:58:01.767Z] SCOUT: SKIP PAXG (3 signals) — Contradictory signals, MACD bearish conflicts
[2026-03-23T07:58:03.350Z] SCOUT: SKIP AVAX (3 signals) — Contradictory signals, weak MACD, neutral sentiment
[2026-03-23T07:58:03.350Z] SCOUT: SKIP LINK (1 signal, conf 61) — no confluence
[2026-03-23T07:58:04.777Z] SCOUT: SKIP AAVE (2 signals) — Contradictory signals, weak MACD conviction
[2026-03-23T07:58:06.546Z] SCOUT: SKIP ENA (2 signals) — Contradictory signals, weak confidence
[2026-03-23T07:58:06.546Z] SCOUT: SKIP kPEPE (1 signal, conf 56) — no confluence
[2026-03-23T07:58:06.546Z] SCOUT: SKIP SEI (1 signal, conf 63) — no confluence
[2026-03-23T07:58:52.511Z] SCOUT: SKIP xyz:CL (2 signals) — Contradictory signals, weak confirmation
[2026-03-23T07:58:54.063Z] SCOUT: SKIP xyz:SILVER (2 signals) — Contradictory signals, weak confidence
[2026-03-23T07:58:55.261Z] SIGNAL: ema_cross xyz:SILVER BEARISH
[2026-03-23T07:58:55.495Z] SIGNAL: macd_cross xyz:BRENTOIL BULLISH
[2026-03-23T07:58:55.654Z] SCOUT: SKIP xyz:GOLD (2 signals) — Contradictory signals, weak confidence levels
[2026-03-23T07:58:58.880Z] SCOUT: SKIP xyz:NATGAS (2 signals) — Contradictory signals, oversold vs bearish cross
[2026-03-23T07:58:58.880Z] SCOUT: SKIP xyz:NVDA (1 signal, conf 58) — no confluence
[2026-03-23T07:59:02.412Z] SIGNAL: volume_spike kPEPE 4.0x avg
[2026-03-23T07:59:43.190Z] SIGNAL: price_breakout xyz:ORCL DOWN
[2026-03-23T07:59:53.214Z] SCOUT: SKIP xyz:SILVER (1 signals) — Single weak bearish signal insufficient
[2026-03-23T07:59:53.214Z] SCOUT: SKIP xyz:BRENTOIL (1 signal, conf 57) — no confluence
[2026-03-23T07:59:55.280Z] SCOUT: SKIP xyz:ORCL (1 signals) — Single weak signal insufficient for action
[2026-03-23T07:59:55.517Z] SIGNAL: rsi_extreme xyz:CL RSI 19 OVERSOLD
[2026-03-23T07:59:55.778Z] SIGNAL: rsi_extreme xyz:SILVER RSI 25 OVERSOLD
[2026-03-23T07:59:55.778Z] SIGNAL: bb_squeeze_breakout xyz:SILVER DOWN
[2026-03-23T07:59:55.779Z] SIGNAL: macd_cross xyz:SILVER BULLISH
[2026-03-23T07:59:55.781Z] SIGNAL: vwap_deviation xyz:SILVER ABOVE
[2026-03-23T07:59:56.258Z] SIGNAL: macd_cross xyz:GOLD BULLISH
[2026-03-23T07:59:56.259Z] SIGNAL: rsi_extreme xyz:GOLD RSI 79 OVERBOUGHT
[2026-03-23T07:59:56.494Z] SIGNAL: rsi_extreme xyz:NATGAS RSI 19 OVERSOLD
[2026-03-23T07:59:56.748Z] SIGNAL: rsi_extreme xyz:COPPER RSI 76 OVERBOUGHT
[2026-03-23T07:59:56.981Z] SIGNAL: rsi_extreme xyz:TSLA RSI 78 OVERBOUGHT
[2026-03-23T07:59:57.220Z] SIGNAL: rsi_extreme xyz:HOOD RSI 24 OVERSOLD
[2026-03-23T07:59:57.459Z] SIGNAL: rsi_extreme xyz:NVDA RSI 78 OVERBOUGHT
[2026-03-23T07:59:57.459Z] SIGNAL: macd_cross xyz:NVDA BULLISH
[2026-03-23T07:59:57.693Z] SIGNAL: rsi_extreme xyz:COIN RSI 22 OVERSOLD
[2026-03-23T07:59:57.693Z] SIGNAL: macd_cross xyz:COIN BULLISH
[2026-03-23T07:59:57.930Z] SIGNAL: macd_cross xyz:ORCL BULLISH
[2026-03-23T07:59:57.930Z] SIGNAL: rsi_extreme xyz:ORCL RSI 76 OVERBOUGHT
[2026-03-23T08:00:03.268Z] SIGNAL: price_breakout xyz:NVDA UP
[2026-03-23T08:00:07.267Z] SIGNAL: volume_spike BNB 4.1x avg
[2026-03-23T08:00:12.744Z] SIGNAL: volume_spike SEI 4.7x avg
[2026-03-23T08:00:23.438Z] SIGNAL: price_breakout xyz:HOOD UP
[2026-03-23T08:00:52.670Z] SCOUT: SKIP xyz:CL (1 signals) — Single oversold signal, insufficient confirmation
[2026-03-23T08:00:54.329Z] SCOUT: SKIP xyz:SILVER (3 signals) — Contradictory signals, weak confidence levels
[2026-03-23T08:00:55.004Z] SIGNAL: macd_cross xyz:CL BULLISH
[2026-03-23T08:00:55.272Z] SIGNAL: ema_cross xyz:SILVER BEARISH
[2026-03-23T08:00:55.931Z] SCOUT: SKIP xyz:GOLD (1 signals) — Single weak signal insufficient for trade
[2026-03-23T08:00:56.121Z] DAILY REPORT: sent — 30 trades
[2026-03-23T08:00:56.943Z] SIGNAL: ema_cross xyz:NATGAS BEARISH
[2026-03-23T08:00:57.423Z] SIGNAL: macd_cross xyz:TSLA BULLISH
[2026-03-23T08:00:57.537Z] SCOUT: SKIP xyz:NATGAS (1 signals) — Single extreme RSI signal insufficient
[2026-03-23T08:00:59.560Z] SCOUT: SKIP xyz:NVDA (2 signals) — Weak signals, low confluence, insufficient conviction
[2026-03-23T08:00:59.560Z] SCOUT: SKIP xyz:COIN (1 signal, conf 60) — no confluence
[2026-03-23T08:00:59.560Z] SCOUT: SKIP xyz:ORCL (1 signal, conf 55) — no confluence
[2026-03-23T08:01:01.107Z] SIGNAL: volume_spike AVAX 4.0x avg
[2026-03-23T08:01:01.218Z] SCOUT: SKIP xyz:HOOD (1 signals) — Single weak signal insufficient for trade
[2026-03-23T08:01:14.403Z] SIGNAL: volume_spike SOL 4.0x avg
[2026-03-23T08:01:26.849Z] SIGNAL: volume_spike LINK 4.1x avg
[2026-03-23T08:01:50.055Z] SCOUT: SKIP xyz:CL (1 signal, conf 60) — no confluence
[2026-03-23T08:01:50.055Z] SCOUT: SKIP xyz:SILVER (1 signal, conf 59) — no confluence
[2026-03-23T08:01:50.055Z] SCOUT: SKIP xyz:NATGAS (1 signal, conf 58) — no confluence
[2026-03-23T08:01:50.055Z] SCOUT: SKIP xyz:TSLA (1 signal, conf 59) — no confluence
[2026-03-23T08:01:54.212Z] SIGNAL: rsi_extreme BTC RSI 80 OVERBOUGHT
[2026-03-23T08:01:54.213Z] SIGNAL: ema_cross BTC BEARISH
[2026-03-23T08:01:54.213Z] SIGNAL: bb_squeeze_breakout BTC DOWN
[2026-03-23T08:01:54.213Z] SIGNAL: macd_cross BTC BULLISH
[2026-03-23T08:01:54.308Z] STATUS: 26 coins | WS: OK | Positions: 3 | Tokens: $5.77 (57.7%)
[2026-03-23T08:01:54.446Z] SIGNAL: rsi_extreme ETH RSI 77 OVERBOUGHT
[2026-03-23T08:01:54.446Z] SIGNAL: ema_cross ETH BULLISH
[2026-03-23T08:01:54.447Z] SIGNAL: bb_squeeze_breakout ETH DOWN
[2026-03-23T08:01:54.449Z] SIGNAL: macd_cross ETH BULLISH
[2026-03-23T08:01:54.719Z] SIGNAL: bb_squeeze_breakout HYPE UP
[2026-03-23T08:01:54.719Z] SIGNAL: ema_cross HYPE BULLISH
[2026-03-23T08:01:54.720Z] SIGNAL: macd_cross HYPE BULLISH
[2026-03-23T08:01:54.720Z] SIGNAL: rsi_extreme HYPE RSI 23 OVERSOLD
[2026-03-23T08:01:54.971Z] SIGNAL: rsi_extreme SOL RSI 76 OVERBOUGHT
[2026-03-23T08:01:54.971Z] SIGNAL: ema_cross SOL BULLISH
[2026-03-23T08:01:54.972Z] SIGNAL: bb_squeeze_breakout SOL DOWN
[2026-03-23T08:01:55.249Z] SIGNAL: rsi_extreme XRP RSI 76 OVERBOUGHT
[2026-03-23T08:01:55.249Z] SIGNAL: bb_squeeze_breakout XRP UP
[2026-03-23T08:01:55.493Z] SIGNAL: rsi_extreme SUI RSI 78 OVERBOUGHT
[2026-03-23T08:01:55.494Z] SIGNAL: macd_cross SUI BEARISH
[2026-03-23T08:01:55.787Z] SIGNAL: rsi_extreme DOGE RSI 75 OVERBOUGHT
[2026-03-23T08:01:55.788Z] SIGNAL: ema_cross DOGE BULLISH
[2026-03-23T08:01:55.789Z] SIGNAL: macd_cross DOGE BEARISH
[2026-03-23T08:01:56.033Z] SIGNAL: rsi_extreme BNB RSI 78 OVERBOUGHT
[2026-03-23T08:01:56.034Z] SIGNAL: bb_squeeze_breakout BNB DOWN
[2026-03-23T08:01:56.468Z] SIGNAL: rsi_extreme PAXG RSI 80 OVERBOUGHT
[2026-03-23T08:01:56.469Z] SIGNAL: ema_cross PAXG BULLISH
[2026-03-23T08:01:56.469Z] SIGNAL: vwap_deviation PAXG ABOVE
[2026-03-23T08:01:56.469Z] SIGNAL: macd_cross PAXG BEARISH
[2026-03-23T08:01:56.704Z] SIGNAL: rsi_extreme AVAX RSI 77 OVERBOUGHT
[2026-03-23T08:01:56.704Z] SIGNAL: bb_squeeze_breakout AVAX UP
[2026-03-23T08:01:56.705Z] SIGNAL: macd_cross AVAX BULLISH
[2026-03-23T08:01:56.960Z] SIGNAL: rsi_extreme LINK RSI 79 OVERBOUGHT
[2026-03-23T08:01:56.960Z] SIGNAL: ema_cross LINK BULLISH
[2026-03-23T08:01:56.960Z] SIGNAL: bb_squeeze_breakout LINK UP
[2026-03-23T08:01:57.202Z] SIGNAL: rsi_extreme AAVE RSI 79 OVERBOUGHT
[2026-03-23T08:01:57.203Z] SIGNAL: macd_cross AAVE BEARISH
[2026-03-23T08:01:57.441Z] SIGNAL: rsi_extreme ENA RSI 75 OVERBOUGHT
[2026-03-23T08:01:57.442Z] SIGNAL: ema_cross ENA BULLISH
[2026-03-23T08:01:57.442Z] SIGNAL: macd_cross ENA BEARISH
[2026-03-23T08:01:57.751Z] SIGNAL: rsi_extreme kPEPE RSI 76 OVERBOUGHT
[2026-03-23T08:01:57.751Z] SIGNAL: macd_cross kPEPE BEARISH
[2026-03-23T08:01:58.013Z] SIGNAL: rsi_extreme SEI RSI 77 OVERBOUGHT
[2026-03-23T08:02:52.740Z] SCOUT: SKIP BTC (3 signals) — Contradictory signals, weak confidence spread
[2026-03-23T08:02:54.314Z] SCOUT: SKIP ETH (3 signals) — Contradictory signals, weak BB breakdown
[2026-03-23T08:02:55.017Z] SIGNAL: rsi_extreme xyz:CL RSI 22 OVERSOLD
[2026-03-23T08:02:55.273Z] SIGNAL: macd_cross xyz:SILVER BEARISH
[2026-03-23T08:02:55.273Z] SIGNAL: ema_cross xyz:SILVER BEARISH
[2026-03-23T08:02:55.273Z] SIGNAL: rsi_extreme xyz:SILVER RSI 20 OVERSOLD
[2026-03-23T08:02:55.273Z] SIGNAL: vwap_deviation xyz:SILVER BELOW
[2026-03-23T08:02:55.795Z] SIGNAL: macd_cross xyz:GOLD BEARISH
[2026-03-23T08:02:55.796Z] SIGNAL: rsi_extreme xyz:GOLD RSI 79 OVERBOUGHT
[2026-03-23T08:02:55.869Z] SCOUT: PASS HYPE (3 signals, 72%) — Strong EMA cross with BB breakout confirmation [analyst buf: 1]
[2026-03-23T08:02:56.032Z] SIGNAL: rsi_extreme xyz:NATGAS RSI 15 OVERSOLD
[2026-03-23T08:02:56.287Z] SIGNAL: rsi_extreme xyz:COPPER RSI 76 OVERBOUGHT
[2026-03-23T08:02:56.537Z] SIGNAL: rsi_extreme xyz:TSLA RSI 20 OVERSOLD
[2026-03-23T08:02:56.804Z] SIGNAL: macd_cross xyz:HOOD BEARISH
[2026-03-23T08:02:56.804Z] SIGNAL: rsi_extreme xyz:HOOD RSI 23 OVERSOLD
[2026-03-23T08:02:57.181Z] SIGNAL: rsi_extreme xyz:NVDA RSI 75 OVERBOUGHT
[2026-03-23T08:02:57.437Z] SIGNAL: rsi_extreme xyz:COIN RSI 23 OVERSOLD
[2026-03-23T08:02:57.437Z] SIGNAL: macd_cross xyz:COIN BEARISH
[2026-03-23T08:02:57.542Z] SCOUT: SKIP SOL (2 signals) — Contradictory signals, neutral sentiment
[2026-03-23T08:02:57.542Z] SCOUT: SKIP XRP (1 signal, conf 61) — no confluence
[2026-03-23T08:02:57.542Z] SCOUT: SKIP SUI (1 signal, conf 55) — no confluence
[2026-03-23T08:02:57.834Z] SIGNAL: macd_cross xyz:ORCL BEARISH
[2026-03-23T08:02:57.835Z] SIGNAL: rsi_extreme xyz:ORCL RSI 76 OVERBOUGHT
[2026-03-23T08:02:59.412Z] SCOUT: SKIP DOGE (2 signals) — Contradictory signals, weak confidence
[2026-03-23T08:02:59.412Z] SCOUT: SKIP BNB (1 signal, conf 60) — no confluence
[2026-03-23T08:03:00.765Z] SCOUT: SKIP PAXG (4 signals) — Contradictory signals: bullish EMA vs bearish MACD
[2026-03-23T08:03:03.020Z] SCOUT: SKIP AVAX (2 signals) — Weak signals, neutral news, low conviction
[2026-03-23T08:03:04.863Z] SCOUT: PASS LINK (2 signals, 63%) — Two aligned bullish signals, moderate confidence [analyst buf: 2]
[2026-03-23T08:03:04.863Z] SCOUT: SKIP AAVE (1 signal, conf 57) — no confluence
[2026-03-23T08:03:06.383Z] SCOUT: SKIP ENA (2 signals) — Contradictory signals, weak MACD confirmation
[2026-03-23T08:03:06.383Z] SCOUT: SKIP kPEPE (1 signal, conf 57) — no confluence
[2026-03-23T08:03:49.114Z] ANALYST: processing 2 scout-passed signal groups
[2026-03-23T08:03:53.216Z] SCOUT: PASS xyz:SILVER (4 signals, 80%) — Strong bearish consensus with oversold confirmation [analyst buf: 1]
[2026-03-23T08:03:53.216Z] SCOUT: SKIP xyz:GOLD (1 signal, conf 63) — no confluence
[2026-03-23T08:03:54.657Z] SCOUT: SKIP xyz:NATGAS (1 signals) — Single oversold signal insufficient confirmation
[2026-03-23T08:03:56.083Z] SCOUT: SKIP xyz:TSLA (1 signals) — Single weak oversold signal insufficient
[2026-03-23T08:03:56.083Z] SCOUT: SKIP xyz:HOOD (1 signal, conf 58) — no confluence
[2026-03-23T08:03:56.491Z] SIGNAL: macd_cross xyz:TSLA BULLISH
[2026-03-23T08:03:57.426Z] SCOUT: SKIP xyz:COIN (1 signals) — Single weak signal, insufficient confirmation
[2026-03-23T08:03:59.178Z] SCOUT: SKIP xyz:ORCL (1 signals) — Single weak bearish signal, insufficient confirmation
[2026-03-23T08:04:02.684Z] SIGNAL: macd_cross kPEPE BULLISH
[2026-03-23T08:04:16.912Z] DECISION: HOLD HYPE — Positions full; whale/sentiment data absent for signal 
[2026-03-23T08:04:16.912Z] DECISION: HOLD HYPE — Dominant whale weight 55% unconfirmed in signal 
[2026-03-23T08:04:16.912Z] DECISION: HOLD HYPE — High SL rate history; macro risk-off headwinds present 
[2026-03-23T08:04:16.912Z] DECISION: HOLD LINK — Scout 63% below 70% minimum confidence threshold 
[2026-03-23T08:04:16.912Z] DECISION: HOLD LINK — Scout 63% below 70% minimum confidence threshold 
[2026-03-23T08:04:16.912Z] DECISION: HOLD LINK — Scout 63% below 70% minimum confidence threshold 
[2026-03-23T08:04:51.010Z] SCOUT: SKIP xyz:TSLA (1 signal, conf 60) — no confluence
[2026-03-23T08:04:51.010Z] SCOUT: SKIP kPEPE (1 signal, conf 58) — no confluence
[2026-03-23T08:04:55.291Z] SIGNAL: macd_cross xyz:SILVER BEARISH
[2026-03-23T08:04:55.291Z] SIGNAL: ema_cross xyz:SILVER BEARISH
[2026-03-23T08:04:55.291Z] SIGNAL: rsi_extreme xyz:SILVER RSI 24 OVERSOLD
[2026-03-23T08:04:55.291Z] SIGNAL: vwap_deviation xyz:SILVER BELOW
[2026-03-23T08:04:55.798Z] SIGNAL: macd_cross xyz:GOLD BEARISH
[2026-03-23T08:04:55.798Z] SIGNAL: ema_cross xyz:GOLD BEARISH
[2026-03-23T08:04:55.798Z] SIGNAL: bb_squeeze_breakout xyz:GOLD DOWN
[2026-03-23T08:04:55.799Z] SIGNAL: rsi_extreme xyz:GOLD RSI 79 OVERBOUGHT
[2026-03-23T08:04:56.083Z] SIGNAL: rsi_extreme xyz:NATGAS RSI 22 OVERSOLD
[2026-03-23T08:04:56.319Z] SIGNAL: macd_cross xyz:COPPER BEARISH
[2026-03-23T08:04:56.320Z] SIGNAL: rsi_extreme xyz:COPPER RSI 76 OVERBOUGHT
[2026-03-23T08:04:56.558Z] SIGNAL: rsi_extreme xyz:TSLA RSI 21 OVERSOLD
[2026-03-23T08:05:19.115Z] ANALYST: processing 1 scout-passed signal groups
[2026-03-23T08:05:49.974Z] DECISION: HOLD xyz:SILVER — Positions full; no sentiment or whale data 
[2026-03-23T08:05:49.975Z] DECISION: HOLD xyz:SILVER — Whale data absent; RSI 19.5 reversal risk high 
[2026-03-23T08:05:49.975Z] DECISION: [Scalping-v2] RISK_BLOCKED xyz:SILVER — Confidence 62% < 70% 
[2026-03-23T08:05:52.681Z] SCOUT: PASS xyz:SILVER (3 signals, 77%) — Strong bearish convergence, three aligned signals [analyst buf: 1]
[2026-03-23T08:05:54.663Z] SCOUT: PASS xyz:GOLD (3 signals, 66%) — Triple bearish confluence, moderate strength [analyst buf: 2]
[2026-03-23T08:05:54.663Z] SCOUT: SKIP xyz:COPPER (1 signal, conf 56) — no confluence
[2026-03-23T08:05:55.009Z] SIGNAL: rsi_extreme xyz:CL RSI 22 OVERSOLD
[2026-03-23T08:05:56.666Z] SIGNAL: macd_cross xyz:TSLA BEARISH
[2026-03-23T08:05:56.905Z] SIGNAL: rsi_extreme xyz:HOOD RSI 24 OVERSOLD
[2026-03-23T08:05:57.139Z] SIGNAL: rsi_extreme xyz:NVDA RSI 77 OVERBOUGHT
[2026-03-23T08:05:57.377Z] SIGNAL: rsi_extreme xyz:COIN RSI 24 OVERSOLD
[2026-03-23T08:05:57.377Z] SIGNAL: macd_cross xyz:COIN BEARISH
[2026-03-23T08:05:57.612Z] SIGNAL: macd_cross xyz:ORCL BEARISH
[2026-03-23T08:05:57.613Z] SIGNAL: rsi_extreme xyz:ORCL RSI 76 OVERBOUGHT
[2026-03-23T08:06:49.114Z] ANALYST: processing 2 scout-passed signal groups
[2026-03-23T08:06:50.785Z] SCOUT: SKIP xyz:TSLA (1 signal, conf 58) — no confluence
[2026-03-23T08:06:52.719Z] SCOUT: SKIP xyz:COIN (1 signals) — Single weak signal, insufficient confirmation
[2026-03-23T08:06:53.188Z] SIGNAL: price_breakout xyz:ORCL UP
[2026-03-23T08:06:54.213Z] SIGNAL: rsi_extreme BTC RSI 79 OVERBOUGHT
[2026-03-23T08:06:54.214Z] SIGNAL: ema_cross BTC BEARISH
[2026-03-23T08:06:54.214Z] SIGNAL: bb_squeeze_breakout BTC DOWN
[2026-03-23T08:06:54.215Z] SIGNAL: macd_cross BTC BULLISH
[2026-03-23T08:06:54.309Z] STATUS: 26 coins | WS: OK | Positions: 3 | Tokens: $5.85 (58.5%)
[2026-03-23T08:06:54.459Z] SIGNAL: rsi_extreme ETH RSI 76 OVERBOUGHT
[2026-03-23T08:06:54.459Z] SIGNAL: bb_squeeze_breakout ETH UP
[2026-03-23T08:06:54.461Z] SIGNAL: macd_cross ETH BULLISH
[2026-03-23T08:06:54.738Z] SIGNAL: rsi_extreme HYPE RSI 76 OVERBOUGHT
[2026-03-23T08:06:54.738Z] SIGNAL: bb_squeeze_breakout HYPE UP
[2026-03-23T08:06:54.738Z] SIGNAL: macd_cross HYPE BEARISH
[2026-03-23T08:06:54.877Z] SCOUT: SKIP xyz:ORCL (1 signals) — Single weak signal, insufficient evidence
[2026-03-23T08:06:55.011Z] SIGNAL: rsi_extreme SOL RSI 76 OVERBOUGHT
[2026-03-23T08:06:55.011Z] SIGNAL: ema_cross SOL BULLISH
[2026-03-23T08:06:55.012Z] SIGNAL: bb_squeeze_breakout SOL UP
[2026-03-23T08:06:55.287Z] SIGNAL: ema_cross XRP BULLISH
[2026-03-23T08:06:55.287Z] SIGNAL: macd_cross XRP BEARISH
[2026-03-23T08:06:55.288Z] SIGNAL: rsi_extreme XRP RSI 75 OVERBOUGHT
[2026-03-23T08:06:55.343Z] SIGNAL: ema_cross xyz:SILVER BEARISH
[2026-03-23T08:06:55.343Z] SIGNAL: rsi_extreme xyz:SILVER RSI 23 OVERSOLD
[2026-03-23T08:06:55.344Z] SIGNAL: vwap_deviation xyz:SILVER BELOW
[2026-03-23T08:06:55.344Z] SIGNAL: macd_cross xyz:SILVER BULLISH
[2026-03-23T08:06:55.522Z] SIGNAL: rsi_extreme SUI RSI 78 OVERBOUGHT
[2026-03-23T08:06:55.522Z] SIGNAL: ema_cross SUI BULLISH
[2026-03-23T08:06:55.523Z] SIGNAL: macd_cross SUI BEARISH
[2026-03-23T08:06:55.605Z] SIGNAL: rsi_extreme xyz:BRENTOIL RSI 25 OVERSOLD
[2026-03-23T08:06:55.767Z] SIGNAL: macd_cross DOGE BEARISH
[2026-03-23T08:06:55.865Z] SIGNAL: macd_cross xyz:GOLD BEARISH
[2026-03-23T08:06:55.865Z] SIGNAL: bb_squeeze_breakout xyz:GOLD DOWN
[2026-03-23T08:06:55.865Z] SIGNAL: ema_cross xyz:GOLD BEARISH
[2026-03-23T08:06:55.866Z] SIGNAL: rsi_extreme xyz:GOLD RSI 79 OVERBOUGHT
[2026-03-23T08:06:56.001Z] SIGNAL: rsi_extreme BNB RSI 78 OVERBOUGHT
[2026-03-23T08:06:56.002Z] SIGNAL: bb_squeeze_breakout BNB DOWN
[2026-03-23T08:06:56.099Z] SIGNAL: rsi_extreme xyz:NATGAS RSI 17 OVERSOLD
[2026-03-23T08:06:56.285Z] SIGNAL: rsi_extreme PAXG RSI 80 OVERBOUGHT
[2026-03-23T08:06:56.285Z] SIGNAL: ema_cross PAXG BULLISH
[2026-03-23T08:06:56.285Z] SIGNAL: vwap_deviation PAXG ABOVE
[2026-03-23T08:06:56.286Z] SIGNAL: macd_cross PAXG BULLISH
[2026-03-23T08:06:56.396Z] SIGNAL: macd_cross xyz:COPPER BEARISH
[2026-03-23T08:06:56.397Z] SIGNAL: rsi_extreme xyz:COPPER RSI 76 OVERBOUGHT
[2026-03-23T08:06:56.519Z] SIGNAL: rsi_extreme AVAX RSI 78 OVERBOUGHT
[2026-03-23T08:06:56.519Z] SIGNAL: ema_cross AVAX BULLISH
[2026-03-23T08:06:56.519Z] SIGNAL: bb_squeeze_breakout AVAX UP
[2026-03-23T08:06:56.519Z] SIGNAL: macd_cross AVAX BULLISH
[2026-03-23T08:06:56.636Z] SIGNAL: rsi_extreme xyz:TSLA RSI 21 OVERSOLD
[2026-03-23T08:06:56.787Z] SIGNAL: rsi_extreme LINK RSI 78 OVERBOUGHT
[2026-03-23T08:06:56.787Z] SIGNAL: ema_cross LINK BULLISH
[2026-03-23T08:06:56.787Z] SIGNAL: bb_squeeze_breakout LINK UP
[2026-03-23T08:06:56.871Z] SIGNAL: macd_cross xyz:HOOD BEARISH
[2026-03-23T08:06:57.053Z] SIGNAL: rsi_extreme AAVE RSI 80 OVERBOUGHT
[2026-03-23T08:06:57.053Z] SIGNAL: ema_cross AAVE BULLISH
[2026-03-23T08:06:57.053Z] SIGNAL: bb_squeeze_breakout AAVE UP
[2026-03-23T08:06:57.054Z] SIGNAL: macd_cross AAVE BEARISH
[2026-03-23T08:06:57.345Z] SIGNAL: rsi_extreme ENA RSI 77 OVERBOUGHT
[2026-03-23T08:06:57.345Z] SIGNAL: ema_cross ENA BULLISH
[2026-03-23T08:06:57.345Z] SIGNAL: macd_cross ENA BEARISH
[2026-03-23T08:06:57.580Z] SIGNAL: rsi_extreme kPEPE RSI 76 OVERBOUGHT
[2026-03-23T08:06:57.580Z] SIGNAL: macd_cross kPEPE BULLISH
[2026-03-23T08:06:57.815Z] SIGNAL: rsi_extreme SEI RSI 75 OVERBOUGHT
[2026-03-23T08:07:28.508Z] DECISION: [Scalping-v2] RISK_BLOCKED xyz:SILVER — Confidence 62% < 70% 
[2026-03-23T08:07:28.508Z] DECISION: HOLD xyz:SILVER — Capacity full 2/2, sentiment/whale data missing 
[2026-03-23T08:07:28.508Z] DECISION: HOLD xyz:SILVER — Whale data absent, dominant 55% weight unconfirmed 
[2026-03-23T08:07:28.508Z] DECISION: HOLD xyz:GOLD — Scout 66% below 70% threshold, EMA/BB weak signals 
[2026-03-23T08:07:28.508Z] DECISION: HOLD xyz:GOLD — Sub-threshold scout, capacity full, mixed macro 
[2026-03-23T08:07:28.508Z] DECISION: HOLD xyz:GOLD — Scout 66% fails threshold, no whale confirmation 
[2026-03-23T08:07:51.048Z] SCOUT: SKIP xyz:ORCL (1 signal, conf 57) — no confluence
[2026-03-23T08:07:52.784Z] SCOUT: SKIP BTC (3 signals) — Contradictory signals, weak confidence across board
[2026-03-23T08:07:54.797Z] SCOUT: SKIP ETH (2 signals) — Weak signals, neutral sentiment, low conviction
[2026-03-23T08:07:55.171Z] SIGNAL: rsi_extreme xyz:CL RSI 22 OVERSOLD
[2026-03-23T08:07:56.384Z] SCOUT: SKIP HYPE (2 signals) — Contradictory signals, weak confluence
[2026-03-23T08:07:56.968Z] SIGNAL: rsi_extreme xyz:HOOD RSI 25 OVERSOLD
[2026-03-23T08:07:57.208Z] SIGNAL: rsi_extreme xyz:NVDA RSI 75 OVERBOUGHT
[2026-03-23T08:07:57.471Z] SIGNAL: macd_cross xyz:COIN BEARISH
[2026-03-23T08:07:57.471Z] SIGNAL: ema_cross xyz:COIN BEARISH
[2026-03-23T08:07:57.473Z] SIGNAL: rsi_extreme xyz:COIN RSI 80 OVERBOUGHT
[2026-03-23T08:07:57.727Z] SIGNAL: rsi_extreme xyz:ORCL RSI 76 OVERBOUGHT
[2026-03-23T08:07:57.728Z] SIGNAL: macd_cross xyz:ORCL BEARISH
[2026-03-23T08:07:58.268Z] SCOUT: SKIP SOL (2 signals) — Weak signals, neutral sentiment, insufficient conviction
[2026-03-23T08:08:00.298Z] SCOUT: SKIP XRP (2 signals) — Contradictory signals, weak confidence levels
[2026-03-23T08:08:02.502Z] SCOUT: SKIP xyz:SILVER (3 signals) — Contradictory signals, conflicting directional bias
[2026-03-23T08:08:04.137Z] SCOUT: SKIP SUI (2 signals) — Contradictory signals, weak confidence levels
[2026-03-23T08:08:04.137Z] SCOUT: SKIP DOGE (1 signal, conf 59) — no confluence
[2026-03-23T08:08:05.814Z] SCOUT: SKIP xyz:GOLD (3 signals) — Weak bearish alignment, low EMA confidence
[2026-03-23T08:08:05.814Z] SCOUT: SKIP BNB (1 signal, conf 60) — no confluence
[2026-03-23T08:08:07.702Z] SCOUT: SKIP xyz:NATGAS (1 signals) — Single weak oversold signal insufficient
[2026-03-23T08:08:09.322Z] SCOUT: SKIP PAXG (4 signals) — RSI overbought conflicts bullish signals
[2026-03-23T08:08:09.322Z] SCOUT: SKIP xyz:COPPER (1 signal, conf 56) — no confluence
[2026-03-23T08:08:11.605Z] SCOUT: SKIP AVAX (3 signals) — Weak signals, low confidence, neutral sentiment
[2026-03-23T08:08:14.015Z] SCOUT: PASS LINK (2 signals, 66%) — Two aligned bullish signals, moderate confidence [analyst buf: 1]
[2026-03-23T08:08:14.015Z] SCOUT: SKIP xyz:HOOD (1 signal, conf 57) — no confluence
[2026-03-23T08:08:15.908Z] SCOUT: SKIP AAVE (4 signals) — Overbought with contradictory momentum signals
[2026-03-23T08:08:17.348Z] SCOUT: SKIP ENA (2 signals) — Contradictory signals, weak MACD confirmation
[2026-03-23T08:08:17.348Z] SCOUT: SKIP kPEPE (1 signal, conf 56) — no confluence
[2026-03-23T08:08:19.115Z] ANALYST: processing 1 scout-passed signal groups
[2026-03-23T08:08:40.725Z] DECISION: HOLD LINK — Positions full, 2/2 capacity reached 
[2026-03-23T08:08:40.725Z] DECISION: HOLD LINK — Scout 66% below 70% threshold, no whale data 
[2026-03-23T08:08:40.725Z] DECISION: HOLD LINK — Composite 66%, only one signal meets 70% bar 
[2026-03-23T08:08:53.502Z] SCOUT: SKIP xyz:COIN (2 signals) — Low confidence EMA cross weakens signal
[2026-03-23T08:08:53.502Z] SCOUT: SKIP xyz:ORCL (1 signal, conf 55) — no confluence
[2026-03-23T08:08:55.026Z] SIGNAL: macd_cross xyz:CL BULLISH
[2026-03-23T08:08:55.488Z] SIGNAL: rsi_extreme xyz:SILVER RSI 24 OVERSOLD
[2026-03-23T08:08:55.488Z] SIGNAL: macd_cross xyz:SILVER BEARISH
[2026-03-23T08:08:55.488Z] SIGNAL: ema_cross xyz:SILVER BEARISH
[2026-03-23T08:08:55.488Z] SIGNAL: vwap_deviation xyz:SILVER BELOW
[2026-03-23T08:08:55.747Z] SIGNAL: macd_cross xyz:BRENTOIL BULLISH
[2026-03-23T08:08:55.749Z] SIGNAL: rsi_extreme xyz:BRENTOIL RSI 25 OVERSOLD
[2026-03-23T08:08:56.067Z] SIGNAL: macd_cross xyz:GOLD BEARISH
[2026-03-23T08:08:56.067Z] SIGNAL: bb_squeeze_breakout xyz:GOLD DOWN
[2026-03-23T08:08:56.067Z] SIGNAL: ema_cross xyz:GOLD BEARISH
[2026-03-23T08:08:56.068Z] SIGNAL: rsi_extreme xyz:GOLD RSI 78 OVERBOUGHT
[2026-03-23T08:08:56.304Z] SIGNAL: rsi_extreme xyz:NATGAS RSI 19 OVERSOLD
[2026-03-23T08:08:56.539Z] SIGNAL: rsi_extreme xyz:COPPER RSI 76 OVERBOUGHT
[2026-03-23T08:08:56.771Z] SIGNAL: macd_cross xyz:TSLA BEARISH
[2026-03-23T08:08:56.772Z] SIGNAL: rsi_extreme xyz:TSLA RSI 21 OVERSOLD
[2026-03-23T08:08:57.006Z] SIGNAL: macd_cross xyz:HOOD BEARISH
[2026-03-23T08:09:50.827Z] SCOUT: SKIP xyz:CL (1 signal, conf 56) — no confluence
[2026-03-23T08:09:52.720Z] SCOUT: PASS xyz:SILVER (3 signals, 76%) — Strong bearish consensus, above confidence threshold [analyst buf: 1]
[2026-03-23T08:09:52.720Z] SCOUT: SKIP xyz:BRENTOIL (1 signal, conf 59) — no confluence
[2026-03-23T08:09:54.401Z] SCOUT: PASS xyz:GOLD (3 signals, 69%) — Strong bearish alignment, high confidence MACD cross [analyst buf: 2]
[2026-03-23T08:09:55.977Z] SCOUT: SKIP xyz:NATGAS (1 signals) — Single oversold signal insufficient confirmation
[2026-03-23T08:09:57.050Z] SIGNAL: rsi_extreme xyz:HOOD RSI 25 OVERSOLD
[2026-03-23T08:09:57.321Z] SIGNAL: rsi_extreme xyz:NVDA RSI 23 OVERSOLD
[2026-03-23T08:09:57.565Z] SIGNAL: macd_cross xyz:COIN BEARISH
[2026-03-23T08:09:57.569Z] SIGNAL: rsi_extreme xyz:COIN RSI 79 OVERBOUGHT
[2026-03-23T08:09:57.903Z] SIGNAL: rsi_extreme xyz:ORCL RSI 25 OVERSOLD
[2026-03-23T08:09:57.904Z] SIGNAL: macd_cross xyz:ORCL BEARISH
[2026-03-23T08:09:57.922Z] SCOUT: SKIP xyz:TSLA (1 signals) — Single weak bearish signal insufficient
[2026-03-23T08:09:57.922Z] SCOUT: SKIP xyz:HOOD (1 signal, conf 58) — no confluence
[2026-03-23T08:10:52.917Z] SCOUT: SKIP xyz:COIN (1 signals) — Single weak bearish signal insufficient
[2026-03-23T08:10:52.917Z] SCOUT: SKIP xyz:ORCL (1 signal, conf 55) — no confluence
[2026-03-23T08:10:55.010Z] SIGNAL: rsi_extreme xyz:CL RSI 22 OVERSOLD
[2026-03-23T08:11:19.116Z] ANALYST: processing 2 scout-passed signal groups
[2026-03-23T08:11:51.000Z] FILL: Open Short xyz:SILVER 1.16@64.719 PnL=0.0
[2026-03-23T08:11:51.000Z] ORDER: A xyz:SILVER status=open
[2026-03-23T08:11:51.000Z] ORDER: A xyz:SILVER status=filled
[2026-03-23T08:11:51.702Z] DECISION: [Copytrading-v2] SELL xyz:SILVER — MACD+EMA dual bearish confirm, Scout 76%, downtrend established (EXECUTED)
[2026-03-23T08:11:51.702Z] DECISION: [Scalping-v2] RISK_BLOCKED xyz:SILVER — Confidence 61% < 70% 
[2026-03-23T08:11:51.702Z] DECISION: HOLD xyz:SILVER — Max positions reached 2/2, cannot open 
[2026-03-23T08:11:51.702Z] DECISION: HOLD xyz:GOLD — Scout 69% below 70% threshold, rule-based hold 
[2026-03-23T08:11:51.702Z] DECISION: HOLD xyz:GOLD — Scout 69% below 70% threshold, rule-based hold 
[2026-03-23T08:11:51.702Z] DECISION: HOLD xyz:GOLD — Scout 69% below 70% threshold, rule-based hold 
[2026-03-23T08:11:54.211Z] SIGNAL: rsi_extreme BTC RSI 79 OVERBOUGHT
[2026-03-23T08:11:54.212Z] SIGNAL: ema_cross BTC BEARISH
[2026-03-23T08:11:54.212Z] SIGNAL: bb_squeeze_breakout BTC DOWN
[2026-03-23T08:11:54.212Z] SIGNAL: macd_cross BTC BULLISH
[2026-03-23T08:11:54.310Z] STATUS: 26 coins | WS: OK | Positions: 4 | Tokens: $5.98 (59.8%)
[2026-03-23T08:11:54.497Z] SIGNAL: macd_cross ETH BEARISH
[2026-03-23T08:11:54.497Z] SIGNAL: rsi_extreme ETH RSI 77 OVERBOUGHT
[2026-03-23T08:11:54.498Z] SIGNAL: bb_squeeze_breakout ETH DOWN
[2026-03-23T08:11:54.730Z] SIGNAL: bb_squeeze_breakout HYPE UP
[2026-03-23T08:11:54.730Z] SIGNAL: ema_cross HYPE BULLISH
[2026-03-23T08:11:54.731Z] SIGNAL: macd_cross HYPE BEARISH
[2026-03-23T08:11:54.731Z] SIGNAL: rsi_extreme HYPE RSI 23 OVERSOLD
[2026-03-23T08:11:54.980Z] SIGNAL: bb_squeeze_breakout SOL UP
[2026-03-23T08:11:54.981Z] SIGNAL: rsi_extreme SOL RSI 77 OVERBOUGHT
[2026-03-23T08:11:55.008Z] SIGNAL: macd_cross xyz:CL BULLISH
[2026-03-23T08:11:55.215Z] SIGNAL: ema_cross XRP BULLISH
[2026-03-23T08:11:55.216Z] SIGNAL: rsi_extreme XRP RSI 75 OVERBOUGHT
[2026-03-23T08:11:55.264Z] SIGNAL: rsi_extreme xyz:SILVER RSI 21 OVERSOLD
[2026-03-23T08:11:55.264Z] SIGNAL: ema_cross xyz:SILVER BEARISH
[2026-03-23T08:11:55.264Z] SIGNAL: vwap_deviation xyz:SILVER BELOW
[2026-03-23T08:11:55.265Z] SIGNAL: macd_cross xyz:SILVER BULLISH
[2026-03-23T08:11:55.512Z] SIGNAL: rsi_extreme SUI RSI 76 OVERBOUGHT
[2026-03-23T08:11:55.512Z] SIGNAL: ema_cross SUI BULLISH
[2026-03-23T08:11:55.512Z] SIGNAL: bb_squeeze_breakout SUI UP
[2026-03-23T08:11:55.513Z] SIGNAL: macd_cross SUI BEARISH
[2026-03-23T08:11:55.538Z] SIGNAL: rsi_extreme xyz:BRENTOIL RSI 25 OVERSOLD
[2026-03-23T08:11:55.538Z] SIGNAL: macd_cross xyz:BRENTOIL BULLISH
[2026-03-23T08:11:55.748Z] SIGNAL: macd_cross DOGE BEARISH
[2026-03-23T08:11:55.795Z] SIGNAL: rsi_extreme xyz:GOLD RSI 23 OVERSOLD
[2026-03-23T08:11:55.795Z] SIGNAL: macd_cross xyz:GOLD BEARISH
[2026-03-23T08:11:55.795Z] SIGNAL: ema_cross xyz:GOLD BEARISH
[2026-03-23T08:11:55.981Z] SIGNAL: rsi_extreme BNB RSI 82 OVERBOUGHT
[2026-03-23T08:11:55.982Z] SIGNAL: bb_squeeze_breakout BNB DOWN
[2026-03-23T08:11:56.045Z] SIGNAL: rsi_extreme xyz:NATGAS RSI 24 OVERSOLD
[2026-03-23T08:11:56.215Z] SIGNAL: rsi_extreme PAXG RSI 81 OVERBOUGHT
[2026-03-23T08:11:56.215Z] SIGNAL: ema_cross PAXG BULLISH
[2026-03-23T08:11:56.215Z] SIGNAL: vwap_deviation PAXG ABOVE
[2026-03-23T08:11:56.215Z] SIGNAL: macd_cross PAXG BEARISH
[2026-03-23T08:11:56.280Z] SIGNAL: rsi_extreme xyz:COPPER RSI 76 OVERBOUGHT
[2026-03-23T08:11:56.503Z] SIGNAL: bb_squeeze_breakout AVAX UP
[2026-03-23T08:11:56.503Z] SIGNAL: rsi_extreme AVAX RSI 76 OVERBOUGHT
[2026-03-23T08:11:56.503Z] SIGNAL: macd_cross AVAX BULLISH
[2026-03-23T08:11:56.525Z] SIGNAL: rsi_extreme xyz:TSLA RSI 23 OVERSOLD
[2026-03-23T08:11:56.525Z] SIGNAL: macd_cross xyz:TSLA BULLISH
[2026-03-23T08:11:56.815Z] SIGNAL: ema_cross LINK BULLISH
[2026-03-23T08:11:56.816Z] SIGNAL: rsi_extreme LINK RSI 78 OVERBOUGHT
[2026-03-23T08:11:56.816Z] SIGNAL: bb_squeeze_breakout LINK DOWN
[2026-03-23T08:11:57.184Z] SIGNAL: rsi_extreme xyz:HOOD RSI 25 OVERSOLD
[2026-03-23T08:11:57.419Z] SIGNAL: rsi_extreme xyz:NVDA RSI 22 OVERSOLD
[2026-03-23T08:11:57.524Z] SIGNAL: rsi_extreme AAVE RSI 77 OVERBOUGHT
[2026-03-23T08:11:57.525Z] SIGNAL: ema_cross AAVE BULLISH
[2026-03-23T08:11:57.525Z] SIGNAL: bb_squeeze_breakout AAVE UP
[2026-03-23T08:11:57.525Z] SIGNAL: macd_cross AAVE BEARISH
[2026-03-23T08:11:57.656Z] SIGNAL: macd_cross xyz:COIN BEARISH
[2026-03-23T08:11:57.657Z] SIGNAL: rsi_extreme xyz:COIN RSI 25 OVERSOLD
[2026-03-23T08:11:57.760Z] SIGNAL: bb_squeeze_breakout ENA UP
[2026-03-23T08:11:57.760Z] SIGNAL: ema_cross ENA BULLISH
[2026-03-23T08:11:57.761Z] SIGNAL: rsi_extreme ENA RSI 76 OVERBOUGHT
[2026-03-23T08:11:57.762Z] SIGNAL: macd_cross ENA BULLISH
[2026-03-23T08:11:58.008Z] SIGNAL: macd_cross kPEPE BEARISH
[2026-03-23T08:11:58.009Z] SIGNAL: rsi_extreme kPEPE RSI 77 OVERBOUGHT
[2026-03-23T08:11:58.243Z] SIGNAL: rsi_extreme SEI RSI 76 OVERBOUGHT
[2026-03-23T08:12:52.814Z] SCOUT: SKIP BTC (3 signals) — Contradictory signals, weak confidence spread
[2026-03-23T08:12:54.266Z] SCOUT: SKIP ETH (2 signals) — Weak signals, neutral news, low conviction
[2026-03-23T08:12:55.042Z] SIGNAL: rsi_extreme xyz:CL RSI 22 OVERSOLD
[2026-03-23T08:12:56.198Z] SIGNAL: macd_cross xyz:NATGAS BEARISH
[2026-03-23T08:12:56.223Z] SCOUT: SKIP HYPE (3 signals) — Contradictory signals, MACD bearish conflicts
[2026-03-23T08:12:56.223Z] SCOUT: SKIP SOL (1 signal, conf 61) — no confluence
[2026-03-23T08:12:56.223Z] SCOUT: SKIP xyz:CL (1 signal, conf 63) — no confluence
[2026-03-23T08:12:56.223Z] SCOUT: SKIP XRP (1 signal, conf 55) — no confluence
[2026-03-23T08:12:58.340Z] SIGNAL: rsi_extreme xyz:ORCL RSI 24 OVERSOLD
[2026-03-23T08:12:58.341Z] SIGNAL: macd_cross xyz:ORCL BEARISH
[2026-03-23T08:12:58.574Z] SCOUT: SKIP xyz:SILVER (3 signals) — Contradictory signals: bearish vs bullish conflict
[2026-03-23T08:13:00.376Z] SCOUT: SKIP SUI (3 signals) — Contradictory signals: bullish vs bearish conflict
[2026-03-23T08:13:00.376Z] SCOUT: SKIP xyz:BRENTOIL (1 signal, conf 58) — no confluence
[2026-03-23T08:13:00.376Z] SCOUT: SKIP DOGE (1 signal, conf 59) — no confluence
[2026-03-23T08:13:02.641Z] SCOUT: SKIP xyz:GOLD (2 signals) — Dual bearish signals but insufficient confirmation strength
[2026-03-23T08:13:04.148Z] SCOUT: SKIP BNB (2 signals) — Overbought RSI contradicts breakout signal
[2026-03-23T08:13:05.958Z] SCOUT: SKIP PAXG (4 signals) — Contradictory signals: bullish vs bearish MACD
[2026-03-23T08:13:07.570Z] SCOUT: SKIP AVAX (2 signals) — Weak signals, neutral sentiment, low conviction
[2026-03-23T08:13:07.570Z] SCOUT: SKIP xyz:TSLA (1 signal, conf 60) — no confluence
[2026-03-23T08:13:09.218Z] SCOUT: SKIP LINK (2 signals) — Contradictory signals, weak confidence levels
[2026-03-23T08:13:10.981Z] SCOUT: SKIP AAVE (3 signals) — Contradictory signals, weak MACD bearish cross
[2026-03-23T08:13:12.414Z] SCOUT: SKIP xyz:COIN (1 signals) — Single weak bearish signal insufficient
[2026-03-23T08:13:14.171Z] SCOUT: PASS ENA (3 signals, 62%) — Three aligned bullish signals, moderate confidence [analyst buf: 1]
[2026-03-23T08:13:14.171Z] SCOUT: SKIP kPEPE (1 signal, conf 56) — no confluence
[2026-03-23T08:13:50.433Z] SCOUT: SKIP xyz:NATGAS (1 signal, conf 55) — no confluence
[2026-03-23T08:13:50.433Z] SCOUT: SKIP xyz:ORCL (1 signal, conf 55) — no confluence
[2026-03-23T08:13:55.201Z] SIGNAL: macd_cross xyz:CL BULLISH
[2026-03-23T08:13:55.460Z] SIGNAL: rsi_extreme xyz:SILVER RSI 23 OVERSOLD
[2026-03-23T08:13:55.460Z] SIGNAL: macd_cross xyz:SILVER BEARISH
[2026-03-23T08:13:55.460Z] SIGNAL: ema_cross xyz:SILVER BEARISH
[2026-03-23T08:13:55.460Z] SIGNAL: vwap_deviation xyz:SILVER BELOW
[2026-03-23T08:13:55.723Z] SIGNAL: rsi_extreme xyz:BRENTOIL RSI 25 OVERSOLD
[2026-03-23T08:13:55.723Z] SIGNAL: macd_cross xyz:BRENTOIL BULLISH
[2026-03-23T08:13:55.956Z] SIGNAL: rsi_extreme xyz:GOLD RSI 24 OVERSOLD
[2026-03-23T08:13:55.956Z] SIGNAL: macd_cross xyz:GOLD BEARISH
[2026-03-23T08:13:55.956Z] SIGNAL: ema_cross xyz:GOLD BEARISH
[2026-03-23T08:13:56.222Z] SIGNAL: rsi_extreme xyz:NATGAS RSI 19 OVERSOLD
[2026-03-23T08:13:56.456Z] SIGNAL: macd_cross xyz:COPPER BEARISH
[2026-03-23T08:13:56.457Z] SIGNAL: rsi_extreme xyz:COPPER RSI 75 OVERBOUGHT
[2026-03-23T08:13:56.690Z] SIGNAL: rsi_extreme xyz:TSLA RSI 20 OVERSOLD
[2026-03-23T08:13:56.691Z] SIGNAL: macd_cross xyz:TSLA BULLISH
[2026-03-23T08:13:57.157Z] SIGNAL: macd_cross xyz:NVDA BEARISH
[2026-03-23T08:14:19.117Z] ANALYST: processing 1 scout-passed signal groups
[2026-03-23T08:14:38.459Z] DECISION: HOLD ENA — Strategy full (2/2), confidence below 70% threshold 
[2026-03-23T08:14:38.459Z] DECISION: HOLD ENA — Strategy full (2/2), no whale data, weak tech signals 
[2026-03-23T08:14:38.459Z] DECISION: HOLD ENA — Sub-70% confidence, chronic SL history on ENA longs 
[2026-03-23T08:14:52.592Z] SCOUT: SKIP xyz:CL (1 signals) — Single weak signal insufficient for trade
[2026-03-23T08:14:54.925Z] SCOUT: PASS xyz:SILVER (3 signals, 84%) — Strong bearish consensus, high confidence signals aligned [analyst buf: 1]
[2026-03-23T08:14:54.925Z] SCOUT: SKIP xyz:BRENTOIL (1 signal, conf 58) — no confluence
[2026-03-23T08:14:56.950Z] SIGNAL: rsi_extreme xyz:HOOD RSI 24 OVERSOLD
[2026-03-23T08:14:57.064Z] SCOUT: SKIP xyz:GOLD (2 signals) — Two aligned bearish signals, but both weak confidence
[2026-03-23T08:14:57.182Z] SIGNAL: rsi_extreme xyz:NVDA RSI 24 OVERSOLD
[2026-03-23T08:14:57.417Z] SIGNAL: macd_cross xyz:COIN BEARISH
[2026-03-23T08:14:57.417Z] SIGNAL: rsi_extreme xyz:COIN RSI 23 OVERSOLD
[2026-03-23T08:14:59.224Z] SCOUT: SKIP xyz:NATGAS (1 signals) — Single oversold signal insufficient for trade
[2026-03-23T08:14:59.224Z] SCOUT: SKIP xyz:COPPER (1 signal, conf 56) — no confluence
[2026-03-23T08:14:59.224Z] SCOUT: SKIP xyz:TSLA (1 signal, conf 60) — no confluence
[2026-03-23T08:14:59.224Z] SCOUT: SKIP xyz:NVDA (1 signal, conf 60) — no confluence
[2026-03-23T08:15:02.639Z] SIGNAL: ema_cross PAXG BULLISH
[2026-03-23T08:15:49.117Z] ANALYST: processing 1 scout-passed signal groups
[2026-03-23T08:15:51.645Z] SCOUT: SKIP xyz:COIN (1 signals) — Single weak bearish signal insufficient
[2026-03-23T08:15:51.645Z] SCOUT: SKIP PAXG (1 signal, conf 58) — no confluence
[2026-03-23T08:15:55.010Z] SIGNAL: rsi_extreme xyz:CL RSI 22 OVERSOLD
[2026-03-23T08:15:57.581Z] SIGNAL: macd_cross xyz:ORCL BEARISH
[2026-03-23T08:15:57.582Z] SIGNAL: rsi_extreme xyz:ORCL RSI 75 OVERBOUGHT
[2026-03-23T08:16:20.704Z] DECISION: HOLD xyz:SILVER — Sentiment-v2 at max capacity 2/2 positions 
[2026-03-23T08:16:20.704Z] DECISION: HOLD xyz:SILVER — Copytrading-v2 full 2/2 and duplicate coin open 
[2026-03-23T08:16:20.704Z] DECISION: [Scalping-v2] RISK_BLOCKED xyz:SILVER — Confidence 67% < 70% 
[2026-03-23T08:16:50.833Z] SCOUT: SKIP xyz:ORCL (1 signal, conf 59) — no confluence
[2026-03-23T08:16:54.310Z] STATUS: 26 coins | WS: OK | Positions: 4 | Tokens: $6.05 (60.5%)
[2026-03-23T08:16:54.500Z] SIGNAL: macd_cross BTC BEARISH
[2026-03-23T08:16:54.500Z] SIGNAL: rsi_extreme BTC RSI 78 OVERBOUGHT
[2026-03-23T08:16:54.501Z] SIGNAL: ema_cross BTC BEARISH
[2026-03-23T08:16:54.501Z] SIGNAL: bb_squeeze_breakout BTC DOWN
[2026-03-23T08:16:54.735Z] SIGNAL: rsi_extreme ETH RSI 75 OVERBOUGHT
[2026-03-23T08:16:54.736Z] SIGNAL: bb_squeeze_breakout ETH DOWN
[2026-03-23T08:16:54.736Z] SIGNAL: macd_cross ETH BULLISH
[2026-03-23T08:16:54.970Z] SIGNAL: rsi_extreme HYPE RSI 76 OVERBOUGHT
[2026-03-23T08:16:54.970Z] SIGNAL: bb_squeeze_breakout HYPE UP
[2026-03-23T08:16:54.970Z] SIGNAL: macd_cross HYPE BEARISH
[2026-03-23T08:16:55.207Z] SIGNAL: rsi_extreme SOL RSI 77 OVERBOUGHT
[2026-03-23T08:16:55.208Z] SIGNAL: bb_squeeze_breakout SOL DOWN
[2026-03-23T08:16:55.284Z] SIGNAL: rsi_extreme xyz:SILVER RSI 16 OVERSOLD
[2026-03-23T08:16:55.284Z] SIGNAL: ema_cross xyz:SILVER BEARISH
[2026-03-23T08:16:55.284Z] SIGNAL: macd_cross xyz:SILVER BULLISH
[2026-03-23T08:16:55.285Z] SIGNAL: vwap_deviation xyz:SILVER BELOW
[2026-03-23T08:16:55.442Z] SIGNAL: rsi_extreme XRP RSI 75 OVERBOUGHT
[2026-03-23T08:16:55.678Z] SIGNAL: ema_cross SUI BULLISH
[2026-03-23T08:16:55.678Z] SIGNAL: bb_squeeze_breakout SUI UP
[2026-03-23T08:16:55.679Z] SIGNAL: rsi_extreme SUI RSI 79 OVERBOUGHT
[2026-03-23T08:16:55.679Z] SIGNAL: macd_cross SUI BEARISH
[2026-03-23T08:16:55.813Z] SIGNAL: rsi_extreme xyz:BRENTOIL RSI 25 OVERSOLD
[2026-03-23T08:16:55.813Z] SIGNAL: macd_cross xyz:BRENTOIL BULLISH
[2026-03-23T08:16:55.915Z] SIGNAL: macd_cross DOGE BEARISH
[2026-03-23T08:16:56.045Z] SIGNAL: rsi_extreme xyz:GOLD RSI 20 OVERSOLD
[2026-03-23T08:16:56.045Z] SIGNAL: macd_cross xyz:GOLD BEARISH
[2026-03-23T08:16:56.045Z] SIGNAL: ema_cross xyz:GOLD BEARISH
[2026-03-23T08:16:56.180Z] SIGNAL: rsi_extreme BNB RSI 76 OVERBOUGHT
[2026-03-23T08:16:56.181Z] SIGNAL: bb_squeeze_breakout BNB DOWN
[2026-03-23T08:16:56.281Z] SIGNAL: rsi_extreme xyz:NATGAS RSI 76 OVERBOUGHT
[2026-03-23T08:16:56.417Z] SIGNAL: rsi_extreme PAXG RSI 78 OVERBOUGHT
[2026-03-23T08:16:56.417Z] SIGNAL: vwap_deviation PAXG ABOVE
[2026-03-23T08:16:56.417Z] SIGNAL: macd_cross PAXG BEARISH
[2026-03-23T08:16:56.517Z] SIGNAL: macd_cross xyz:COPPER BEARISH
[2026-03-23T08:16:56.652Z] SIGNAL: ema_cross AVAX BULLISH
[2026-03-23T08:16:56.653Z] SIGNAL: rsi_extreme AVAX RSI 77 OVERBOUGHT
[2026-03-23T08:16:56.653Z] SIGNAL: macd_cross AVAX BULLISH
[2026-03-23T08:16:56.654Z] SIGNAL: bb_squeeze_breakout AVAX DOWN
[2026-03-23T08:16:56.754Z] SIGNAL: macd_cross xyz:TSLA BEARISH
[2026-03-23T08:16:56.755Z] SIGNAL: rsi_extreme xyz:TSLA RSI 21 OVERSOLD
[2026-03-23T08:16:56.890Z] SIGNAL: rsi_extreme LINK RSI 76 OVERBOUGHT
[2026-03-23T08:16:56.891Z] SIGNAL: bb_squeeze_breakout LINK DOWN
[2026-03-23T08:16:56.989Z] SIGNAL: rsi_extreme xyz:HOOD RSI 24 OVERSOLD
[2026-03-23T08:16:57.125Z] SIGNAL: rsi_extreme AAVE RSI 79 OVERBOUGHT
[2026-03-23T08:16:57.125Z] SIGNAL: ema_cross AAVE BULLISH
[2026-03-23T08:16:57.125Z] SIGNAL: bb_squeeze_breakout AAVE UP
[2026-03-23T08:16:57.125Z] SIGNAL: macd_cross AAVE BEARISH
[2026-03-23T08:16:57.244Z] SIGNAL: macd_cross xyz:NVDA BEARISH
[2026-03-23T08:16:57.244Z] SIGNAL: rsi_extreme xyz:NVDA RSI 23 OVERSOLD
[2026-03-23T08:16:57.366Z] SIGNAL: rsi_extreme ENA RSI 77 OVERBOUGHT
[2026-03-23T08:16:57.366Z] SIGNAL: bb_squeeze_breakout ENA UP
[2026-03-23T08:16:57.366Z] SIGNAL: ema_cross ENA BULLISH
[2026-03-23T08:16:57.366Z] SIGNAL: macd_cross ENA BEARISH
[2026-03-23T08:16:57.487Z] SIGNAL: rsi_extreme xyz:COIN RSI 23 OVERSOLD
[2026-03-23T08:16:57.490Z] SIGNAL: macd_cross xyz:COIN BEARISH
[2026-03-23T08:16:57.600Z] SIGNAL: ema_cross kPEPE BULLISH
[2026-03-23T08:16:57.601Z] SIGNAL: rsi_extreme kPEPE RSI 78 OVERBOUGHT
[2026-03-23T08:16:57.601Z] SIGNAL: macd_cross kPEPE BULLISH
[2026-03-23T08:16:57.838Z] SIGNAL: rsi_extreme SEI RSI 75 OVERBOUGHT
[2026-03-23T08:16:57.838Z] SIGNAL: bb_squeeze_breakout SEI UP
[2026-03-23T08:16:57.838Z] SIGNAL: ema_cross SEI BULLISH
[2026-03-23T08:17:52.799Z] SCOUT: SKIP BTC (3 signals) — Multiple bearish signals contradict bullish sentiment
[2026-03-23T08:17:54.410Z] SCOUT: SKIP ETH (2 signals) — Contradictory signals, neutral sentiment backdrop
[2026-03-23T08:17:55.013Z] SIGNAL: rsi_extreme xyz:CL RSI 76 OVERBOUGHT
[2026-03-23T08:17:55.823Z] SCOUT: SKIP HYPE (2 signals) — Contradictory signals, weak MACD confirmation
[2026-03-23T08:17:55.823Z] SCOUT: SKIP SOL (1 signal, conf 64) — no confluence
[2026-03-23T08:17:57.576Z] SCOUT: SKIP xyz:SILVER (4 signals) — Contradictory signals: bullish MACD vs bearish EMA/RSI
[2026-03-23T08:17:58.070Z] SIGNAL: macd_cross xyz:ORCL BEARISH
[2026-03-23T08:17:58.071Z] SIGNAL: rsi_extreme xyz:ORCL RSI 76 OVERBOUGHT
[2026-03-23T08:17:59.122Z] SCOUT: SKIP SUI (3 signals) — Contradictory signals: bullish vs bearish conflict
[2026-03-23T08:17:59.122Z] SCOUT: SKIP xyz:BRENTOIL (1 signal, conf 58) — no confluence
[2026-03-23T08:17:59.122Z] SCOUT: SKIP DOGE (1 signal, conf 59) — no confluence
[2026-03-23T08:18:03.950Z] SCOUT: PASS xyz:GOLD (2 signals, 82%) — Two aligned bearish signals, high confidence [analyst buf: 1]
[2026-03-23T08:18:03.950Z] SCOUT: SKIP BNB (1 signal, conf 60) — no confluence
[2026-03-23T08:18:06.670Z] SCOUT: SKIP PAXG (2 signals) — Contradictory signals, weak confidence levels
[2026-03-23T08:18:08.303Z] SCOUT: SKIP xyz:COPPER (1 signals) — Single weak bearish signal insufficient
[2026-03-23T08:18:09.764Z] SCOUT: SKIP AVAX (3 signals) — Bullish technicals contradicted by bearish breakout
[2026-03-23T08:18:11.936Z] SCOUT: SKIP xyz:TSLA (1 signals) — Single weak bearish signal insufficient
[2026-03-23T08:18:11.936Z] SCOUT: SKIP LINK (1 signal, conf 61) — no confluence
[2026-03-23T08:18:13.718Z] SCOUT: SKIP AAVE (3 signals) — Conflicting signals, weak MACD bearish divergence
[2026-03-23T08:18:15.430Z] SCOUT: SKIP xyz:NVDA (1 signals) — Single weak signal, insufficient confluence
[2026-03-23T08:18:17.110Z] SCOUT: SKIP ENA (3 signals) — Contradictory signals: bullish vs bearish MACD
[2026-03-23T08:18:18.459Z] SCOUT: SKIP xyz:COIN (1 signals) — Single weak bearish signal insufficient
[2026-03-23T08:18:19.865Z] SCOUT: SKIP kPEPE (2 signals) — Two weak signals, insufficient confluence
[2026-03-23T08:18:21.512Z] SCOUT: PASS SEI (2 signals, 65%) — Dual bullish signals, moderate confluence alignment [analyst buf: 2]
[2026-03-23T08:18:49.118Z] ANALYST: processing 2 scout-passed signal groups
[2026-03-23T08:18:52.270Z] SCOUT: SKIP xyz:ORCL (1 signals) — Single weak signal, insufficient confirmation
[2026-03-23T08:18:55.845Z] SIGNAL: rsi_extreme xyz:SILVER RSI 14 OVERSOLD
[2026-03-23T08:18:55.846Z] SIGNAL: ema_cross xyz:SILVER BEARISH
[2026-03-23T08:18:55.846Z] SIGNAL: vwap_deviation xyz:SILVER BELOW
[2026-03-23T08:18:55.846Z] SIGNAL: macd_cross xyz:SILVER BULLISH
[2026-03-23T08:18:56.110Z] SIGNAL: rsi_extreme xyz:BRENTOIL RSI 25 OVERSOLD
[2026-03-23T08:18:56.409Z] SIGNAL: rsi_extreme xyz:GOLD RSI 15 OVERSOLD
[2026-03-23T08:18:56.409Z] SIGNAL: ema_cross xyz:GOLD BEARISH
[2026-03-23T08:18:56.409Z] SIGNAL: bb_squeeze_breakout xyz:GOLD DOWN
[2026-03-23T08:18:56.410Z] SIGNAL: macd_cross xyz:GOLD BEARISH
[2026-03-23T08:18:56.655Z] SIGNAL: rsi_extreme xyz:NATGAS RSI 80 OVERBOUGHT
[2026-03-23T08:18:57.174Z] SIGNAL: rsi_extreme xyz:TSLA RSI 24 OVERSOLD
[2026-03-23T08:18:57.175Z] SIGNAL: macd_cross xyz:TSLA BULLISH
[2026-03-23T08:18:57.420Z] SIGNAL: rsi_extreme xyz:HOOD RSI 24 OVERSOLD
[2026-03-23T08:18:57.654Z] SIGNAL: rsi_extreme xyz:NVDA RSI 23 OVERSOLD
[2026-03-23T08:18:57.887Z] SIGNAL: rsi_extreme xyz:COIN RSI 21 OVERSOLD
[2026-03-23T08:18:57.889Z] SIGNAL: macd_cross xyz:COIN BEARISH
[2026-03-23T08:19:19.777Z] DECISION: HOLD xyz:GOLD — Strategy at max capacity, 2/2 positions filled 
[2026-03-23T08:19:19.777Z] DECISION: HOLD xyz:GOLD — Strategy at max capacity, 2/2 positions filled 
[2026-03-23T08:19:19.777Z] DECISION: [Scalping-v2] RISK_BLOCKED xyz:GOLD — Confidence 67% < 70% 
[2026-03-23T08:19:19.777Z] DECISION: HOLD SEI — Scout below 70% threshold, positions full 
[2026-03-23T08:19:19.777Z] DECISION: HOLD SEI — Scout below 70% threshold, positions full 
[2026-03-23T08:19:19.777Z] DECISION: HOLD SEI — Scout 65% fails gate, repeated long SL history 
[2026-03-23T08:19:51.733Z] SCOUT: SKIP xyz:SILVER (4 signals) — Contradictory signals: bearish EMA vs bullish MACD
[2026-03-23T08:19:53.515Z] SCOUT: PASS xyz:GOLD (4 signals, 68%) — Multiple bearish signals aligned, RSI oversold [analyst buf: 1]
[2026-03-23T08:19:55.064Z] SIGNAL: rsi_extreme xyz:CL RSI 78 OVERBOUGHT
[2026-03-23T08:19:55.067Z] SCOUT: SKIP xyz:NATGAS (1 signals) — Single overbought signal insufficient
[2026-03-23T08:19:55.067Z] SCOUT: SKIP xyz:TSLA (1 signal, conf 60) — no confluence
[2026-03-23T08:19:55.067Z] SCOUT: SKIP xyz:COIN (1 signal, conf 56) — no confluence
[2026-03-23T08:19:57.746Z] SIGNAL: ema_cross xyz:COIN BEARISH
[2026-03-23T08:20:19.117Z] ANALYST: processing 1 scout-passed signal groups
[2026-03-23T08:20:46.615Z] DECISION: HOLD xyz:GOLD — Positions full; RSI 14.7 extreme oversold contradicts short 
[2026-03-23T08:20:46.615Z] DECISION: HOLD xyz:GOLD — Positions full; no whale data; RSI deeply oversold 
[2026-03-23T08:20:46.615Z] DECISION: HOLD xyz:GOLD — RSI 14.7 extreme reversal risk; short unsafe here 
[2026-03-23T08:20:50.853Z] SCOUT: SKIP xyz:COIN (1 signal, conf 55) — no confluence
[2026-03-23T08:20:56.100Z] SIGNAL: macd_cross xyz:NATGAS BEARISH
[2026-03-23T08:20:57.319Z] SIGNAL: ema_cross xyz:NVDA BEARISH
[2026-03-23T08:20:57.552Z] SIGNAL: bb_squeeze_breakout xyz:COIN DOWN
[2026-03-23T08:20:57.788Z] SIGNAL: rsi_extreme xyz:ORCL RSI 24 OVERSOLD
[2026-03-23T08:20:57.789Z] SIGNAL: macd_cross xyz:ORCL BULLISH
[2026-03-23T08:21:50.826Z] SCOUT: SKIP xyz:NATGAS (1 signal, conf 63) — no confluence
[2026-03-23T08:21:50.826Z] SCOUT: SKIP xyz:NVDA (1 signal, conf 59) — no confluence
[2026-03-23T08:21:50.826Z] SCOUT: SKIP xyz:COIN (1 signal, conf 61) — no confluence
[2026-03-23T08:21:50.826Z] SCOUT: SKIP xyz:ORCL (1 signal, conf 57) — no confluence
[2026-03-23T08:21:54.202Z] Strategies reloaded: 6 (3 active, 0 dry-run)
[2026-03-23T08:21:54.211Z] SIGNAL: macd_cross BTC BEARISH
[2026-03-23T08:21:54.211Z] SIGNAL: rsi_extreme BTC RSI 78 OVERBOUGHT
[2026-03-23T08:21:54.213Z] SIGNAL: ema_cross BTC BEARISH
[2026-03-23T08:21:54.213Z] SIGNAL: bb_squeeze_breakout BTC DOWN
[2026-03-23T08:21:54.310Z] STATUS: 26 coins | WS: OK | Positions: 4 | Tokens: $6.14 (61.4%)
[2026-03-23T08:21:54.489Z] SIGNAL: rsi_extreme ETH RSI 77 OVERBOUGHT
[2026-03-23T08:21:54.490Z] SIGNAL: bb_squeeze_breakout ETH DOWN
[2026-03-23T08:21:54.490Z] SIGNAL: macd_cross ETH BULLISH
[2026-03-23T08:21:54.723Z] SIGNAL: rsi_extreme HYPE RSI 79 OVERBOUGHT
[2026-03-23T08:21:54.723Z] SIGNAL: ema_cross HYPE BULLISH
[2026-03-23T08:21:54.723Z] SIGNAL: bb_squeeze_breakout HYPE UP
[2026-03-23T08:21:54.723Z] SIGNAL: macd_cross HYPE BEARISH
[2026-03-23T08:21:54.957Z] SIGNAL: rsi_extreme SOL RSI 77 OVERBOUGHT
[2026-03-23T08:21:54.958Z] SIGNAL: bb_squeeze_breakout SOL DOWN
[2026-03-23T08:21:55.010Z] SIGNAL: ema_cross xyz:CL BULLISH
[2026-03-23T08:21:55.191Z] SIGNAL: rsi_extreme XRP RSI 76 OVERBOUGHT
[2026-03-23T08:21:55.269Z] SIGNAL: rsi_extreme xyz:SILVER RSI 16 OVERSOLD
[2026-03-23T08:21:55.269Z] SIGNAL: ema_cross xyz:SILVER BEARISH
[2026-03-23T08:21:55.269Z] SIGNAL: vwap_deviation xyz:SILVER BELOW
[2026-03-23T08:21:55.270Z] SIGNAL: macd_cross xyz:SILVER BULLISH
[2026-03-23T08:21:55.426Z] SIGNAL: ema_cross SUI BULLISH
[2026-03-23T08:21:55.426Z] SIGNAL: bb_squeeze_breakout SUI UP
[2026-03-23T08:21:55.427Z] SIGNAL: rsi_extreme SUI RSI 78 OVERBOUGHT
[2026-03-23T08:21:55.427Z] SIGNAL: macd_cross SUI BEARISH
[2026-03-23T08:21:55.615Z] SIGNAL: rsi_extreme xyz:BRENTOIL RSI 25 OVERSOLD
[2026-03-23T08:21:55.665Z] SIGNAL: macd_cross DOGE BEARISH
[2026-03-23T08:21:55.884Z] SIGNAL: rsi_extreme xyz:GOLD RSI 12 OVERSOLD
[2026-03-23T08:21:55.884Z] SIGNAL: ema_cross xyz:GOLD BEARISH
[2026-03-23T08:21:55.884Z] SIGNAL: bb_squeeze_breakout xyz:GOLD DOWN
[2026-03-23T08:21:55.884Z] SIGNAL: macd_cross xyz:GOLD BULLISH
[2026-03-23T08:21:55.898Z] SIGNAL: ema_cross BNB BULLISH
[2026-03-23T08:21:55.898Z] SIGNAL: rsi_extreme BNB RSI 76 OVERBOUGHT
[2026-03-23T08:21:55.899Z] SIGNAL: bb_squeeze_breakout BNB DOWN
[2026-03-23T08:21:56.119Z] SIGNAL: rsi_extreme xyz:NATGAS RSI 80 OVERBOUGHT
[2026-03-23T08:21:56.131Z] SIGNAL: rsi_extreme PAXG RSI 76 OVERBOUGHT
[2026-03-23T08:21:56.131Z] SIGNAL: ema_cross PAXG BULLISH
[2026-03-23T08:21:56.131Z] SIGNAL: vwap_deviation PAXG ABOVE
[2026-03-23T08:21:56.132Z] SIGNAL: macd_cross PAXG BULLISH
[2026-03-23T08:21:56.399Z] SIGNAL: ema_cross AVAX BULLISH
[2026-03-23T08:21:56.399Z] SIGNAL: rsi_extreme AVAX RSI 76 OVERBOUGHT
[2026-03-23T08:21:56.400Z] SIGNAL: bb_squeeze_breakout AVAX DOWN
[2026-03-23T08:21:56.400Z] SIGNAL: macd_cross AVAX BULLISH
[2026-03-23T08:21:56.401Z] SIGNAL: rsi_extreme xyz:COPPER RSI 25 OVERSOLD
[2026-03-23T08:21:56.851Z] SIGNAL: rsi_extreme LINK RSI 79 OVERBOUGHT
[2026-03-23T08:21:56.852Z] SIGNAL: bb_squeeze_breakout LINK DOWN
[2026-03-23T08:21:56.942Z] SIGNAL: rsi_extreme xyz:TSLA RSI 24 OVERSOLD
[2026-03-23T08:21:56.943Z] SIGNAL: macd_cross xyz:TSLA BULLISH
[2026-03-23T08:21:57.175Z] SIGNAL: rsi_extreme xyz:HOOD RSI 25 OVERSOLD
[2026-03-23T08:21:57.176Z] SIGNAL: ema_cross xyz:HOOD BEARISH
[2026-03-23T08:21:57.423Z] SIGNAL: rsi_extreme xyz:NVDA RSI 23 OVERSOLD
[2026-03-23T08:21:57.495Z] SIGNAL: rsi_extreme AAVE RSI 77 OVERBOUGHT
[2026-03-23T08:21:57.496Z] SIGNAL: ema_cross AAVE BULLISH
[2026-03-23T08:21:57.496Z] SIGNAL: bb_squeeze_breakout AAVE UP
[2026-03-23T08:21:57.497Z] SIGNAL: macd_cross AAVE BEARISH
[2026-03-23T08:21:57.730Z] SIGNAL: rsi_extreme ENA RSI 75 OVERBOUGHT
[2026-03-23T08:21:57.730Z] SIGNAL: bb_squeeze_breakout ENA UP
[2026-03-23T08:21:57.730Z] SIGNAL: ema_cross ENA BULLISH
[2026-03-23T08:21:57.730Z] SIGNAL: macd_cross ENA BEARISH
[2026-03-23T08:21:57.794Z] SIGNAL: rsi_extreme xyz:COIN RSI 18 OVERSOLD
[2026-03-23T08:21:57.794Z] SIGNAL: ema_cross xyz:COIN BEARISH
[2026-03-23T08:21:57.795Z] SIGNAL: macd_cross xyz:COIN BEARISH
[2026-03-23T08:21:57.983Z] SIGNAL: ema_cross kPEPE BULLISH
[2026-03-23T08:21:57.984Z] SIGNAL: rsi_extreme kPEPE RSI 77 OVERBOUGHT
[2026-03-23T08:21:57.984Z] SIGNAL: macd_cross kPEPE BULLISH
[2026-03-23T08:21:58.028Z] SIGNAL: ema_cross xyz:ORCL BEARISH
[2026-03-23T08:21:58.217Z] SIGNAL: rsi_extreme SEI RSI 78 OVERBOUGHT
[2026-03-23T08:21:58.217Z] SIGNAL: bb_squeeze_breakout SEI UP
[2026-03-23T08:22:51.982Z] SCOUT: SKIP BTC (3 signals) — Bearish signals conflict with bullish sentiment
[2026-03-23T08:22:53.568Z] SCOUT: SKIP ETH (2 signals) — Contradictory signals, weak confidence levels
[2026-03-23T08:22:55.051Z] SIGNAL: rsi_extreme xyz:CL RSI 77 OVERBOUGHT
[2026-03-23T08:22:55.081Z] SCOUT: SKIP HYPE (3 signals) — Contradictory signals, MACD bearish vs bullish EMA/BB
[2026-03-23T08:22:55.081Z] SCOUT: SKIP SOL (1 signal, conf 64) — no confluence
[2026-03-23T08:22:55.081Z] SCOUT: SKIP xyz:CL (1 signal, conf 56) — no confluence
[2026-03-23T08:22:55.332Z] SIGNAL: bb_squeeze_breakout xyz:SILVER DOWN
[2026-03-23T08:22:56.216Z] SIGNAL: macd_cross xyz:NATGAS BEARISH
[2026-03-23T08:22:56.615Z] SCOUT: SKIP xyz:SILVER (4 signals) — Contradictory signals: bearish vs bullish MACD
[2026-03-23T08:22:56.905Z] SIGNAL: ema_cross xyz:TSLA BEARISH
[2026-03-23T08:22:58.264Z] SIGNAL: bb_squeeze_breakout xyz:COIN DOWN
[2026-03-23T08:22:58.391Z] SCOUT: SKIP SUI (3 signals) — Conflicting signals, weak confidence levels
[2026-03-23T08:22:58.391Z] SCOUT: SKIP DOGE (1 signal, conf 59) — no confluence
[2026-03-23T08:22:58.511Z] SIGNAL: rsi_extreme xyz:ORCL RSI 24 OVERSOLD
[2026-03-23T08:22:58.511Z] SIGNAL: macd_cross xyz:ORCL BULLISH
[2026-03-23T08:22:59.945Z] SCOUT: SKIP xyz:GOLD (4 signals) — Contradictory signals: bearish vs bullish conflict
[2026-03-23T08:23:01.634Z] SCOUT: SKIP BNB (2 signals) — Contradictory signals, weak confluence
[2026-03-23T08:23:03.398Z] SCOUT: SKIP xyz:NATGAS (1 signals) — Single extreme RSI signal, insufficient confirmation
[2026-03-23T08:23:05.219Z] SCOUT: PASS PAXG (3 signals, 73%) — Strong bullish alignment across three indicators [analyst buf: 1]
[2026-03-23T08:23:07.088Z] SCOUT: SKIP AVAX (3 signals) — Contradictory signals: bullish vs bearish breakdown
[2026-03-23T08:23:07.088Z] SCOUT: SKIP LINK (1 signal, conf 61) — no confluence
[2026-03-23T08:23:07.088Z] SCOUT: SKIP xyz:TSLA (1 signal, conf 60) — no confluence
[2026-03-23T08:23:07.088Z] SCOUT: SKIP xyz:HOOD (1 signal, conf 59) — no confluence
[2026-03-23T08:23:08.509Z] SCOUT: SKIP AAVE (3 signals) — Conflicting signals, weak MACD bearish
[2026-03-23T08:23:10.463Z] SCOUT: SKIP ENA (3 signals) — Contradictory signals, MACD bearish conflicts
[2026-03-23T08:23:12.254Z] SCOUT: SKIP xyz:COIN (3 signals) — Oversold RSI conflicts with bearish technicals
[2026-03-23T08:23:14.030Z] SCOUT: SKIP kPEPE (2 signals) — Two weak bullish signals, insufficient conviction
[2026-03-23T08:23:14.030Z] SCOUT: SKIP xyz:ORCL (1 signal, conf 61) — no confluence
[2026-03-23T08:23:16.572Z] SCOUT: SKIP SEI (1 signals) — Single weak signal, insufficient confluence
[2026-03-23T08:23:19.117Z] ANALYST: processing 1 scout-passed signal groups
[2026-03-23T08:23:40.616Z] DECISION: HOLD PAXG — Gold -5% today; 0% WR on PAXG Scalping history 
[2026-03-23T08:23:40.616Z] DECISION: HOLD PAXG — Strategy at max capacity 2/2 positions 
[2026-03-23T08:23:40.616Z] DECISION: HOLD PAXG — Strategy at max capacity 2/2 positions 
[2026-03-23T08:23:52.443Z] SCOUT: SKIP xyz:SILVER (1 signals) — Single weak signal, insufficient confluence
[2026-03-23T08:23:52.443Z] SCOUT: SKIP xyz:NATGAS (1 signal, conf 57) — no confluence
[2026-03-23T08:23:52.443Z] SCOUT: SKIP xyz:TSLA (1 signal, conf 58) — no confluence
[2026-03-23T08:23:52.443Z] SCOUT: SKIP xyz:COIN (1 signal, conf 63) — no confluence
[2026-03-23T08:23:52.443Z] SCOUT: SKIP xyz:ORCL (1 signal, conf 59) — no confluence
[2026-03-23T08:23:55.310Z] SIGNAL: rsi_extreme xyz:SILVER RSI 17 OVERSOLD
[2026-03-23T08:23:55.310Z] SIGNAL: ema_cross xyz:SILVER BEARISH
[2026-03-23T08:23:55.310Z] SIGNAL: vwap_deviation xyz:SILVER BELOW
[2026-03-23T08:23:55.311Z] SIGNAL: macd_cross xyz:SILVER BULLISH
[2026-03-23T08:23:57.273Z] SIGNAL: ema_cross xyz:NVDA BEARISH
[2026-03-23T08:24:52.643Z] SCOUT: SKIP xyz:SILVER (4 signals) — Contradictory signals: bearish vs bullish divergence
[2026-03-23T08:24:52.643Z] SCOUT: SKIP xyz:NVDA (1 signal, conf 55) — no confluence
[2026-03-23T08:24:55.012Z] SIGNAL: ema_cross xyz:CL BULLISH
[2026-03-23T08:24:55.530Z] SIGNAL: rsi_extreme xyz:BRENTOIL RSI 25 OVERSOLD
[2026-03-23T08:24:55.762Z] SIGNAL: rsi_extreme xyz:GOLD RSI 17 OVERSOLD
[2026-03-23T08:24:55.762Z] SIGNAL: ema_cross xyz:GOLD BEARISH
[2026-03-23T08:24:55.762Z] SIGNAL: bb_squeeze_breakout xyz:GOLD DOWN
[2026-03-23T08:24:55.762Z] SIGNAL: macd_cross xyz:GOLD BULLISH
[2026-03-23T08:24:56.042Z] SIGNAL: rsi_extreme xyz:NATGAS RSI 78 OVERBOUGHT
[2026-03-23T08:24:56.335Z] SIGNAL: macd_cross xyz:COPPER BEARISH
[2026-03-23T08:24:56.574Z] SIGNAL: rsi_extreme xyz:TSLA RSI 21 OVERSOLD
[2026-03-23T08:24:56.575Z] SIGNAL: macd_cross xyz:TSLA BULLISH
[2026-03-23T08:24:56.842Z] SIGNAL: rsi_extreme xyz:HOOD RSI 22 OVERSOLD
[2026-03-23T08:24:56.842Z] SIGNAL: macd_cross xyz:HOOD BEARISH
[2026-03-23T08:24:56.842Z] SIGNAL: bb_squeeze_breakout xyz:HOOD DOWN
[2026-03-23T08:24:57.076Z] SIGNAL: rsi_extreme xyz:NVDA RSI 21 OVERSOLD
[2026-03-23T08:24:57.310Z] SIGNAL: rsi_extreme xyz:COIN RSI 15 OVERSOLD
[2026-03-23T08:24:57.310Z] SIGNAL: ema_cross xyz:COIN BEARISH
[2026-03-23T08:24:57.310Z] SIGNAL: macd_cross xyz:COIN BULLISH
[2026-03-23T08:25:03.268Z] SIGNAL: price_breakout xyz:ORCL UP
[2026-03-23T08:25:50.840Z] SCOUT: SKIP xyz:CL (1 signal, conf 56) — no confluence
[2026-03-23T08:25:52.226Z] SCOUT: SKIP xyz:GOLD (4 signals) — Contradictory signals: bullish vs bearish conflict
[2026-03-23T08:25:52.226Z] SCOUT: SKIP xyz:COPPER (1 signal, conf 58) — no confluence
[2026-03-23T08:25:52.226Z] SCOUT: SKIP xyz:TSLA (1 signal, conf 60) — no confluence
[2026-03-23T08:25:54.090Z] SCOUT: SKIP xyz:HOOD (2 signals) — Bearish signals aligned but moderate confidence
[2026-03-23T08:25:55.012Z] SIGNAL: rsi_extreme xyz:CL RSI 77 OVERBOUGHT
[2026-03-23T08:25:55.012Z] SIGNAL: bb_squeeze_breakout xyz:CL UP
[2026-03-23T08:25:55.277Z] SIGNAL: bb_squeeze_breakout xyz:SILVER DOWN
[2026-03-23T08:25:55.550Z] SCOUT: SKIP xyz:COIN (3 signals) — Contradictory signals, RSI oversold vs bullish crosses
[2026-03-23T08:25:55.550Z] SCOUT: SKIP xyz:ORCL (1 signal, conf 56) — no confluence
[2026-03-23T08:25:56.105Z] SIGNAL: macd_cross xyz:NATGAS BEARISH
[2026-03-23T08:25:56.341Z] SIGNAL: rsi_extreme xyz:COPPER RSI 24 OVERSOLD
[2026-03-23T08:25:57.308Z] SIGNAL: bb_squeeze_breakout xyz:COIN DOWN
[2026-03-23T08:25:57.543Z] SIGNAL: rsi_extreme xyz:ORCL RSI 25 OVERSOLD
[2026-03-23T08:25:57.544Z] SIGNAL: macd_cross xyz:ORCL BULLISH
[2026-03-23T08:26:51.034Z] SCOUT: SKIP xyz:CL (1 signal, conf 61) — no confluence
[2026-03-23T08:26:53.017Z] SCOUT: SKIP xyz:SILVER (1 signals) — Single weak signal, insufficient confluence
[2026-03-23T08:26:53.017Z] SCOUT: SKIP xyz:NATGAS (1 signal, conf 59) — no confluence
[2026-03-23T08:26:54.291Z] SIGNAL: rsi_extreme BTC RSI 78 OVERBOUGHT
[2026-03-23T08:26:54.291Z] SIGNAL: ema_cross BTC BEARISH
[2026-03-23T08:26:54.291Z] SIGNAL: bb_squeeze_breakout BTC DOWN
[2026-03-23T08:26:54.291Z] SIGNAL: macd_cross BTC BULLISH
[2026-03-23T08:26:54.309Z] STATUS: 26 coins | WS: OK | Positions: 4 | Tokens: $6.18 (61.8%)
[2026-03-23T08:26:54.470Z] SCOUT: SKIP xyz:COIN (1 signals) — Single weak signal, insufficient confluence
[2026-03-23T08:26:54.470Z] SCOUT: SKIP xyz:ORCL (1 signal, conf 57) — no confluence
[2026-03-23T08:26:54.526Z] SIGNAL: rsi_extreme ETH RSI 77 OVERBOUGHT
[2026-03-23T08:26:54.527Z] SIGNAL: bb_squeeze_breakout ETH DOWN
[2026-03-23T08:26:54.527Z] SIGNAL: macd_cross ETH BULLISH
[2026-03-23T08:26:54.773Z] SIGNAL: rsi_extreme HYPE RSI 78 OVERBOUGHT
[2026-03-23T08:26:54.773Z] SIGNAL: ema_cross HYPE BULLISH
[2026-03-23T08:26:54.773Z] SIGNAL: bb_squeeze_breakout HYPE UP
[2026-03-23T08:26:54.774Z] SIGNAL: macd_cross HYPE BEARISH
[2026-03-23T08:26:55.009Z] SIGNAL: rsi_extreme SOL RSI 77 OVERBOUGHT
[2026-03-23T08:26:55.009Z] SIGNAL: bb_squeeze_breakout SOL DOWN
[2026-03-23T08:26:55.270Z] SIGNAL: rsi_extreme xyz:SILVER RSI 16 OVERSOLD
[2026-03-23T08:26:55.270Z] SIGNAL: ema_cross xyz:SILVER BEARISH
[2026-03-23T08:26:55.270Z] SIGNAL: vwap_deviation xyz:SILVER BELOW
[2026-03-23T08:26:55.270Z] SIGNAL: macd_cross xyz:SILVER BEARISH
[2026-03-23T08:26:55.485Z] SIGNAL: macd_cross XRP BULLISH
[2026-03-23T08:26:55.485Z] SIGNAL: rsi_extreme XRP RSI 76 OVERBOUGHT
[2026-03-23T08:26:55.721Z] SIGNAL: ema_cross SUI BULLISH
[2026-03-23T08:26:55.721Z] SIGNAL: bb_squeeze_breakout SUI UP
[2026-03-23T08:26:55.722Z] SIGNAL: rsi_extreme SUI RSI 79 OVERBOUGHT
[2026-03-23T08:26:55.722Z] SIGNAL: macd_cross SUI BEARISH
[2026-03-23T08:26:55.762Z] SIGNAL: rsi_extreme xyz:GOLD RSI 16 OVERSOLD
[2026-03-23T08:26:55.762Z] SIGNAL: ema_cross xyz:GOLD BEARISH
[2026-03-23T08:26:55.762Z] SIGNAL: macd_cross xyz:GOLD BEARISH
[2026-03-23T08:26:55.762Z] SIGNAL: bb_squeeze_breakout xyz:GOLD DOWN
[2026-03-23T08:26:56.053Z] SIGNAL: macd_cross DOGE BEARISH
[2026-03-23T08:26:56.288Z] SIGNAL: rsi_extreme BNB RSI 76 OVERBOUGHT
[2026-03-23T08:26:56.288Z] SIGNAL: bb_squeeze_breakout BNB DOWN
[2026-03-23T08:26:56.663Z] SIGNAL: rsi_extreme PAXG RSI 77 OVERBOUGHT
[2026-03-23T08:26:56.663Z] SIGNAL: ema_cross PAXG BULLISH
[2026-03-23T08:26:56.663Z] SIGNAL: macd_cross PAXG BULLISH
[2026-03-23T08:26:56.663Z] SIGNAL: vwap_deviation PAXG ABOVE
[2026-03-23T08:26:56.903Z] SIGNAL: ema_cross AVAX BULLISH
[2026-03-23T08:26:56.904Z] SIGNAL: rsi_extreme AVAX RSI 78 OVERBOUGHT
[2026-03-23T08:26:56.905Z] SIGNAL: bb_squeeze_breakout AVAX DOWN
[2026-03-23T08:26:56.905Z] SIGNAL: macd_cross AVAX BULLISH
[2026-03-23T08:26:57.034Z] SIGNAL: ema_cross xyz:NVDA BEARISH
[2026-03-23T08:26:57.138Z] SIGNAL: rsi_extreme LINK RSI 75 OVERBOUGHT
[2026-03-23T08:26:57.139Z] SIGNAL: bb_squeeze_breakout LINK DOWN
[2026-03-23T08:26:57.372Z] SIGNAL: rsi_extreme AAVE RSI 77 OVERBOUGHT
[2026-03-23T08:26:57.372Z] SIGNAL: ema_cross AAVE BULLISH
[2026-03-23T08:26:57.373Z] SIGNAL: bb_squeeze_breakout AAVE UP
[2026-03-23T08:26:57.373Z] SIGNAL: macd_cross AAVE BEARISH
[2026-03-23T08:26:57.610Z] SIGNAL: rsi_extreme ENA RSI 76 OVERBOUGHT
[2026-03-23T08:26:57.610Z] SIGNAL: bb_squeeze_breakout ENA UP
[2026-03-23T08:26:57.610Z] SIGNAL: ema_cross ENA BULLISH
[2026-03-23T08:26:57.611Z] SIGNAL: macd_cross ENA BULLISH
[2026-03-23T08:26:57.844Z] SIGNAL: ema_cross kPEPE BULLISH
[2026-03-23T08:26:57.845Z] SIGNAL: rsi_extreme kPEPE RSI 78 OVERBOUGHT
[2026-03-23T08:26:57.845Z] SIGNAL: macd_cross kPEPE BEARISH
[2026-03-23T08:26:58.085Z] SIGNAL: rsi_extreme SEI RSI 77 OVERBOUGHT
[2026-03-23T08:26:58.086Z] SIGNAL: bb_squeeze_breakout SEI UP
[2026-03-23T08:27:52.818Z] SCOUT: SKIP BTC (3 signals) — Contradictory signals, weak confidence levels
[2026-03-23T08:27:54.336Z] SCOUT: SKIP ETH (2 signals) — Contradictory signals, weak confidence levels
[2026-03-23T08:27:55.042Z] SIGNAL: rsi_extreme xyz:CL RSI 81 OVERBOUGHT
[2026-03-23T08:27:55.043Z] SIGNAL: bb_squeeze_breakout xyz:CL UP
[2026-03-23T08:27:55.352Z] SIGNAL: bb_squeeze_breakout xyz:SILVER DOWN
[2026-03-23T08:27:55.872Z] SCOUT: SKIP HYPE (3 signals) — Contradictory signals, MACD bearish conflicts
[2026-03-23T08:27:55.872Z] SCOUT: SKIP SOL (1 signal, conf 64) — no confluence
[2026-03-23T08:27:55.935Z] SIGNAL: rsi_extreme xyz:BRENTOIL RSI 25 OVERSOLD
[2026-03-23T08:27:56.404Z] SIGNAL: macd_cross xyz:NATGAS BEARISH
[2026-03-23T08:27:56.405Z] SIGNAL: rsi_extreme xyz:NATGAS RSI 76 OVERBOUGHT
[2026-03-23T08:27:56.672Z] SIGNAL: rsi_extreme xyz:COPPER RSI 23 OVERSOLD
[2026-03-23T08:27:56.672Z] SIGNAL: macd_cross xyz:COPPER BEARISH
[2026-03-23T08:27:56.907Z] SIGNAL: rsi_extreme xyz:TSLA RSI 21 OVERSOLD
[2026-03-23T08:27:56.907Z] SIGNAL: macd_cross xyz:TSLA BEARISH
[2026-03-23T08:27:57.143Z] SIGNAL: rsi_extreme xyz:HOOD RSI 23 OVERSOLD
[2026-03-23T08:27:57.143Z] SIGNAL: macd_cross xyz:HOOD BEARISH
[2026-03-23T08:27:57.143Z] SIGNAL: bb_squeeze_breakout xyz:HOOD DOWN
[2026-03-23T08:27:57.394Z] SIGNAL: rsi_extreme xyz:NVDA RSI 17 OVERSOLD
[2026-03-23T08:27:57.394Z] SIGNAL: bb_squeeze_breakout xyz:NVDA DOWN
[2026-03-23T08:27:57.635Z] SIGNAL: rsi_extreme xyz:COIN RSI 14 OVERSOLD
[2026-03-23T08:27:57.635Z] SIGNAL: ema_cross xyz:COIN BEARISH
[2026-03-23T08:27:57.635Z] SIGNAL: bb_squeeze_breakout xyz:COIN DOWN
[2026-03-23T08:27:57.635Z] SIGNAL: macd_cross xyz:COIN BULLISH
[2026-03-23T08:27:57.869Z] SIGNAL: rsi_extreme xyz:ORCL RSI 23 OVERSOLD
[2026-03-23T08:27:57.870Z] SIGNAL: macd_cross xyz:ORCL BULLISH
[2026-03-23T08:27:59.687Z] SCOUT: SKIP xyz:SILVER (4 signals) — RSI oversold contradicts bearish momentum signals
[2026-03-23T08:28:01.425Z] SCOUT: SKIP XRP (1 signals) — Single weak signal, insufficient confirmation
[2026-03-23T08:28:02.981Z] SCOUT: SKIP SUI (3 signals) — Contradictory signals, MACD bearish vs bullish technicals
[2026-03-23T08:28:06.967Z] SCOUT: PASS xyz:GOLD (4 signals, 86%) — Oversold RSI with aligned bearish confirmations [analyst buf: 1]
[2026-03-23T08:28:06.967Z] SCOUT: SKIP DOGE (1 signal, conf 59) — no confluence
[2026-03-23T08:28:06.967Z] SCOUT: SKIP BNB (1 signal, conf 60) — no confluence
[2026-03-23T08:28:10.250Z] SCOUT: PASS PAXG (3 signals, 85%) — Strong EMA/MACD cross alignment, bullish momentum [analyst buf: 2]
[2026-03-23T08:28:11.898Z] SCOUT: SKIP AVAX (3 signals) — Contradictory signals, weak confidence levels
[2026-03-23T08:28:14.110Z] SCOUT: SKIP xyz:NVDA (1 signals) — Single weak bearish signal insufficient
[2026-03-23T08:28:14.110Z] SCOUT: SKIP LINK (1 signal, conf 61) — no confluence
[2026-03-23T08:28:15.795Z] SCOUT: SKIP AAVE (3 signals) — Contradictory signals: bullish vs bearish conflict
[2026-03-23T08:28:17.793Z] SCOUT: PASS ENA (3 signals, 65%) — Three aligned bullish signals, moderate confidence [analyst buf: 3]
[2026-03-23T08:28:19.313Z] SCOUT: SKIP kPEPE (2 signals) — Contradictory signals, weak confidence levels
[2026-03-23T08:28:19.313Z] SCOUT: SKIP SEI (1 signal, conf 63) — no confluence
[2026-03-23T08:28:52.819Z] SCOUT: SKIP xyz:CL (2 signals) — Overbought RSI contradicts breakout strength
[2026-03-23T08:28:54.459Z] SCOUT: SKIP xyz:SILVER (1 signals) — Single weak signal insufficient for trade
[2026-03-23T08:28:54.459Z] SCOUT: SKIP xyz:NATGAS (1 signal, conf 58) — no confluence
[2026-03-23T08:28:54.459Z] SCOUT: SKIP xyz:COPPER (1 signal, conf 57) — no confluence
[2026-03-23T08:28:55.312Z] SIGNAL: rsi_extreme xyz:SILVER RSI 17 OVERSOLD
[2026-03-23T08:28:55.312Z] SIGNAL: ema_cross xyz:SILVER BEARISH
[2026-03-23T08:28:55.312Z] SIGNAL: vwap_deviation xyz:SILVER BELOW
[2026-03-23T08:28:55.313Z] SIGNAL: macd_cross xyz:SILVER BEARISH
[2026-03-23T08:28:55.595Z] SIGNAL: macd_cross xyz:BRENTOIL BULLISH
[2026-03-23T08:28:55.754Z] SCOUT: SKIP xyz:TSLA (1 signals) — Single weak bearish signal insufficient
[2026-03-23T08:28:55.838Z] SIGNAL: rsi_extreme xyz:GOLD RSI 21 OVERSOLD
[2026-03-23T08:28:55.838Z] SIGNAL: macd_cross xyz:GOLD BEARISH
[2026-03-23T08:28:55.838Z] SIGNAL: bb_squeeze_breakout xyz:GOLD DOWN
[2026-03-23T08:28:55.839Z] SIGNAL: ema_cross xyz:GOLD BULLISH
[2026-03-23T08:28:58.032Z] SIGNAL: ema_cross xyz:ORCL BEARISH
[2026-03-23T08:28:58.545Z] SCOUT: SKIP xyz:HOOD (2 signals) — Bearish signals aligned but low BB confidence
[2026-03-23T08:29:00.816Z] SCOUT: SKIP xyz:NVDA (2 signals) — Contradictory signals: oversold vs bearish breakdown
[2026-03-23T08:29:02.511Z] SCOUT: SKIP xyz:COIN (4 signals) — Contradictory signals, mixed momentum indicators
[2026-03-23T08:29:02.511Z] SCOUT: SKIP xyz:ORCL (1 signal, conf 57) — no confluence
[2026-03-23T08:29:19.117Z] ANALYST: processing 3 scout-passed signal groups
[2026-03-23T08:29:52.591Z] SCOUT: SKIP xyz:SILVER (4 signals) — RSI oversold contradicts bearish momentum signals
[2026-03-23T08:29:52.591Z] SCOUT: SKIP xyz:BRENTOIL (1 signal, conf 57) — no confluence
[2026-03-23T08:29:53.348Z] DECISION: HOLD xyz:GOLD — RSI 15.6 oversold — extreme reversal risk on short 
[2026-03-23T08:29:53.349Z] DECISION: HOLD xyz:GOLD — Strategy at max capacity 2/2 positions 
[2026-03-23T08:29:53.349Z] DECISION: HOLD xyz:GOLD — Strategy at max capacity 2/2 positions 
[2026-03-23T08:29:53.349Z] DECISION: HOLD PAXG — 6 consecutive SLs; gold macro -5% today bearish 
[2026-03-23T08:29:53.349Z] DECISION: HOLD PAXG — Strategy at max capacity 2/2 positions 
[2026-03-23T08:29:53.349Z] DECISION: HOLD PAXG — Strategy at max capacity 2/2 positions 
[2026-03-23T08:29:53.349Z] DECISION: HOLD ENA — Scout 65% below 70% threshold; signals too weak 
[2026-03-23T08:29:53.349Z] DECISION: HOLD ENA — Below confidence gate and strategy full 2/2 
[2026-03-23T08:29:53.349Z] DECISION: HOLD ENA — Below confidence gate and strategy full 2/2 
[2026-03-23T08:29:54.185Z] SCOUT: SKIP xyz:GOLD (3 signals) — Contradictory signals, weak bullish confirmation
[2026-03-23T08:29:54.185Z] SCOUT: SKIP xyz:ORCL (1 signal, conf 62) — no confluence
[2026-03-23T08:29:55.011Z] SIGNAL: ema_cross xyz:CL BULLISH
[2026-03-23T08:29:57.214Z] SIGNAL: rsi_extreme xyz:HOOD RSI 17 OVERSOLD
[2026-03-23T08:29:57.214Z] SIGNAL: ema_cross xyz:HOOD BEARISH
[2026-03-23T08:29:57.540Z] SIGNAL: rsi_extreme xyz:NVDA RSI 14 OVERSOLD
[2026-03-23T08:29:57.541Z] SIGNAL: bb_squeeze_breakout xyz:NVDA DOWN
[2026-03-23T08:29:57.775Z] SIGNAL: rsi_extreme xyz:COIN RSI 10 OVERSOLD
[2026-03-23T08:29:57.775Z] SIGNAL: ema_cross xyz:COIN BEARISH
[2026-03-23T08:29:57.775Z] SIGNAL: bb_squeeze_breakout xyz:COIN DOWN
[2026-03-23T08:29:57.776Z] SIGNAL: macd_cross xyz:COIN BEARISH
[2026-03-23T08:29:58.107Z] SIGNAL: rsi_extreme xyz:ORCL RSI 20 OVERSOLD
[2026-03-23T08:29:58.108Z] SIGNAL: macd_cross xyz:ORCL BULLISH
[2026-03-23T08:30:08.280Z] SIGNAL: price_breakout xyz:COIN DOWN
[2026-03-23T08:30:13.934Z] SIGNAL: volume_spike ENA 4.5x avg
[2026-03-23T08:30:26.509Z] SIGNAL: volume_spike BTC 4.1x avg
[2026-03-23T08:30:50.821Z] SCOUT: SKIP xyz:CL (1 signal, conf 57) — no confluence
[2026-03-23T08:30:52.534Z] SCOUT: SKIP xyz:HOOD (2 signals) — Contradictory signals, oversold vs bearish
[2026-03-23T08:30:54.470Z] SCOUT: SKIP xyz:NVDA (2 signals) — Contradictory signals, RSI bullish vs BB bearish
[2026-03-23T08:30:55.021Z] SIGNAL: rsi_extreme xyz:CL RSI 78 OVERBOUGHT
[2026-03-23T08:30:55.281Z] SIGNAL: bb_squeeze_breakout xyz:SILVER DOWN
[2026-03-23T08:30:55.544Z] SIGNAL: rsi_extreme xyz:BRENTOIL RSI 25 OVERSOLD
[2026-03-23T08:30:56.017Z] SCOUT: SKIP xyz:COIN (5 signals) — Oversold RSI conflicts with multiple bearish signals
[2026-03-23T08:30:56.052Z] SIGNAL: macd_cross xyz:NATGAS BEARISH
[2026-03-23T08:30:56.053Z] SIGNAL: rsi_extreme xyz:NATGAS RSI 75 OVERBOUGHT
[2026-03-23T08:30:56.537Z] SIGNAL: rsi_extreme xyz:COPPER RSI 24 OVERSOLD
[2026-03-23T08:30:56.537Z] SIGNAL: macd_cross xyz:COPPER BEARISH
[2026-03-23T08:30:56.772Z] SIGNAL: rsi_extreme xyz:TSLA RSI 17 OVERSOLD
[2026-03-23T08:30:56.772Z] SIGNAL: macd_cross xyz:TSLA BEARISH
[2026-03-23T08:30:57.008Z] SIGNAL: bb_squeeze_breakout xyz:HOOD DOWN
[2026-03-23T08:30:57.009Z] SIGNAL: macd_cross xyz:HOOD BEARISH
[2026-03-23T08:30:57.243Z] SIGNAL: ema_cross xyz:NVDA BEARISH
[2026-03-23T08:30:58.256Z] SCOUT: SKIP xyz:ORCL (2 signals) — Contradictory signals: oversold vs bullish cross
[2026-03-23T08:31:52.600Z] SCOUT: SKIP xyz:SILVER (1 signals) — Single weak signal, insufficient confirmation
[2026-03-23T08:31:52.600Z] SCOUT: SKIP xyz:NATGAS (1 signal, conf 61) — no confluence
[2026-03-23T08:31:54.212Z] SIGNAL: rsi_extreme BTC RSI 77 OVERBOUGHT
[2026-03-23T08:31:54.212Z] SIGNAL: ema_cross BTC BEARISH
[2026-03-23T08:31:54.212Z] SIGNAL: bb_squeeze_breakout BTC DOWN
[2026-03-23T08:31:54.212Z] SIGNAL: macd_cross BTC BULLISH
[2026-03-23T08:31:54.309Z] STATUS: 26 coins | WS: OK | Positions: 4 | Tokens: $6.25 (62.5%)
[2026-03-23T08:31:54.443Z] SCOUT: SKIP xyz:COPPER (1 signals) — Single weak bearish signal insufficient
[2026-03-23T08:31:54.625Z] SIGNAL: rsi_extreme ETH RSI 77 OVERBOUGHT
[2026-03-23T08:31:54.625Z] SIGNAL: bb_squeeze_breakout ETH DOWN
[2026-03-23T08:31:54.626Z] SIGNAL: macd_cross ETH BULLISH
[2026-03-23T08:31:54.858Z] SIGNAL: rsi_extreme HYPE RSI 78 OVERBOUGHT
[2026-03-23T08:31:54.858Z] SIGNAL: ema_cross HYPE BULLISH
[2026-03-23T08:31:54.858Z] SIGNAL: bb_squeeze_breakout HYPE UP
[2026-03-23T08:31:54.859Z] SIGNAL: macd_cross HYPE BULLISH
[2026-03-23T08:31:55.013Z] SIGNAL: macd_cross xyz:CL BULLISH
[2026-03-23T08:31:55.013Z] SIGNAL: bb_squeeze_breakout xyz:CL UP
[2026-03-23T08:31:55.119Z] SIGNAL: rsi_extreme SOL RSI 77 OVERBOUGHT
[2026-03-23T08:31:55.120Z] SIGNAL: bb_squeeze_breakout SOL DOWN
[2026-03-23T08:31:55.333Z] SIGNAL: rsi_extreme xyz:SILVER RSI 15 OVERSOLD
[2026-03-23T08:31:55.333Z] SIGNAL: ema_cross xyz:SILVER BEARISH
[2026-03-23T08:31:55.333Z] SIGNAL: vwap_deviation xyz:SILVER BELOW
[2026-03-23T08:31:55.333Z] SIGNAL: macd_cross xyz:SILVER BULLISH
[2026-03-23T08:31:55.352Z] SIGNAL: macd_cross XRP BULLISH
[2026-03-23T08:31:55.353Z] SIGNAL: rsi_extreme XRP RSI 76 OVERBOUGHT
[2026-03-23T08:31:55.591Z] SIGNAL: rsi_extreme SUI RSI 75 OVERBOUGHT
[2026-03-23T08:31:55.591Z] SIGNAL: ema_cross SUI BULLISH
[2026-03-23T08:31:55.591Z] SIGNAL: bb_squeeze_breakout SUI UP
[2026-03-23T08:31:55.591Z] SIGNAL: macd_cross SUI BEARISH
[2026-03-23T08:31:55.827Z] SIGNAL: macd_cross DOGE BEARISH
[2026-03-23T08:31:55.875Z] SIGNAL: rsi_extreme xyz:GOLD RSI 22 OVERSOLD
[2026-03-23T08:31:55.875Z] SIGNAL: ema_cross xyz:GOLD BEARISH
[2026-03-23T08:31:55.875Z] SIGNAL: macd_cross xyz:GOLD BEARISH
[2026-03-23T08:31:55.875Z] SIGNAL: bb_squeeze_breakout xyz:GOLD DOWN
[2026-03-23T08:31:56.060Z] SIGNAL: rsi_extreme BNB RSI 75 OVERBOUGHT
[2026-03-23T08:31:56.061Z] SIGNAL: bb_squeeze_breakout BNB DOWN
[2026-03-23T08:31:56.197Z] SCOUT: SKIP xyz:TSLA (2 signals) — RSI oversold vs MACD bearish conflict
[2026-03-23T08:31:56.311Z] SIGNAL: rsi_extreme PAXG RSI 80 OVERBOUGHT
[2026-03-23T08:31:56.311Z] SIGNAL: vwap_deviation PAXG ABOVE
[2026-03-23T08:31:56.312Z] SIGNAL: macd_cross PAXG BEARISH
[2026-03-23T08:31:56.589Z] SIGNAL: ema_cross AVAX BULLISH
[2026-03-23T08:31:56.589Z] SIGNAL: macd_cross AVAX BULLISH
[2026-03-23T08:31:56.589Z] SIGNAL: rsi_extreme AVAX RSI 78 OVERBOUGHT
[2026-03-23T08:31:56.590Z] SIGNAL: bb_squeeze_breakout AVAX DOWN
[2026-03-23T08:31:56.824Z] SIGNAL: rsi_extreme LINK RSI 75 OVERBOUGHT
[2026-03-23T08:31:56.825Z] SIGNAL: bb_squeeze_breakout LINK DOWN
[2026-03-23T08:31:57.062Z] SIGNAL: rsi_extreme AAVE RSI 78 OVERBOUGHT
[2026-03-23T08:31:57.062Z] SIGNAL: ema_cross AAVE BULLISH
[2026-03-23T08:31:57.062Z] SIGNAL: bb_squeeze_breakout AAVE UP
[2026-03-23T08:31:57.063Z] SIGNAL: macd_cross AAVE BEARISH
[2026-03-23T08:31:57.123Z] SIGNAL: macd_cross xyz:NVDA BULLISH
[2026-03-23T08:31:57.311Z] SIGNAL: rsi_extreme ENA RSI 76 OVERBOUGHT
[2026-03-23T08:31:57.311Z] SIGNAL: bb_squeeze_breakout ENA UP
[2026-03-23T08:31:57.311Z] SIGNAL: ema_cross ENA BULLISH
[2026-03-23T08:31:57.312Z] SIGNAL: macd_cross ENA BULLISH
[2026-03-23T08:31:57.548Z] SIGNAL: rsi_extreme kPEPE RSI 78 OVERBOUGHT
[2026-03-23T08:31:57.548Z] SIGNAL: macd_cross kPEPE BEARISH
[2026-03-23T08:31:58.189Z] SIGNAL: rsi_extreme SEI RSI 79 OVERBOUGHT
[2026-03-23T08:31:58.189Z] SIGNAL: bb_squeeze_breakout SEI UP
[2026-03-23T08:31:58.219Z] SCOUT: SKIP xyz:HOOD (2 signals) — Weak signals, low confidence, marginal agreement
[2026-03-23T08:31:58.219Z] SCOUT: SKIP xyz:NVDA (1 signal, conf 59) — no confluence
[2026-03-23T08:32:08.314Z] SIGNAL: whale_trade BTC $603k SELL
[2026-03-23T08:32:18.445Z] SIGNAL: price_breakout xyz:ORCL UP
[2026-03-23T08:32:53.134Z] SCOUT: SKIP BTC (3 signals) — Contradictory signals, weak confidence levels
[2026-03-23T08:32:55.141Z] SCOUT: SKIP ETH (2 signals) — Contradictory signals, weak confidence levels
[2026-03-23T08:32:56.800Z] SCOUT: PASS HYPE (3 signals, 73%) — Strong bullish confluence, breakout setup confirmed [analyst buf: 1]
[2026-03-23T08:32:56.833Z] SIGNAL: rsi_extreme xyz:HOOD RSI 25 OVERSOLD
[2026-03-23T08:32:56.833Z] SIGNAL: ema_cross xyz:HOOD BEARISH
[2026-03-23T08:32:57.067Z] SIGNAL: rsi_extreme xyz:NVDA RSI 13 OVERSOLD
[2026-03-23T08:32:57.374Z] SIGNAL: rsi_extreme xyz:COIN RSI 18 OVERSOLD
[2026-03-23T08:32:57.374Z] SIGNAL: ema_cross xyz:COIN BEARISH
[2026-03-23T08:32:57.374Z] SIGNAL: macd_cross xyz:COIN BEARISH
[2026-03-23T08:32:57.374Z] SIGNAL: bb_squeeze_breakout xyz:COIN DOWN
[2026-03-23T08:32:57.608Z] SIGNAL: rsi_extreme xyz:ORCL RSI 22 OVERSOLD
[2026-03-23T08:32:57.608Z] SIGNAL: ema_cross xyz:ORCL BEARISH
[2026-03-23T08:32:57.609Z] SIGNAL: macd_cross xyz:ORCL BULLISH
[2026-03-23T08:32:58.940Z] SCOUT: PASS xyz:CL (2 signals, 75%) — MACD cross bullish, BB squeeze breakout up [analyst buf: 2]
[2026-03-23T08:32:58.940Z] SCOUT: SKIP SOL (1 signal, conf 64) — no confluence
[2026-03-23T08:33:00.799Z] SCOUT: SKIP xyz:SILVER (4 signals) — Contradictory signals: bearish vs bullish MACD
[2026-03-23T08:33:02.293Z] SCOUT: SKIP XRP (1 signals) — Single weak signal, insufficient confluence
[2026-03-23T08:33:04.175Z] SCOUT: SKIP SUI (3 signals) — Bullish signals contradicted by bearish MACD
[2026-03-23T08:33:04.175Z] SCOUT: SKIP DOGE (1 signal, conf 59) — no confluence
[2026-03-23T08:33:06.024Z] SCOUT: PASS xyz:GOLD (3 signals, 83%) — Strong bearish consensus, high confidence alignment [analyst buf: 3]
[2026-03-23T08:33:06.024Z] SCOUT: SKIP BNB (1 signal, conf 60) — no confluence
[2026-03-23T08:33:07.884Z] SCOUT: SKIP PAXG (2 signals) — Contradictory signals, bearish technicals vs bullish news
[2026-03-23T08:33:09.571Z] SCOUT: SKIP AVAX (3 signals) — Contradictory signals, weak EMA confidence
[2026-03-23T08:33:09.571Z] SCOUT: SKIP LINK (1 signal, conf 61) — no confluence
[2026-03-23T08:33:11.561Z] SCOUT: SKIP AAVE (3 signals) — Conflicting signals, weak MACD bearish
[2026-03-23T08:33:11.561Z] SCOUT: SKIP xyz:NVDA (1 signal, conf 55) — no confluence
[2026-03-23T08:33:13.173Z] SCOUT: PASS ENA (3 signals, 65%) — Triple bullish alignment with strong confluence [analyst buf: 4]
[2026-03-23T08:33:13.173Z] SCOUT: SKIP kPEPE (1 signal, conf 57) — no confluence
[2026-03-23T08:33:14.855Z] SCOUT: SKIP SEI (1 signals) — Single weak signal, neutral news backdrop
[2026-03-23T08:33:14.855Z] SCOUT: SKIP xyz:ORCL (1 signal, conf 57) — no confluence
[2026-03-23T08:33:49.118Z] ANALYST: processing 4 scout-passed signal groups
[2026-03-23T08:33:50.819Z] SCOUT: SKIP xyz:HOOD (1 signal, conf 57) — no confluence
[2026-03-23T08:33:52.657Z] SCOUT: SKIP xyz:NVDA (1 signals) — Single weak oversold signal insufficient
[2026-03-23T08:33:54.461Z] SCOUT: PASS xyz:COIN (4 signals, 83%) — Oversold with strong bearish confluence signals [analyst buf: 1]
[2026-03-23T08:33:55.016Z] SIGNAL: rsi_extreme xyz:CL RSI 76 OVERBOUGHT
[2026-03-23T08:33:55.016Z] SIGNAL: macd_cross xyz:CL BULLISH
[2026-03-23T08:33:55.016Z] SIGNAL: bb_squeeze_breakout xyz:CL UP
[2026-03-23T08:33:55.276Z] SIGNAL: bb_squeeze_breakout xyz:SILVER DOWN
[2026-03-23T08:33:55.511Z] SIGNAL: rsi_extreme xyz:BRENTOIL RSI 25 OVERSOLD
[2026-03-23T08:33:55.878Z] SCOUT: SKIP xyz:ORCL (2 signals) — Contradictory signals, weak confidence levels
[2026-03-23T08:33:56.093Z] SIGNAL: rsi_extreme xyz:NATGAS RSI 76 OVERBOUGHT
[2026-03-23T08:33:56.327Z] SIGNAL: rsi_extreme xyz:COPPER RSI 21 OVERSOLD
[2026-03-23T08:33:56.327Z] SIGNAL: macd_cross xyz:COPPER BEARISH
[2026-03-23T08:33:56.327Z] SIGNAL: ema_cross xyz:COPPER BEARISH
[2026-03-23T08:33:56.564Z] SIGNAL: rsi_extreme xyz:TSLA RSI 22 OVERSOLD
[2026-03-23T08:33:56.564Z] SIGNAL: macd_cross xyz:TSLA BEARISH
[2026-03-23T08:33:56.564Z] SIGNAL: bb_squeeze_breakout xyz:TSLA DOWN
[2026-03-23T08:33:56.798Z] SIGNAL: macd_cross xyz:HOOD BEARISH
[2026-03-23T08:33:57.032Z] SIGNAL: ema_cross xyz:NVDA BEARISH
[2026-03-23T08:34:30.473Z] DECISION: HOLD HYPE — Risk-off macro, price downtrend, poor HYPE history 
[2026-03-23T08:34:30.473Z] DECISION: HOLD HYPE — Strategy at max capacity, 2/2 positions full 
[2026-03-23T08:34:30.473Z] DECISION: HOLD HYPE — Strategy at max capacity, 2/2 positions full 
[2026-03-23T08:34:30.473Z] DECISION: HOLD xyz:CL — BB confirm below 70, fails dual-signal rule 
[2026-03-23T08:34:30.473Z] DECISION: HOLD xyz:CL — Strategy at max capacity, 2/2 positions full 
[2026-03-23T08:34:30.473Z] DECISION: HOLD xyz:CL — Strategy at max capacity, 2/2 positions full 
[2026-03-23T08:34:30.473Z] DECISION: [Scalping-v2] RISK_BLOCKED xyz:GOLD — Confidence 68% < 70% 
[2026-03-23T08:34:52.832Z] SCOUT: PASS xyz:CL (2 signals, 78%) — MACD cross bullish, BB squeeze breakout aligned [analyst buf: 2]
[2026-03-23T08:34:55.012Z] SIGNAL: ema_cross xyz:CL BULLISH
[2026-03-23T08:34:55.271Z] SIGNAL: rsi_extreme xyz:SILVER RSI 16 OVERSOLD
[2026-03-23T08:34:55.271Z] SIGNAL: ema_cross xyz:SILVER BEARISH
[2026-03-23T08:34:55.271Z] SIGNAL: macd_cross xyz:SILVER BEARISH
[2026-03-23T08:34:55.271Z] SIGNAL: vwap_deviation xyz:SILVER BELOW
[2026-03-23T08:34:55.505Z] SIGNAL: macd_cross xyz:BRENTOIL BULLISH
[2026-03-23T08:34:55.740Z] SIGNAL: rsi_extreme xyz:GOLD RSI 24 OVERSOLD
[2026-03-23T08:34:55.740Z] SIGNAL: macd_cross xyz:GOLD BEARISH
[2026-03-23T08:34:55.740Z] SIGNAL: bb_squeeze_breakout xyz:GOLD DOWN
[2026-03-23T08:34:55.788Z] SCOUT: SKIP xyz:SILVER (1 signals) — Single weak signal, insufficient confirmation
[2026-03-23T08:34:56.932Z] SIGNAL: macd_cross xyz:NVDA BEARISH
[2026-03-23T08:34:56.933Z] SIGNAL: bb_squeeze_breakout xyz:NVDA DOWN
[2026-03-23T08:34:57.953Z] SCOUT: SKIP xyz:COPPER (2 signals) — Weak EMA signal, insufficient confluence
[2026-03-23T08:34:59.599Z] SCOUT: SKIP xyz:TSLA (2 signals) — Bearish bias, low breakout confidence
[2026-03-23T08:35:01.206Z] SCOUT: SKIP xyz:HOOD (1 signals) — Single weak signal insufficient for trade
[2026-03-23T08:35:01.206Z] SCOUT: SKIP xyz:NVDA (1 signal, conf 56) — no confluence
[2026-03-23T08:35:19.118Z] ANALYST: processing 2 scout-passed signal groups
[2026-03-23T08:35:52.442Z] SCOUT: SKIP xyz:CL (1 signals) — Single signal insufficient for trade entry
[2026-03-23T08:35:54.370Z] SCOUT: SKIP xyz:SILVER (4 signals) — RSI oversold conflicts bearish momentum signals
[2026-03-23T08:35:54.370Z] SCOUT: SKIP xyz:BRENTOIL (1 signal, conf 57) — no confluence
[2026-03-23T08:35:55.568Z] SIGNAL: rsi_extreme xyz:CL RSI 77 OVERBOUGHT
[2026-03-23T08:35:55.569Z] SIGNAL: macd_cross xyz:CL BULLISH
[2026-03-23T08:35:55.569Z] SIGNAL: bb_squeeze_breakout xyz:CL UP
[2026-03-23T08:35:55.833Z] SIGNAL: bb_squeeze_breakout xyz:SILVER DOWN
[2026-03-23T08:35:56.279Z] SCOUT: SKIP xyz:GOLD (2 signals) — Bearish signals aligned but single weak confirmation
[2026-03-23T08:35:56.632Z] SIGNAL: rsi_extreme xyz:NATGAS RSI 78 OVERBOUGHT
[2026-03-23T08:35:56.866Z] SIGNAL: rsi_extreme xyz:COPPER RSI 19 OVERSOLD
[2026-03-23T08:35:56.866Z] SIGNAL: macd_cross xyz:COPPER BEARISH
[2026-03-23T08:35:57.109Z] SIGNAL: rsi_extreme xyz:TSLA RSI 18 OVERSOLD
[2026-03-23T08:35:57.109Z] SIGNAL: macd_cross xyz:TSLA BEARISH
[2026-03-23T08:35:57.344Z] SIGNAL: rsi_extreme xyz:HOOD RSI 23 OVERSOLD
[2026-03-23T08:35:57.344Z] SIGNAL: macd_cross xyz:HOOD BEARISH
[2026-03-23T08:35:57.620Z] SIGNAL: rsi_extreme xyz:NVDA RSI 19 OVERSOLD
[2026-03-23T08:35:57.848Z] SCOUT: SKIP xyz:NVDA (2 signals) — Bearish signals aligned but single weak BB signal
[2026-03-23T08:35:57.854Z] SIGNAL: rsi_extreme xyz:COIN RSI 17 OVERSOLD
[2026-03-23T08:35:57.854Z] SIGNAL: ema_cross xyz:COIN BEARISH
[2026-03-23T08:35:57.854Z] SIGNAL: macd_cross xyz:COIN BEARISH
[2026-03-23T08:35:57.854Z] SIGNAL: bb_squeeze_breakout xyz:COIN DOWN
[2026-03-23T08:35:58.089Z] SIGNAL: rsi_extreme xyz:ORCL RSI 19 OVERSOLD
[2026-03-23T08:35:58.089Z] SIGNAL: macd_cross xyz:ORCL BEARISH
[2026-03-23T08:35:58.882Z] DECISION: HOLD xyz:COIN — RSI 17.8 oversold counters short; bullish BTC macro headwind 
[2026-03-23T08:35:58.882Z] DECISION: HOLD xyz:COIN — Strategy at capacity 2/2, no slots available 
[2026-03-23T08:35:58.882Z] DECISION: HOLD xyz:COIN — Strategy at capacity 2/2, no slots available 
[2026-03-23T08:35:58.882Z] DECISION: HOLD xyz:CL — Below 70% threshold; 7/10 CL scalp losses, too risky 
[2026-03-23T08:35:58.882Z] DECISION: HOLD xyz:CL — Strategy at capacity 2/2, no slots available 
[2026-03-23T08:35:58.882Z] DECISION: HOLD xyz:CL — Strategy at capacity 2/2, no slots available 
[2026-03-23T08:36:23.295Z] SIGNAL: price_breakout xyz:ORCL UP
[2026-03-23T08:36:52.628Z] SCOUT: PASS xyz:CL (2 signals, 75%) — MACD cross bullish, BB breakout confirms upside [analyst buf: 1]
[2026-03-23T08:36:54.212Z] SIGNAL: rsi_extreme BTC RSI 76 OVERBOUGHT
[2026-03-23T08:36:54.212Z] SIGNAL: ema_cross BTC BEARISH
[2026-03-23T08:36:54.212Z] SIGNAL: bb_squeeze_breakout BTC DOWN
[2026-03-23T08:36:54.213Z] SIGNAL: macd_cross BTC BULLISH
[2026-03-23T08:36:54.309Z] STATUS: 26 coins | WS: OK | Positions: 4 | Tokens: $6.37 (63.7%)
[2026-03-23T08:36:54.578Z] SIGNAL: rsi_extreme ETH RSI 77 OVERBOUGHT
[2026-03-23T08:36:54.579Z] SIGNAL: bb_squeeze_breakout ETH DOWN
[2026-03-23T08:36:54.579Z] SIGNAL: macd_cross ETH BULLISH
[2026-03-23T08:36:54.814Z] SIGNAL: rsi_extreme HYPE RSI 76 OVERBOUGHT
[2026-03-23T08:36:54.814Z] SIGNAL: ema_cross HYPE BULLISH
[2026-03-23T08:36:54.814Z] SIGNAL: bb_squeeze_breakout HYPE UP
[2026-03-23T08:36:54.816Z] SIGNAL: macd_cross HYPE BULLISH
[2026-03-23T08:36:55.029Z] SIGNAL: ema_cross xyz:CL BULLISH
[2026-03-23T08:36:55.054Z] SIGNAL: rsi_extreme SOL RSI 76 OVERBOUGHT
[2026-03-23T08:36:55.055Z] SIGNAL: bb_squeeze_breakout SOL DOWN
[2026-03-23T08:36:55.289Z] SIGNAL: macd_cross XRP BULLISH
[2026-03-23T08:36:55.290Z] SIGNAL: rsi_extreme XRP RSI 76 OVERBOUGHT
[2026-03-23T08:36:55.292Z] SIGNAL: rsi_extreme xyz:SILVER RSI 14 OVERSOLD
[2026-03-23T08:36:55.292Z] SIGNAL: ema_cross xyz:SILVER BEARISH
[2026-03-23T08:36:55.292Z] SIGNAL: vwap_deviation xyz:SILVER BELOW
[2026-03-23T08:36:55.293Z] SIGNAL: macd_cross xyz:SILVER BULLISH
[2026-03-23T08:36:55.306Z] SCOUT: SKIP xyz:SILVER (1 signals) — Single weak signal, insufficient confirmation
[2026-03-23T08:36:55.521Z] SIGNAL: volume_spike kPEPE 4.0x avg
[2026-03-23T08:36:55.959Z] SIGNAL: ema_cross SUI BULLISH
[2026-03-23T08:36:55.959Z] SIGNAL: macd_cross SUI BULLISH
[2026-03-23T08:36:55.959Z] SIGNAL: bb_squeeze_breakout SUI UP
[2026-03-23T08:36:55.959Z] SIGNAL: rsi_extreme SUI RSI 78 OVERBOUGHT
[2026-03-23T08:36:56.184Z] SIGNAL: rsi_extreme xyz:BRENTOIL RSI 25 OVERSOLD
[2026-03-23T08:36:56.184Z] SIGNAL: macd_cross xyz:BRENTOIL BULLISH
[2026-03-23T08:36:56.195Z] SIGNAL: macd_cross DOGE BEARISH
[2026-03-23T08:36:56.459Z] SIGNAL: rsi_extreme xyz:GOLD RSI 25 OVERSOLD
[2026-03-23T08:36:56.459Z] SIGNAL: macd_cross xyz:GOLD BEARISH
[2026-03-23T08:36:56.459Z] SIGNAL: bb_squeeze_breakout xyz:GOLD DOWN
[2026-03-23T08:36:56.459Z] SIGNAL: ema_cross xyz:GOLD BEARISH
[2026-03-23T08:36:56.462Z] SIGNAL: macd_cross BNB BULLISH
[2026-03-23T08:36:56.463Z] SIGNAL: rsi_extreme BNB RSI 76 OVERBOUGHT
[2026-03-23T08:36:56.464Z] SIGNAL: bb_squeeze_breakout BNB DOWN
[2026-03-23T08:36:56.700Z] SIGNAL: rsi_extreme PAXG RSI 77 OVERBOUGHT
[2026-03-23T08:36:56.700Z] SIGNAL: vwap_deviation PAXG ABOVE
[2026-03-23T08:36:56.702Z] SIGNAL: macd_cross PAXG BULLISH
[2026-03-23T08:36:56.934Z] SIGNAL: macd_cross AVAX BULLISH
[2026-03-23T08:36:56.935Z] SIGNAL: rsi_extreme AVAX RSI 78 OVERBOUGHT
[2026-03-23T08:36:56.936Z] SIGNAL: bb_squeeze_breakout AVAX DOWN
[2026-03-23T08:36:56.937Z] SIGNAL: ema_cross xyz:COPPER BEARISH
[2026-03-23T08:36:56.940Z] SCOUT: SKIP xyz:COPPER (2 signals) — Contradictory signals: oversold vs bearish pressure
[2026-03-23T08:36:57.174Z] SIGNAL: macd_cross LINK BULLISH
[2026-03-23T08:36:57.175Z] SIGNAL: rsi_extreme LINK RSI 79 OVERBOUGHT
[2026-03-23T08:36:57.175Z] SIGNAL: bb_squeeze_breakout LINK DOWN
[2026-03-23T08:36:57.410Z] SIGNAL: rsi_extreme AAVE RSI 76 OVERBOUGHT
[2026-03-23T08:36:57.410Z] SIGNAL: ema_cross AAVE BULLISH
[2026-03-23T08:36:57.410Z] SIGNAL: macd_cross AAVE BULLISH
[2026-03-23T08:36:57.410Z] SIGNAL: bb_squeeze_breakout AAVE UP
[2026-03-23T08:36:57.645Z] SIGNAL: rsi_extreme ENA RSI 76 OVERBOUGHT
[2026-03-23T08:36:57.645Z] SIGNAL: macd_cross ENA BULLISH
[2026-03-23T08:36:57.645Z] SIGNAL: bb_squeeze_breakout ENA UP
[2026-03-23T08:36:57.646Z] SIGNAL: ema_cross ENA BULLISH
[2026-03-23T08:36:57.649Z] SIGNAL: macd_cross xyz:NVDA BEARISH
[2026-03-23T08:36:57.650Z] SIGNAL: bb_squeeze_breakout xyz:NVDA DOWN
[2026-03-23T08:36:57.881Z] SIGNAL: macd_cross kPEPE BULLISH
[2026-03-23T08:36:57.881Z] SIGNAL: ema_cross kPEPE BULLISH
[2026-03-23T08:36:57.881Z] SIGNAL: rsi_extreme kPEPE RSI 78 OVERBOUGHT
[2026-03-23T08:36:58.123Z] SIGNAL: rsi_extreme SEI RSI 79 OVERBOUGHT
[2026-03-23T08:36:58.123Z] SIGNAL: bb_squeeze_breakout SEI UP
[2026-03-23T08:36:58.469Z] SCOUT: SKIP xyz:TSLA (2 signals) — Contradictory signals: oversold vs bearish momentum
[2026-03-23T08:37:00.190Z] SCOUT: SKIP xyz:HOOD (1 signals) — Single weak signal insufficient for trade
[2026-03-23T08:37:01.787Z] SCOUT: SKIP xyz:NVDA (1 signals) — Single weak oversold signal insufficient
[2026-03-23T08:37:03.291Z] SCOUT: PASS xyz:COIN (4 signals, 71%) — Oversold reversal with strong bearish momentum confluence [analyst buf: 2]
[2026-03-23T08:37:04.667Z] SCOUT: SKIP xyz:ORCL (3 signals) — Contradictory signals: oversold RSI vs bearish MACD
[2026-03-23T08:37:52.551Z] SCOUT: SKIP BTC (3 signals) — Contradictory signals, weak confluence
[2026-03-23T08:37:54.138Z] SCOUT: SKIP ETH (2 signals) — Contradictory signals, weak individual confidence
[2026-03-23T08:37:56.020Z] SCOUT: PASS HYPE (3 signals, 69%) — Three aligned bullish signals, strong momentum setup [analyst buf: 3]
[2026-03-23T08:37:57.367Z] SCOUT: SKIP xyz:CL (1 signals) — Single weak signal insufficient for trade
[2026-03-23T08:37:57.367Z] SCOUT: SKIP SOL (1 signal, conf 64) — no confluence
[2026-03-23T08:37:57.367Z] SCOUT: SKIP XRP (1 signal, conf 57) — no confluence
[2026-03-23T08:37:58.877Z] SCOUT: SKIP xyz:SILVER (4 signals) — Contradictory signals, bearish vs bullish conflict
[2026-03-23T08:38:00.763Z] SCOUT: PASS SUI (3 signals, 68%) — Strong MACD cross, BB breakout confirms bullish setup [analyst buf: 4]
[2026-03-23T08:38:00.763Z] SCOUT: SKIP xyz:BRENTOIL (1 signal, conf 57) — no confluence
[2026-03-23T08:38:00.763Z] SCOUT: SKIP DOGE (1 signal, conf 60) — no confluence
[2026-03-23T08:38:02.564Z] SCOUT: PASS xyz:GOLD (3 signals, 74%) — Three aligned bearish signals, strong confluence [analyst buf: 5]
[2026-03-23T08:38:04.396Z] SCOUT: SKIP BNB (2 signals) — Contradictory signals, weak sentiment support
[2026-03-23T08:38:05.839Z] SCOUT: PASS PAXG (2 signals, 65%) — Strong bullish signals, MACD cross confirmed [analyst buf: 6]
[2026-03-23T08:38:07.603Z] SCOUT: SKIP AVAX (2 signals) — Contradictory signals, weak BB squeeze
[2026-03-23T08:38:07.603Z] SCOUT: SKIP xyz:COPPER (1 signal, conf 57) — no confluence
[2026-03-23T08:38:09.067Z] SCOUT: SKIP LINK (2 signals) — Contradictory signals, weak bullish confidence
[2026-03-23T08:38:10.641Z] SCOUT: PASS AAVE (3 signals, 75%) — Strong bullish confluence, breakout confirmation [analyst buf: 7]
[2026-03-23T08:38:12.227Z] SCOUT: PASS ENA (3 signals, 72%) — Strong bullish alignment, high confidence MACD cross [analyst buf: 8]
[2026-03-23T08:38:14.230Z] SCOUT: SKIP xyz:NVDA (2 signals) — Bearish signals aligned but low BB confidence
[2026-03-23T08:38:15.961Z] SCOUT: SKIP kPEPE (2 signals) — Single strong signal insufficient without confirmation
[2026-03-23T08:38:17.988Z] SCOUT: SKIP SEI (1 signals) — Single weak signal, insufficient confluence
[2026-03-23T08:38:19.118Z] ANALYST: processing 8 scout-passed signal groups
[2026-03-23T08:38:55.013Z] SIGNAL: rsi_extreme xyz:CL RSI 77 OVERBOUGHT
[2026-03-23T08:38:55.013Z] SIGNAL: bb_squeeze_breakout xyz:CL UP
[2026-03-23T08:38:55.271Z] SIGNAL: bb_squeeze_breakout xyz:SILVER DOWN
[2026-03-23T08:38:56.030Z] SIGNAL: rsi_extreme xyz:NATGAS RSI 76 OVERBOUGHT
[2026-03-23T08:38:56.265Z] SIGNAL: rsi_extreme xyz:COPPER RSI 17 OVERSOLD
[2026-03-23T08:38:56.266Z] SIGNAL: macd_cross xyz:COPPER BULLISH
[2026-03-23T08:38:56.518Z] SIGNAL: rsi_extreme xyz:TSLA RSI 15 OVERSOLD
[2026-03-23T08:38:56.518Z] SIGNAL: ema_cross xyz:TSLA BEARISH
[2026-03-23T08:38:56.518Z] SIGNAL: macd_cross xyz:TSLA BULLISH
[2026-03-23T08:38:56.754Z] SIGNAL: rsi_extreme xyz:HOOD RSI 17 OVERSOLD
[2026-03-23T08:38:56.754Z] SIGNAL: macd_cross xyz:HOOD BEARISH
[2026-03-23T08:38:56.987Z] SIGNAL: rsi_extreme xyz:NVDA RSI 18 OVERSOLD
[2026-03-23T08:38:57.223Z] SIGNAL: rsi_extreme xyz:COIN RSI 14 OVERSOLD
[2026-03-23T08:38:57.224Z] SIGNAL: ema_cross xyz:COIN BEARISH
[2026-03-23T08:38:57.224Z] SIGNAL: bb_squeeze_breakout xyz:COIN DOWN
[2026-03-23T08:38:57.224Z] SIGNAL: macd_cross xyz:COIN BEARISH
[2026-03-23T08:38:57.458Z] SIGNAL: macd_cross xyz:ORCL BEARISH
[2026-03-23T08:38:57.458Z] SIGNAL: rsi_extreme xyz:ORCL RSI 23 OVERSOLD
[2026-03-23T08:39:08.828Z] FILL: Open Long xyz:CL 0.197@99.858 PnL=0.0
[2026-03-23T08:39:08.828Z] FILL: Open Long xyz:CL 0.554@99.861 PnL=0.0
[2026-03-23T08:39:08.828Z] ORDER: B xyz:CL status=open
[2026-03-23T08:39:08.828Z] ORDER: B xyz:CL status=filled
[2026-03-23T08:39:08.879Z] DECISION: [Scalping-v2] BUY xyz:CL — MACD 85 + BB breakout, macro oil supply risk supportive (EXECUTED)
[2026-03-23T08:39:18.399Z] SIGNAL: volume_spike AVAX 4.7x avg
[2026-03-23T08:39:29.976Z] SIGNAL: whale_trade BTC $603k SELL
[2026-03-23T08:39:29.976Z] SIGNAL: volume_spike BTC 4.4x avg
[2026-03-23T08:39:50.823Z] SCOUT: SKIP xyz:CL (1 signal, conf 62) — no confluence
[2026-03-23T08:39:52.580Z] SCOUT: SKIP xyz:SILVER (1 signals) — Single weak signal, insufficient confluence
[2026-03-23T08:39:54.352Z] SCOUT: SKIP xyz:COPPER (2 signals) — Weak signals, insufficient confluence for entry
[2026-03-23T08:39:55.269Z] SIGNAL: rsi_extreme xyz:SILVER RSI 14 OVERSOLD
[2026-03-23T08:39:55.270Z] SIGNAL: vwap_deviation xyz:SILVER BELOW
[2026-03-23T08:39:55.270Z] SIGNAL: macd_cross xyz:SILVER BULLISH
[2026-03-23T08:39:55.270Z] SIGNAL: ema_cross xyz:SILVER BULLISH
[2026-03-23T08:39:55.663Z] SIGNAL: rsi_extreme xyz:BRENTOIL RSI 25 OVERSOLD
[2026-03-23T08:39:55.663Z] SIGNAL: macd_cross xyz:BRENTOIL BULLISH
[2026-03-23T08:39:55.918Z] SIGNAL: rsi_extreme xyz:GOLD RSI 21 OVERSOLD
[2026-03-23T08:39:55.919Z] SIGNAL: bb_squeeze_breakout xyz:GOLD DOWN
[2026-03-23T08:39:55.919Z] SIGNAL: macd_cross xyz:GOLD BEARISH
[2026-03-23T08:39:56.427Z] SIGNAL: ema_cross xyz:COPPER BEARISH
[2026-03-23T08:39:56.591Z] SCOUT: SKIP xyz:TSLA (3 signals) — Contradictory signals, weak confidence levels
[2026-03-23T08:39:57.710Z] SIGNAL: bb_squeeze_breakout xyz:NVDA DOWN
[2026-03-23T08:39:58.496Z] SCOUT: SKIP xyz:HOOD (2 signals) — Contradictory signals, RSI oversold vs bearish MACD
[2026-03-23T08:40:00.116Z] SCOUT: SKIP xyz:NVDA (1 signals) — Single weak oversold signal insufficient
[2026-03-23T08:40:02.174Z] SCOUT: SKIP xyz:COIN (4 signals) — RSI oversold contrasts bearish momentum signals
[2026-03-23T08:40:03.719Z] SCOUT: SKIP xyz:ORCL (1 signals) — Single weak bearish signal insufficient
[2026-03-23T08:40:52.305Z] SCOUT: SKIP xyz:SILVER (4 signals) — RSI oversold contradicts bullish signals
[2026-03-23T08:40:52.305Z] SCOUT: SKIP xyz:BRENTOIL (1 signal, conf 57) — no confluence
[2026-03-23T08:40:54.444Z] SCOUT: SKIP xyz:GOLD (2 signals) — Low confidence, contradictory signal timing
[2026-03-23T08:40:54.444Z] SCOUT: SKIP xyz:COPPER (1 signal, conf 58) — no confluence
[2026-03-23T08:40:54.444Z] SCOUT: SKIP xyz:NVDA (1 signal, conf 63) — no confluence
[2026-03-23T08:40:55.012Z] SIGNAL: macd_cross xyz:CL BULLISH
[2026-03-23T08:40:55.013Z] SIGNAL: rsi_extreme xyz:CL RSI 23 OVERSOLD
[2026-03-23T08:40:55.764Z] SIGNAL: ema_cross xyz:GOLD BEARISH
[2026-03-23T08:40:56.746Z] SIGNAL: ema_cross xyz:HOOD BEARISH
[2026-03-23T08:40:56.981Z] SIGNAL: macd_cross xyz:NVDA BULLISH
[2026-03-23T08:40:57.463Z] SIGNAL: rsi_extreme xyz:ORCL RSI 21 OVERSOLD
[2026-03-23T08:40:57.463Z] SIGNAL: macd_cross xyz:ORCL BEARISH
[2026-03-23T08:41:53.158Z] SCOUT: SKIP xyz:CL (1 signals) — Single signal insufficient for entry
[2026-03-23T08:41:53.158Z] SCOUT: SKIP xyz:GOLD (1 signal, conf 59) — no confluence
[2026-03-23T08:41:53.158Z] SCOUT: SKIP xyz:HOOD (1 signal, conf 56) — no confluence
[2026-03-23T08:41:53.158Z] SCOUT: SKIP xyz:NVDA (1 signal, conf 57) — no confluence
[2026-03-23T08:41:54.215Z] SIGNAL: rsi_extreme BTC RSI 75 OVERBOUGHT
[2026-03-23T08:41:54.215Z] SIGNAL: ema_cross BTC BEARISH
[2026-03-23T08:41:54.215Z] SIGNAL: bb_squeeze_breakout BTC DOWN
[2026-03-23T08:41:54.215Z] SIGNAL: macd_cross BTC BULLISH
[2026-03-23T08:41:54.309Z] STATUS: 26 coins | WS: OK | Positions: 5 | Tokens: $6.47 (64.7%)
[2026-03-23T08:41:54.449Z] SIGNAL: rsi_extreme ETH RSI 77 OVERBOUGHT
[2026-03-23T08:41:54.449Z] SIGNAL: bb_squeeze_breakout ETH DOWN
[2026-03-23T08:41:54.450Z] SIGNAL: macd_cross ETH BULLISH
[2026-03-23T08:41:54.683Z] SIGNAL: rsi_extreme HYPE RSI 75 OVERBOUGHT
[2026-03-23T08:41:54.683Z] SIGNAL: ema_cross HYPE BULLISH
[2026-03-23T08:41:54.683Z] SIGNAL: macd_cross HYPE BULLISH
[2026-03-23T08:41:54.683Z] SIGNAL: bb_squeeze_breakout HYPE UP
[2026-03-23T08:41:54.789Z] SCOUT: SKIP xyz:ORCL (1 signals) — Single weak bearish signal insufficient
[2026-03-23T08:41:54.926Z] SIGNAL: rsi_extreme SOL RSI 78 OVERBOUGHT
[2026-03-23T08:41:54.926Z] SIGNAL: bb_squeeze_breakout SOL DOWN
[2026-03-23T08:41:55.014Z] SIGNAL: bb_squeeze_breakout xyz:CL UP
[2026-03-23T08:41:55.161Z] SIGNAL: rsi_extreme XRP RSI 77 OVERBOUGHT
[2026-03-23T08:41:55.271Z] SIGNAL: rsi_extreme xyz:SILVER RSI 17 OVERSOLD
[2026-03-23T08:41:55.271Z] SIGNAL: bb_squeeze_breakout xyz:SILVER DOWN
[2026-03-23T08:41:55.273Z] SIGNAL: macd_cross xyz:SILVER BEARISH
[2026-03-23T08:41:55.399Z] SIGNAL: macd_cross SUI BULLISH
[2026-03-23T08:41:55.399Z] SIGNAL: bb_squeeze_breakout SUI UP
[2026-03-23T08:41:55.399Z] SIGNAL: rsi_extreme SUI RSI 75 OVERBOUGHT
[2026-03-23T08:41:55.648Z] SIGNAL: macd_cross DOGE BEARISH
[2026-03-23T08:41:55.882Z] SIGNAL: macd_cross BNB BULLISH
[2026-03-23T08:41:55.883Z] SIGNAL: rsi_extreme BNB RSI 77 OVERBOUGHT
[2026-03-23T08:41:55.884Z] SIGNAL: bb_squeeze_breakout BNB DOWN
[2026-03-23T08:41:56.012Z] SIGNAL: rsi_extreme xyz:NATGAS RSI 76 OVERBOUGHT
[2026-03-23T08:41:56.128Z] SIGNAL: rsi_extreme PAXG RSI 75 OVERBOUGHT
[2026-03-23T08:41:56.128Z] SIGNAL: vwap_deviation PAXG ABOVE
[2026-03-23T08:41:56.129Z] SIGNAL: macd_cross PAXG BULLISH
[2026-03-23T08:41:56.248Z] SIGNAL: rsi_extreme xyz:COPPER RSI 18 OVERSOLD
[2026-03-23T08:41:56.249Z] SIGNAL: macd_cross xyz:COPPER BULLISH
[2026-03-23T08:41:56.363Z] SIGNAL: macd_cross AVAX BULLISH
[2026-03-23T08:41:56.363Z] SIGNAL: rsi_extreme AVAX RSI 78 OVERBOUGHT
[2026-03-23T08:41:56.364Z] SIGNAL: bb_squeeze_breakout AVAX DOWN
[2026-03-23T08:41:56.483Z] SIGNAL: rsi_extreme xyz:TSLA RSI 13 OVERSOLD
[2026-03-23T08:41:56.483Z] SIGNAL: ema_cross xyz:TSLA BEARISH
[2026-03-23T08:41:56.599Z] SIGNAL: macd_cross LINK BULLISH
[2026-03-23T08:41:56.599Z] SIGNAL: rsi_extreme LINK RSI 77 OVERBOUGHT
[2026-03-23T08:41:56.600Z] SIGNAL: bb_squeeze_breakout LINK DOWN
[2026-03-23T08:41:56.717Z] SIGNAL: rsi_extreme xyz:HOOD RSI 15 OVERSOLD
[2026-03-23T08:41:56.833Z] SIGNAL: rsi_extreme AAVE RSI 77 OVERBOUGHT
[2026-03-23T08:41:56.833Z] SIGNAL: ema_cross AAVE BULLISH
[2026-03-23T08:41:56.833Z] SIGNAL: macd_cross AAVE BULLISH
[2026-03-23T08:41:56.833Z] SIGNAL: bb_squeeze_breakout AAVE UP
[2026-03-23T08:41:56.991Z] SIGNAL: rsi_extreme xyz:NVDA RSI 17 OVERSOLD
[2026-03-23T08:41:56.991Z] SIGNAL: ema_cross xyz:NVDA BEARISH
[2026-03-23T08:41:57.074Z] SIGNAL: rsi_extreme ENA RSI 76 OVERBOUGHT
[2026-03-23T08:41:57.074Z] SIGNAL: macd_cross ENA BULLISH
[2026-03-23T08:41:57.074Z] SIGNAL: bb_squeeze_breakout ENA UP
[2026-03-23T08:41:57.074Z] SIGNAL: ema_cross ENA BULLISH
[2026-03-23T08:41:57.225Z] SIGNAL: rsi_extreme xyz:COIN RSI 12 OVERSOLD
[2026-03-23T08:41:57.225Z] SIGNAL: ema_cross xyz:COIN BEARISH
[2026-03-23T08:41:57.311Z] SIGNAL: macd_cross kPEPE BULLISH
[2026-03-23T08:41:57.311Z] SIGNAL: ema_cross kPEPE BULLISH
[2026-03-23T08:41:57.311Z] SIGNAL: rsi_extreme kPEPE RSI 78 OVERBOUGHT
[2026-03-23T08:41:57.463Z] SIGNAL: ema_cross xyz:ORCL BEARISH
[2026-03-23T08:41:57.546Z] SIGNAL: rsi_extreme SEI RSI 80 OVERBOUGHT
[2026-03-23T08:41:57.546Z] SIGNAL: macd_cross SEI BULLISH
[2026-03-23T08:41:57.546Z] SIGNAL: bb_squeeze_breakout SEI UP
[2026-03-23T08:41:57.546Z] SIGNAL: vwap_deviation SEI ABOVE
[2026-03-23T08:41:57.787Z] SIGNAL: volume_spike HYPE 4.2x avg
[2026-03-23T08:42:36.447Z] SIGNAL: volume_spike BNB 4.1x avg
[2026-03-23T08:42:36.670Z] SIGNAL: volume_spike LINK 4.3x avg
[2026-03-23T08:42:40.842Z] SIGNAL: volume_spike AVAX 4.1x avg
[2026-03-23T08:42:52.396Z] SCOUT: SKIP BTC (3 signals) — Contradictory signals, weak confidence across board
[2026-03-23T08:42:53.965Z] SCOUT: SKIP ETH (2 signals) — Contradictory signals, weak confidence levels
[2026-03-23T08:42:55.184Z] SIGNAL: rsi_extreme xyz:CL RSI 80 OVERBOUGHT
[2026-03-23T08:42:55.184Z] SIGNAL: macd_cross xyz:CL BULLISH
[2026-03-23T08:42:55.693Z] SIGNAL: rsi_extreme xyz:BRENTOIL RSI 25 OVERSOLD
[2026-03-23T08:42:55.693Z] SIGNAL: macd_cross xyz:BRENTOIL BULLISH
[2026-03-23T08:42:55.927Z] SIGNAL: rsi_extreme xyz:GOLD RSI 25 OVERSOLD
[2026-03-23T08:42:55.927Z] SIGNAL: ema_cross xyz:GOLD BEARISH
[2026-03-23T08:42:55.927Z] SIGNAL: bb_squeeze_breakout xyz:GOLD DOWN
[2026-03-23T08:42:55.927Z] SIGNAL: macd_cross xyz:GOLD BEARISH
[2026-03-23T08:42:56.091Z] SCOUT: PASS HYPE (3 signals, 72%) — Strong bullish confluence, MACD confirmation high [analyst buf: 1]
[2026-03-23T08:42:56.091Z] SCOUT: SKIP SOL (1 signal, conf 64) — no confluence
[2026-03-23T08:42:56.160Z] SIGNAL: macd_cross xyz:NATGAS BULLISH
[2026-03-23T08:42:56.644Z] SIGNAL: macd_cross xyz:TSLA BULLISH
[2026-03-23T08:42:57.112Z] SIGNAL: bb_squeeze_breakout xyz:NVDA DOWN
[2026-03-23T08:42:57.583Z] SIGNAL: macd_cross xyz:ORCL BEARISH
[2026-03-23T08:42:57.585Z] SIGNAL: rsi_extreme xyz:ORCL RSI 75 OVERBOUGHT
[2026-03-23T08:42:58.405Z] SCOUT: SKIP xyz:CL (1 signals) — Single weak signal, insufficient confirmation
[2026-03-23T08:43:00.147Z] SCOUT: SKIP xyz:SILVER (3 signals) — RSI oversold contradicts bearish signals
[2026-03-23T08:43:02.056Z] SCOUT: SKIP SUI (2 signals) — Single strong signal insufficient without confirmation
[2026-03-23T08:43:02.056Z] SCOUT: SKIP DOGE (1 signal, conf 60) — no confluence
[2026-03-23T08:43:03.766Z] SCOUT: SKIP BNB (2 signals) — Signals contradict; weak confidence levels
[2026-03-23T08:43:05.410Z] SCOUT: PASS PAXG (2 signals, 64%) — Two bullish signals aligned with positive news [analyst buf: 2]
[2026-03-23T08:43:08.265Z] SCOUT: SKIP xyz:COPPER (2 signals) — RSI extreme alone insufficient conviction
[2026-03-23T08:43:09.682Z] SCOUT: SKIP AVAX (2 signals) — Contradictory signals, weak sentiment support
[2026-03-23T08:43:11.177Z] SCOUT: SKIP xyz:TSLA (2 signals) — Contradictory signals: oversold vs bearish
[2026-03-23T08:43:12.986Z] SCOUT: SKIP LINK (2 signals) — Contradictory signals, weak confidence levels
[2026-03-23T08:43:16.571Z] SCOUT: SKIP xyz:HOOD (1 signals) — Single weak oversold signal, insufficient confirmation
[2026-03-23T08:43:18.188Z] SCOUT: PASS AAVE (3 signals, 75%) — Triple bullish alignment, strong momentum confirmation [analyst buf: 3]
[2026-03-23T08:43:19.841Z] SCOUT: SKIP xyz:NVDA (2 signals) — Oversold RSI contradicts weak bearish EMA signal
[2026-03-23T08:43:20.633Z] SIGNAL: volume_spike SEI 4.6x avg
[2026-03-23T08:43:21.485Z] SCOUT: PASS ENA (3 signals, 72%) — Strong bullish alignment, multiple confirmations [analyst buf: 4]
[2026-03-23T08:43:23.088Z] SCOUT: SKIP xyz:COIN (2 signals) — Contradictory signals: oversold vs bearish pressure
[2026-03-23T08:43:24.685Z] SCOUT: SKIP kPEPE (2 signals) — Single strong signal insufficient alone
[2026-03-23T08:43:24.685Z] SCOUT: SKIP xyz:ORCL (1 signal, conf 60) — no confluence
[2026-03-23T08:43:26.361Z] SCOUT: PASS SEI (3 signals, 72%) — Strong bullish confluence, BB squeeze breakout confirmed [analyst buf: 5]
[2026-03-23T08:43:52.630Z] SCOUT: SKIP xyz:CL (2 signals) — Overbought RSI conflicts with bullish MACD cross
[2026-03-23T08:43:52.630Z] SCOUT: SKIP xyz:BRENTOIL (1 signal, conf 57) — no confluence
[2026-03-23T08:43:54.714Z] SCOUT: SKIP xyz:GOLD (3 signals) — Weak signals, low confidence, borderline quality
[2026-03-23T08:43:54.714Z] SCOUT: SKIP xyz:NATGAS (1 signal, conf 61) — no confluence
[2026-03-23T08:43:54.714Z] SCOUT: SKIP xyz:TSLA (1 signal, conf 61) — no confluence
[2026-03-23T08:43:54.714Z] SCOUT: SKIP xyz:NVDA (1 signal, conf 62) — no confluence
[2026-03-23T08:43:55.042Z] SIGNAL: bb_squeeze_breakout xyz:CL UP
[2026-03-23T08:43:55.321Z] SIGNAL: rsi_extreme xyz:SILVER RSI 20 OVERSOLD
[2026-03-23T08:43:55.321Z] SIGNAL: macd_cross xyz:SILVER BEARISH
[2026-03-23T08:43:55.321Z] SIGNAL: bb_squeeze_breakout xyz:SILVER DOWN
[2026-03-23T08:43:55.322Z] SIGNAL: ema_cross xyz:SILVER BULLISH
[2026-03-23T08:43:56.222Z] SIGNAL: rsi_extreme xyz:NATGAS RSI 75 OVERBOUGHT
[2026-03-23T08:43:56.456Z] SIGNAL: rsi_extreme xyz:COPPER RSI 19 OVERSOLD
[2026-03-23T08:43:56.456Z] SIGNAL: macd_cross xyz:COPPER BULLISH
[2026-03-23T08:43:56.722Z] SIGNAL: rsi_extreme xyz:TSLA RSI 13 OVERSOLD
[2026-03-23T08:43:56.723Z] SIGNAL: ema_cross xyz:TSLA BEARISH
[2026-03-23T08:43:56.812Z] SCOUT: SKIP xyz:ORCL (1 signals) — Single weak bearish signal insufficient
[2026-03-23T08:43:56.958Z] SIGNAL: rsi_extreme xyz:HOOD RSI 22 OVERSOLD
[2026-03-23T08:43:56.958Z] SIGNAL: macd_cross xyz:HOOD BEARISH
[2026-03-23T08:43:57.191Z] SIGNAL: rsi_extreme xyz:NVDA RSI 17 OVERSOLD
[2026-03-23T08:43:57.191Z] SIGNAL: ema_cross xyz:NVDA BEARISH
[2026-03-23T08:43:57.447Z] SIGNAL: rsi_extreme xyz:COIN RSI 16 OVERSOLD
[2026-03-23T08:43:57.447Z] SIGNAL: ema_cross xyz:COIN BEARISH
[2026-03-23T08:43:57.682Z] SIGNAL: ema_cross xyz:ORCL BEARISH
[2026-03-23T08:43:59.776Z] SIGNAL: macd_cross HYPE BEARISH
[2026-03-23T08:44:19.120Z] ANALYST: processing 5 scout-passed signal groups
[2026-03-23T08:44:19.457Z] SIGNAL: rsi_extreme ENA RSI 24 OVERSOLD
[2026-03-23T08:44:27.545Z] SIGNAL: volume_spike AAVE 4.5x avg
[2026-03-23T08:44:52.697Z] SCOUT: SKIP xyz:CL (1 signals) — Single weak signal, insufficient confirmation
[2026-03-23T08:44:54.435Z] SCOUT: SKIP xyz:SILVER (3 signals) — Contradictory signals, weak consensus.
[2026-03-23T08:44:55.369Z] SIGNAL: rsi_extreme xyz:CL RSI 80 OVERBOUGHT
[2026-03-23T08:44:55.883Z] SIGNAL: rsi_extreme xyz:BRENTOIL RSI 25 OVERSOLD
[2026-03-23T08:44:56.148Z] SIGNAL: rsi_extreme xyz:GOLD RSI 25 OVERSOLD
[2026-03-23T08:44:56.150Z] SIGNAL: macd_cross xyz:GOLD BEARISH
[2026-03-23T08:44:56.208Z] SCOUT: SKIP xyz:COPPER (2 signals) — Single weak signal with low MACD confidence
[2026-03-23T08:44:57.855Z] SIGNAL: rsi_extreme xyz:ORCL RSI 25 OVERSOLD
[2026-03-23T08:44:57.855Z] SIGNAL: macd_cross xyz:ORCL BEARISH
[2026-03-23T08:44:58.492Z] SCOUT: SKIP xyz:TSLA (2 signals) — Contradictory signals: oversold vs bearish pressure
[2026-03-23T08:45:01.082Z] SCOUT: SKIP xyz:HOOD (1 signals) — Single weak signal, insufficient confluence
[2026-03-23T08:45:02.866Z] DECISION: HOLD HYPE — Persistent downtrend $42→$38, 9 SL hits historically 
[2026-03-23T08:45:02.866Z] DECISION: HOLD HYPE — Strategy at max capacity, 2/2 positions filled 
[2026-03-23T08:45:02.866Z] DECISION: HOLD HYPE — Strategy at max capacity, 2/2 positions filled 
[2026-03-23T08:45:02.949Z] SCOUT: SKIP xyz:NVDA (2 signals) — Oversold RSI conflicts with bearish EMA cross
[2026-03-23T08:45:04.537Z] SCOUT: SKIP xyz:COIN (2 signals) — Weak confirmation, single oversold bounce unreliable
[2026-03-23T08:45:04.537Z] SCOUT: SKIP xyz:ORCL (1 signal, conf 56) — no confluence
[2026-03-23T08:45:04.537Z] SCOUT: SKIP HYPE (1 signal, conf 62) — no confluence
[2026-03-23T08:45:52.782Z] SCOUT: SKIP xyz:CL (1 signals) — Single weak overbought signal insufficient
[2026-03-23T08:45:54.633Z] SCOUT: SKIP xyz:GOLD (1 signals) — Single weak bearish signal insufficient
[2026-03-23T08:45:55.012Z] SIGNAL: macd_cross xyz:CL BEARISH
[2026-03-23T08:45:56.731Z] SIGNAL: rsi_extreme xyz:NATGAS RSI 77 OVERBOUGHT
[2026-03-23T08:45:56.864Z] SCOUT: SKIP xyz:ORCL (1 signals) — Single weak signal, insufficient confluence
[2026-03-23T08:45:56.964Z] SIGNAL: rsi_extreme xyz:COPPER RSI 20 OVERSOLD
[2026-03-23T08:45:57.238Z] SIGNAL: rsi_extreme xyz:TSLA RSI 12 OVERSOLD
[2026-03-23T08:45:57.238Z] SIGNAL: ema_cross xyz:TSLA BEARISH
[2026-03-23T08:45:57.473Z] SIGNAL: rsi_extreme xyz:HOOD RSI 21 OVERSOLD
[2026-03-23T08:45:57.474Z] SIGNAL: macd_cross xyz:HOOD BULLISH
[2026-03-23T08:45:57.770Z] SIGNAL: rsi_extreme xyz:NVDA RSI 17 OVERSOLD
[2026-03-23T08:45:57.770Z] SIGNAL: ema_cross xyz:NVDA BEARISH
[2026-03-23T08:45:58.046Z] SIGNAL: rsi_extreme xyz:COIN RSI 18 OVERSOLD
[2026-03-23T08:46:50.825Z] SCOUT: SKIP xyz:CL (1 signal, conf 58) — no confluence
[2026-03-23T08:46:52.458Z] SCOUT: SKIP xyz:COPPER (1 signals) — Single weak oversold signal insufficient
[2026-03-23T08:46:53.941Z] SCOUT: SKIP xyz:TSLA (2 signals) — Contradictory signals: oversold bullish vs bearish cross
[2026-03-23T08:46:53.941Z] SCOUT: SKIP xyz:HOOD (1 signal, conf 58) — no confluence
[2026-03-23T08:46:54.260Z] SIGNAL: rsi_extreme BTC RSI 75 OVERBOUGHT
[2026-03-23T08:46:54.260Z] SIGNAL: ema_cross BTC BEARISH
[2026-03-23T08:46:54.260Z] SIGNAL: bb_squeeze_breakout BTC DOWN
[2026-03-23T08:46:54.260Z] SIGNAL: macd_cross BTC BULLISH
[2026-03-23T08:46:54.309Z] STATUS: 26 coins | WS: OK | Positions: 5 | Tokens: $6.55 (65.5%)
[2026-03-23T08:46:54.494Z] SIGNAL: rsi_extreme ETH RSI 76 OVERBOUGHT
[2026-03-23T08:46:54.494Z] SIGNAL: bb_squeeze_breakout ETH DOWN
[2026-03-23T08:46:54.494Z] SIGNAL: macd_cross ETH BULLISH
[2026-03-23T08:46:54.728Z] SIGNAL: macd_cross HYPE BULLISH
[2026-03-23T08:46:54.728Z] SIGNAL: bb_squeeze_breakout HYPE UP
[2026-03-23T08:46:54.728Z] SIGNAL: ema_cross HYPE BULLISH
[2026-03-23T08:46:54.729Z] SIGNAL: rsi_extreme HYPE RSI 24 OVERSOLD
[2026-03-23T08:46:54.963Z] SIGNAL: rsi_extreme SOL RSI 77 OVERBOUGHT
[2026-03-23T08:46:54.963Z] SIGNAL: bb_squeeze_breakout SOL DOWN
[2026-03-23T08:46:55.012Z] SIGNAL: ema_cross xyz:CL BULLISH
[2026-03-23T08:46:55.012Z] SIGNAL: bb_squeeze_breakout xyz:CL UP
[2026-03-23T08:46:55.231Z] SIGNAL: rsi_extreme XRP RSI 75 OVERBOUGHT
[2026-03-23T08:46:55.273Z] SIGNAL: ema_cross xyz:SILVER BEARISH
[2026-03-23T08:46:55.273Z] SIGNAL: macd_cross xyz:SILVER BEARISH
[2026-03-23T08:46:55.273Z] SIGNAL: bb_squeeze_breakout xyz:SILVER DOWN
[2026-03-23T08:46:55.527Z] SIGNAL: macd_cross SUI BULLISH
[2026-03-23T08:46:55.527Z] SIGNAL: bb_squeeze_breakout SUI UP
[2026-03-23T08:46:55.527Z] SIGNAL: rsi_extreme SUI RSI 76 OVERBOUGHT
[2026-03-23T08:46:55.568Z] SCOUT: SKIP xyz:NVDA (2 signals) — Contradictory signals: oversold vs bearish
[2026-03-23T08:46:55.788Z] SIGNAL: macd_cross DOGE BEARISH
[2026-03-23T08:46:56.022Z] SIGNAL: macd_cross BNB BULLISH
[2026-03-23T08:46:56.023Z] SIGNAL: rsi_extreme BNB RSI 77 OVERBOUGHT
[2026-03-23T08:46:56.023Z] SIGNAL: bb_squeeze_breakout BNB DOWN
[2026-03-23T08:46:56.258Z] SIGNAL: rsi_extreme PAXG RSI 78 OVERBOUGHT
[2026-03-23T08:46:56.258Z] SIGNAL: vwap_deviation PAXG ABOVE
[2026-03-23T08:46:56.259Z] SIGNAL: macd_cross PAXG BEARISH
[2026-03-23T08:46:56.494Z] SIGNAL: macd_cross AVAX BULLISH
[2026-03-23T08:46:56.494Z] SIGNAL: rsi_extreme AVAX RSI 79 OVERBOUGHT
[2026-03-23T08:46:56.495Z] SIGNAL: bb_squeeze_breakout AVAX DOWN
[2026-03-23T08:46:56.727Z] SIGNAL: macd_cross LINK BULLISH
[2026-03-23T08:46:56.727Z] SIGNAL: rsi_extreme LINK RSI 77 OVERBOUGHT
[2026-03-23T08:46:56.729Z] SIGNAL: bb_squeeze_breakout LINK DOWN
[2026-03-23T08:46:56.999Z] SIGNAL: rsi_extreme AAVE RSI 77 OVERBOUGHT
[2026-03-23T08:46:56.999Z] SIGNAL: ema_cross AAVE BULLISH
[2026-03-23T08:46:56.999Z] SIGNAL: macd_cross AAVE BULLISH
[2026-03-23T08:46:56.999Z] SIGNAL: bb_squeeze_breakout AAVE UP
[2026-03-23T08:46:57.120Z] SCOUT: SKIP xyz:COIN (1 signals) — Single weak oversold signal insufficient
[2026-03-23T08:46:57.447Z] SIGNAL: rsi_extreme ENA RSI 77 OVERBOUGHT
[2026-03-23T08:46:57.447Z] SIGNAL: macd_cross ENA BULLISH
[2026-03-23T08:46:57.447Z] SIGNAL: bb_squeeze_breakout ENA UP
[2026-03-23T08:46:57.447Z] SIGNAL: ema_cross ENA BULLISH
[2026-03-23T08:46:57.680Z] SIGNAL: macd_cross kPEPE BULLISH
[2026-03-23T08:46:57.680Z] SIGNAL: rsi_extreme kPEPE RSI 78 OVERBOUGHT
[2026-03-23T08:46:57.680Z] SIGNAL: ema_cross kPEPE BEARISH
[2026-03-23T08:46:57.914Z] SIGNAL: rsi_extreme SEI RSI 78 OVERBOUGHT
[2026-03-23T08:46:57.914Z] SIGNAL: macd_cross SEI BULLISH
[2026-03-23T08:46:57.914Z] SIGNAL: bb_squeeze_breakout SEI UP
[2026-03-23T08:46:57.915Z] SIGNAL: vwap_deviation SEI ABOVE
[2026-03-23T08:46:57.953Z] SIGNAL: ema_cross xyz:COIN BEARISH
[2026-03-23T08:46:58.187Z] SIGNAL: rsi_extreme xyz:ORCL RSI 25 OVERSOLD
[2026-03-23T08:46:58.188Z] SIGNAL: macd_cross xyz:ORCL BEARISH
[2026-03-23T08:47:52.416Z] SCOUT: SKIP BTC (3 signals) — Contradictory signals, weak confidence levels
[2026-03-23T08:47:53.920Z] SCOUT: SKIP ETH (2 signals) — Contradictory signals, weak confidence levels
[2026-03-23T08:47:55.013Z] SIGNAL: rsi_extreme xyz:CL RSI 84 OVERBOUGHT
[2026-03-23T08:47:55.013Z] SIGNAL: macd_cross xyz:CL BEARISH
[2026-03-23T08:47:55.271Z] SIGNAL: rsi_extreme xyz:SILVER RSI 25 OVERSOLD
[2026-03-23T08:47:55.505Z] SIGNAL: rsi_extreme xyz:BRENTOIL RSI 25 OVERSOLD
[2026-03-23T08:47:55.508Z] SCOUT: PASS HYPE (3 signals, 74%) — Strong bullish alignment, high confidence confluence [analyst buf: 1]
[2026-03-23T08:47:55.508Z] SCOUT: SKIP SOL (1 signal, conf 64) — no confluence
[2026-03-23T08:47:55.768Z] SIGNAL: macd_cross xyz:GOLD BEARISH
[2026-03-23T08:47:55.768Z] SIGNAL: rsi_extreme xyz:GOLD RSI 24 OVERSOLD
[2026-03-23T08:47:56.267Z] SIGNAL: macd_cross xyz:COPPER BEARISH
[2026-03-23T08:47:57.255Z] SIGNAL: macd_cross xyz:COIN BULLISH
[2026-03-23T08:47:57.965Z] SCOUT: PASS xyz:CL (2 signals, 65%) — Two bullish signals aligned, moderate conviction [analyst buf: 2]
[2026-03-23T08:47:59.633Z] SCOUT: PASS xyz:SILVER (3 signals, 83%) — Strong bearish alignment, high confidence confluence [analyst buf: 3]
[2026-03-23T08:48:01.390Z] SCOUT: PASS SUI (2 signals, 78%) — MACD cross bullish, BB squeeze breakout confirms [analyst buf: 4]
[2026-03-23T08:48:01.390Z] SCOUT: SKIP DOGE (1 signal, conf 60) — no confluence
[2026-03-23T08:48:03.549Z] SCOUT: SKIP BNB (2 signals) — Contradictory signals, weak bullish confluence
[2026-03-23T08:48:05.165Z] SCOUT: SKIP PAXG (2 signals) — Contradictory signals, weak confidence levels
[2026-03-23T08:48:07.500Z] SCOUT: SKIP AVAX (2 signals) — Contradictory signals, weak sentiment support
[2026-03-23T08:48:09.244Z] SCOUT: SKIP LINK (2 signals) — Contradictory signals, weak confidence levels
[2026-03-23T08:48:10.777Z] SCOUT: PASS AAVE (3 signals, 74%) — Multiple bullish confirmations at resistance level [analyst buf: 5]
[2026-03-23T08:48:12.489Z] SCOUT: PASS ENA (3 signals, 72%) — Strong bullish confluence, high conviction entry [analyst buf: 6]
[2026-03-23T08:48:15.111Z] SCOUT: SKIP kPEPE (2 signals) — Contradictory signals, bearish EMA weakens bullish MACD
[2026-03-23T08:48:16.616Z] SCOUT: PASS SEI (3 signals, 72%) — Strong bullish confluence, breakout with momentum [analyst buf: 7]
[2026-03-23T08:48:16.616Z] SCOUT: SKIP xyz:COIN (1 signal, conf 58) — no confluence
[2026-03-23T08:48:16.616Z] SCOUT: SKIP xyz:ORCL (1 signal, conf 59) — no confluence
[2026-03-23T08:48:49.122Z] ANALYST: processing 7 scout-passed signal groups
[2026-03-23T08:48:52.545Z] SCOUT: SKIP xyz:CL (2 signals) — Contradictory signals: overbought vs bearish cross
[2026-03-23T08:48:54.160Z] SCOUT: SKIP xyz:GOLD (1 signals) — Single weak bearish signal insufficient
[2026-03-23T08:48:55.012Z] SIGNAL: ema_cross xyz:CL BULLISH
[2026-03-23T08:48:55.012Z] SIGNAL: bb_squeeze_breakout xyz:CL UP
[2026-03-23T08:48:55.763Z] SIGNAL: ema_cross xyz:GOLD BEARISH
[2026-03-23T08:48:55.855Z] SCOUT: SKIP xyz:COPPER (1 signals) — Single weak bearish signal insufficient
[2026-03-23T08:48:55.855Z] SCOUT: SKIP xyz:COIN (1 signal, conf 55) — no confluence
[2026-03-23T08:48:55.999Z] SIGNAL: rsi_extreme xyz:NATGAS RSI 77 OVERBOUGHT
[2026-03-23T08:48:56.000Z] SIGNAL: macd_cross xyz:NATGAS BEARISH
[2026-03-23T08:48:56.257Z] SIGNAL: rsi_extreme xyz:COPPER RSI 22 OVERSOLD
[2026-03-23T08:48:56.491Z] SIGNAL: rsi_extreme xyz:TSLA RSI 15 OVERSOLD
[2026-03-23T08:48:56.725Z] SIGNAL: rsi_extreme xyz:HOOD RSI 22 OVERSOLD
[2026-03-23T08:48:56.725Z] SIGNAL: macd_cross xyz:HOOD BEARISH
[2026-03-23T08:48:57.049Z] SIGNAL: rsi_extreme xyz:NVDA RSI 20 OVERSOLD
[2026-03-23T08:48:57.049Z] SIGNAL: ema_cross xyz:NVDA BEARISH
[2026-03-23T08:48:57.491Z] SIGNAL: rsi_extreme xyz:COIN RSI 17 OVERSOLD
[2026-03-23T08:49:31.158Z] SIGNAL: rsi_extreme ENA RSI 23 OVERSOLD
[2026-03-23T08:49:39.812Z] FILL: Open Long HYPE 2.01@37.303 PnL=0.0
[2026-03-23T08:49:39.812Z] ORDER: B HYPE status=open
[2026-03-23T08:49:39.812Z] ORDER: B HYPE status=filled
[2026-03-23T08:49:40.887Z] DECISION: [Scalping-v2] BUY HYPE — Triple bullish confluence MACD+EMA+BB, macro BTC tailwind (EXECUTED)
[2026-03-23T08:49:40.887Z] DECISION: [Scalping-v2] RISK_BLOCKED xyz:SILVER — Confidence 68% < 70% 
[2026-03-23T08:49:40.887Z] DECISION: HOLD xyz:CL — Scout confidence 65% below 70% required threshold 
[2026-03-23T08:49:40.887Z] DECISION: HOLD xyz:CL — Strategy at capacity 2/2 and scout below threshold 
[2026-03-23T08:49:40.887Z] DECISION: HOLD xyz:CL — Strategy at capacity 2/2 and scout below threshold 
[2026-03-23T08:49:52.268Z] SCOUT: PASS xyz:CL (2 signals, 73%) — Aligned bullish signals, strong breakout confirmation [analyst buf: 1]
[2026-03-23T08:49:52.268Z] SCOUT: SKIP xyz:GOLD (1 signal, conf 55) — no confluence
[2026-03-23T08:49:52.268Z] SCOUT: SKIP xyz:NATGAS (1 signal, conf 55) — no confluence
[2026-03-23T08:49:54.686Z] SCOUT: SKIP xyz:TSLA (1 signals) — Single oversold RSI signal insufficient
[2026-03-23T08:49:55.013Z] SIGNAL: rsi_extreme xyz:CL RSI 25 OVERSOLD
[2026-03-23T08:49:55.013Z] SIGNAL: macd_cross xyz:CL BULLISH
[2026-03-23T08:49:55.340Z] SIGNAL: rsi_extreme xyz:SILVER RSI 22 OVERSOLD
[2026-03-23T08:49:55.340Z] SIGNAL: ema_cross xyz:SILVER BEARISH
[2026-03-23T08:49:55.340Z] SIGNAL: macd_cross xyz:SILVER BEARISH
[2026-03-23T08:49:55.340Z] SIGNAL: bb_squeeze_breakout xyz:SILVER DOWN
[2026-03-23T08:49:55.574Z] SIGNAL: rsi_extreme xyz:BRENTOIL RSI 25 OVERSOLD
[2026-03-23T08:49:55.839Z] SIGNAL: rsi_extreme xyz:GOLD RSI 23 OVERSOLD
[2026-03-23T08:49:55.840Z] SIGNAL: macd_cross xyz:GOLD BEARISH
[2026-03-23T08:49:56.333Z] SIGNAL: macd_cross xyz:COPPER BEARISH
[2026-03-23T08:49:56.695Z] SCOUT: SKIP xyz:HOOD (1 signals) — Single weak bearish signal, insufficient confirmation
[2026-03-23T08:49:57.345Z] SIGNAL: ema_cross xyz:COIN BEARISH
[2026-03-23T08:49:57.345Z] SIGNAL: macd_cross xyz:COIN BEARISH
[2026-03-23T08:49:57.346Z] SIGNAL: bb_squeeze_breakout xyz:COIN DOWN
[2026-03-23T08:49:57.655Z] SIGNAL: rsi_extreme xyz:ORCL RSI 22 OVERSOLD
[2026-03-23T08:49:57.656Z] SIGNAL: macd_cross xyz:ORCL BEARISH
[2026-03-23T08:49:58.408Z] SCOUT: SKIP xyz:NVDA (2 signals) — Contradictory signals, weak confluence
[2026-03-23T08:49:59.851Z] SCOUT: SKIP xyz:COIN (1 signals) — Single weak oversold signal insufficient
[2026-03-23T08:50:04.621Z] SIGNAL: volume_spike ENA 4.5x avg
[2026-03-23T08:50:06.761Z] SIGNAL: volume_spike AVAX 4.5x avg
[2026-03-23T08:50:19.121Z] ANALYST: processing 1 scout-passed signal groups
[2026-03-23T08:50:41.826Z] DECISION: HOLD xyz:CL — Duplicate: CL long already open in Scalping-v2 
[2026-03-23T08:50:41.826Z] DECISION: HOLD xyz:CL — Copytrading-v2 at max capacity 2/2 positions 
[2026-03-23T08:50:41.826Z] DECISION: HOLD xyz:CL — Sentiment-v2 at max capacity 2/2 positions 
[2026-03-23T08:50:50.822Z] SCOUT: SKIP xyz:CL (1 signal, conf 58) — no confluence
[2026-03-23T08:50:52.797Z] SCOUT: PASS xyz:SILVER (3 signals, 83%) — Strong bearish confluence, three aligned signals [analyst buf: 1]
[2026-03-23T08:50:54.565Z] SCOUT: SKIP xyz:GOLD (1 signals) — Single weak bearish signal insufficient
[2026-03-23T08:50:55.012Z] SIGNAL: ema_cross xyz:CL BULLISH
[2026-03-23T08:50:55.013Z] SIGNAL: bb_squeeze_breakout xyz:CL UP
[2026-03-23T08:50:55.508Z] SIGNAL: macd_cross xyz:BRENTOIL BULLISH
[2026-03-23T08:50:55.761Z] SIGNAL: bb_squeeze_breakout xyz:GOLD DOWN
[2026-03-23T08:50:56.780Z] SCOUT: SKIP xyz:COPPER (1 signals) — Single weak bearish signal insufficient
[2026-03-23T08:50:56.971Z] SIGNAL: macd_cross xyz:NVDA BEARISH
[2026-03-23T08:50:56.971Z] SIGNAL: bb_squeeze_breakout xyz:NVDA DOWN
[2026-03-23T08:50:58.642Z] SCOUT: PASS xyz:COIN (3 signals, 68%) — Strong bearish alignment, MACD confirms breakdown [analyst buf: 2]
[2026-03-23T08:50:58.642Z] SCOUT: SKIP xyz:ORCL (1 signal, conf 58) — no confluence
[2026-03-23T08:51:49.121Z] ANALYST: processing 2 scout-passed signal groups
[2026-03-23T08:51:52.714Z] SCOUT: PASS xyz:CL (2 signals, 82%) — Strong bullish alignment, high confidence breakout [analyst buf: 1]
[2026-03-23T08:51:52.714Z] SCOUT: SKIP xyz:BRENTOIL (1 signal, conf 57) — no confluence
[2026-03-23T08:51:52.714Z] SCOUT: SKIP xyz:GOLD (1 signal, conf 61) — no confluence
[2026-03-23T08:51:54.203Z] Strategies reloaded: 6 (3 active, 0 dry-run)
[2026-03-23T08:51:54.213Z] SIGNAL: rsi_extreme BTC RSI 76 OVERBOUGHT
[2026-03-23T08:51:54.213Z] SIGNAL: ema_cross BTC BEARISH
[2026-03-23T08:51:54.214Z] SIGNAL: bb_squeeze_breakout BTC DOWN
[2026-03-23T08:51:54.214Z] SIGNAL: macd_cross BTC BULLISH
[2026-03-23T08:51:54.309Z] STATUS: 26 coins | WS: OK | Positions: 6 | Tokens: $6.66 (66.6%)
[2026-03-23T08:51:54.450Z] SIGNAL: rsi_extreme ETH RSI 76 OVERBOUGHT
[2026-03-23T08:51:54.451Z] SIGNAL: bb_squeeze_breakout ETH DOWN
[2026-03-23T08:51:54.451Z] SIGNAL: macd_cross ETH BULLISH
[2026-03-23T08:51:54.657Z] SCOUT: SKIP xyz:NVDA (2 signals) — Bearish signals aligned but low confidence squeeze
[2026-03-23T08:51:54.683Z] SIGNAL: macd_cross HYPE BULLISH
[2026-03-23T08:51:54.683Z] SIGNAL: bb_squeeze_breakout HYPE UP
[2026-03-23T08:51:54.683Z] SIGNAL: ema_cross HYPE BULLISH
[2026-03-23T08:51:54.683Z] SIGNAL: rsi_extreme HYPE RSI 75 OVERBOUGHT
[2026-03-23T08:51:54.999Z] SIGNAL: rsi_extreme SOL RSI 77 OVERBOUGHT
[2026-03-23T08:51:55.000Z] SIGNAL: bb_squeeze_breakout SOL DOWN
[2026-03-23T08:51:55.130Z] SIGNAL: rsi_extreme xyz:CL RSI 84 OVERBOUGHT
[2026-03-23T08:51:55.130Z] SIGNAL: macd_cross xyz:CL BEARISH
[2026-03-23T08:51:55.236Z] SIGNAL: macd_cross XRP BULLISH
[2026-03-23T08:51:55.236Z] SIGNAL: rsi_extreme XRP RSI 76 OVERBOUGHT
[2026-03-23T08:51:55.386Z] SIGNAL: rsi_extreme xyz:SILVER RSI 22 OVERSOLD
[2026-03-23T08:51:55.386Z] SIGNAL: bb_squeeze_breakout xyz:SILVER DOWN
[2026-03-23T08:51:55.386Z] SIGNAL: macd_cross xyz:SILVER BULLISH
[2026-03-23T08:51:55.470Z] SIGNAL: macd_cross SUI BULLISH
[2026-03-23T08:51:55.470Z] SIGNAL: bb_squeeze_breakout SUI UP
[2026-03-23T08:51:55.471Z] SIGNAL: rsi_extreme SUI RSI 76 OVERBOUGHT
[2026-03-23T08:51:55.705Z] SIGNAL: macd_cross DOGE BEARISH
[2026-03-23T08:51:55.874Z] SIGNAL: ema_cross xyz:GOLD BEARISH
[2026-03-23T08:51:55.874Z] SIGNAL: rsi_extreme xyz:GOLD RSI 22 OVERSOLD
[2026-03-23T08:51:55.875Z] SIGNAL: macd_cross xyz:GOLD BEARISH
[2026-03-23T08:51:56.107Z] SIGNAL: macd_cross xyz:NATGAS BULLISH
[2026-03-23T08:51:56.107Z] SIGNAL: rsi_extreme xyz:NATGAS RSI 77 OVERBOUGHT
[2026-03-23T08:51:56.154Z] SIGNAL: rsi_extreme BNB RSI 76 OVERBOUGHT
[2026-03-23T08:51:56.155Z] SIGNAL: bb_squeeze_breakout BNB DOWN
[2026-03-23T08:51:56.339Z] SIGNAL: macd_cross xyz:COPPER BEARISH
[2026-03-23T08:51:56.339Z] SIGNAL: rsi_extreme xyz:COPPER RSI 20 OVERSOLD
[2026-03-23T08:51:56.388Z] SIGNAL: rsi_extreme PAXG RSI 76 OVERBOUGHT
[2026-03-23T08:51:56.388Z] SIGNAL: macd_cross PAXG BULLISH
[2026-03-23T08:51:56.388Z] SIGNAL: vwap_deviation PAXG ABOVE
[2026-03-23T08:51:56.389Z] SIGNAL: ema_cross PAXG BEARISH
[2026-03-23T08:51:56.597Z] SIGNAL: rsi_extreme xyz:TSLA RSI 14 OVERSOLD
[2026-03-23T08:51:56.598Z] SIGNAL: macd_cross xyz:TSLA BEARISH
[2026-03-23T08:51:56.831Z] SIGNAL: rsi_extreme xyz:HOOD RSI 20 OVERSOLD
[2026-03-23T08:51:56.831Z] SIGNAL: macd_cross xyz:HOOD BULLISH
[2026-03-23T08:51:56.838Z] SIGNAL: macd_cross AVAX BULLISH
[2026-03-23T08:51:56.838Z] SIGNAL: ema_cross AVAX BULLISH
[2026-03-23T08:51:56.839Z] SIGNAL: rsi_extreme AVAX RSI 77 OVERBOUGHT
[2026-03-23T08:51:56.842Z] SIGNAL: bb_squeeze_breakout AVAX DOWN
[2026-03-23T08:51:57.065Z] SIGNAL: rsi_extreme xyz:NVDA RSI 17 OVERSOLD
[2026-03-23T08:51:57.065Z] SIGNAL: ema_cross xyz:NVDA BEARISH
[2026-03-23T08:51:57.076Z] SIGNAL: ema_cross LINK BULLISH
[2026-03-23T08:51:57.076Z] SIGNAL: macd_cross LINK BULLISH
[2026-03-23T08:51:57.076Z] SIGNAL: rsi_extreme LINK RSI 76 OVERBOUGHT
[2026-03-23T08:51:57.077Z] SIGNAL: bb_squeeze_breakout LINK DOWN
[2026-03-23T08:51:57.298Z] SIGNAL: rsi_extreme xyz:COIN RSI 11 OVERSOLD
[2026-03-23T08:51:57.311Z] SIGNAL: rsi_extreme AAVE RSI 75 OVERBOUGHT
[2026-03-23T08:51:57.311Z] SIGNAL: ema_cross AAVE BULLISH
[2026-03-23T08:51:57.311Z] SIGNAL: macd_cross AAVE BULLISH
[2026-03-23T08:51:57.311Z] SIGNAL: bb_squeeze_breakout AAVE UP
[2026-03-23T08:51:57.543Z] SIGNAL: macd_cross ENA BULLISH
[2026-03-23T08:51:57.543Z] SIGNAL: bb_squeeze_breakout ENA UP
[2026-03-23T08:51:57.543Z] SIGNAL: ema_cross ENA BULLISH
[2026-03-23T08:51:57.543Z] SIGNAL: rsi_extreme ENA RSI 75 OVERBOUGHT
[2026-03-23T08:51:57.777Z] SIGNAL: macd_cross kPEPE BULLISH
[2026-03-23T08:51:57.778Z] SIGNAL: rsi_extreme kPEPE RSI 79 OVERBOUGHT
[2026-03-23T08:51:57.778Z] SIGNAL: ema_cross kPEPE BEARISH
[2026-03-23T08:51:58.011Z] SIGNAL: rsi_extreme SEI RSI 79 OVERBOUGHT
[2026-03-23T08:51:58.011Z] SIGNAL: macd_cross SEI BULLISH
[2026-03-23T08:51:58.011Z] SIGNAL: bb_squeeze_breakout SEI UP
[2026-03-23T08:51:58.011Z] SIGNAL: vwap_deviation SEI ABOVE
[2026-03-23T08:52:33.528Z] DECISION: [Scalping-v2] RISK_BLOCKED xyz:SILVER — Confidence 68% < 70% 
[2026-03-23T08:52:33.528Z] DECISION: HOLD xyz:SILVER — Duplicate blocked, SILVER short already open 
[2026-03-23T08:52:33.528Z] DECISION: HOLD xyz:SILVER — Strategy at max capacity 2/2 positions 
[2026-03-23T08:52:33.528Z] DECISION: HOLD xyz:COIN — Scout 68% below 70% threshold, poor historical edge 
[2026-03-23T08:52:33.528Z] DECISION: HOLD xyz:COIN — Scout below threshold, no whale confirmation present 
[2026-03-23T08:52:33.528Z] DECISION: HOLD xyz:COIN — Scout 68% fails threshold, two prior SL hits recently 
[2026-03-23T08:52:52.579Z] SCOUT: SKIP BTC (3 signals) — Contradictory signals, weak confidence across board
[2026-03-23T08:52:55.013Z] SIGNAL: ema_cross xyz:CL BULLISH
[2026-03-23T08:52:55.014Z] SIGNAL: bb_squeeze_breakout xyz:CL UP
[2026-03-23T08:52:55.134Z] SCOUT: SKIP ETH (2 signals) — Contradictory signals, weak confidence levels
[2026-03-23T08:52:55.270Z] SIGNAL: ema_cross xyz:SILVER BULLISH
[2026-03-23T08:52:55.789Z] SIGNAL: bb_squeeze_breakout xyz:GOLD DOWN
[2026-03-23T08:52:56.256Z] SIGNAL: ema_cross xyz:COPPER BEARISH
[2026-03-23T08:52:57.356Z] SIGNAL: ema_cross xyz:COIN BEARISH
[2026-03-23T08:52:57.645Z] SIGNAL: rsi_extreme xyz:ORCL RSI 17 OVERSOLD
[2026-03-23T08:52:57.645Z] SIGNAL: macd_cross xyz:ORCL BULLISH
[2026-03-23T08:52:57.718Z] SCOUT: PASS HYPE (3 signals, 70%) — Strong MACD cross with BB breakout confirmation [analyst buf: 2]
[2026-03-23T08:52:57.719Z] SCOUT: SKIP SOL (1 signal, conf 64) — no confluence
[2026-03-23T08:52:59.190Z] SCOUT: SKIP xyz:CL (2 signals) — Contradictory signals, RSI overbought vs bearish MACD
[2026-03-23T08:52:59.190Z] SCOUT: SKIP XRP (1 signal, conf 56) — no confluence
[2026-03-23T08:53:00.925Z] SCOUT: SKIP xyz:SILVER (2 signals) — Contradictory signals, bearish vs bullish
[2026-03-23T08:53:02.831Z] SCOUT: SKIP SUI (2 signals) — Insufficient confluence, BB squeeze unconfirmed
[2026-03-23T08:53:02.831Z] SCOUT: SKIP DOGE (1 signal, conf 60) — no confluence
[2026-03-23T08:53:04.459Z] SCOUT: SKIP xyz:GOLD (2 signals) — Multiple bearish signals lack conviction
[2026-03-23T08:53:06.255Z] SCOUT: SKIP xyz:NATGAS (1 signals) — Single weak signal insufficient for trade
[2026-03-23T08:53:06.255Z] SCOUT: SKIP BNB (1 signal, conf 60) — no confluence
[2026-03-23T08:53:08.263Z] SCOUT: SKIP xyz:COPPER (2 signals) — Bearish MACD conflicts with oversold RSI
[2026-03-23T08:53:09.935Z] SCOUT: SKIP PAXG (3 signals) — Contradictory signals, weak EMA bearish setup
[2026-03-23T08:53:11.422Z] SCOUT: SKIP xyz:TSLA (2 signals) — Contradictory signals, weak MACD confirmation.
[2026-03-23T08:53:11.422Z] SCOUT: SKIP xyz:HOOD (1 signal, conf 58) — no confluence
[2026-03-23T08:53:12.986Z] SCOUT: SKIP AVAX (3 signals) — Bullish signals contradicted by downside breakout
[2026-03-23T08:53:14.843Z] SCOUT: SKIP xyz:NVDA (2 signals) — Contradictory signals: oversold vs bearish
[2026-03-23T08:53:16.401Z] SCOUT: SKIP LINK (3 signals) — Conflicting signals: bullish vs bearish breakdown
[2026-03-23T08:53:17.897Z] SCOUT: SKIP xyz:COIN (1 signals) — Single weak oversold signal insufficient
[2026-03-23T08:53:19.121Z] ANALYST: processing 2 scout-passed signal groups
[2026-03-23T08:53:20.045Z] SCOUT: PASS AAVE (3 signals, 70%) — Strong momentum confirmation, breakout aligned [analyst buf: 1]
[2026-03-23T08:53:21.537Z] SCOUT: PASS ENA (3 signals, 82%) — Strong MACD cross with BB confirmation [analyst buf: 2]
[2026-03-23T08:53:24.702Z] SCOUT: SKIP kPEPE (2 signals) — Contradictory signals, weak EMA confidence
[2026-03-23T08:53:26.860Z] SCOUT: PASS SEI (3 signals, 72%) — Strong bullish convergence, breakout with momentum [analyst buf: 3]
[2026-03-23T08:53:51.754Z] DECISION: HOLD xyz:CL — Duplicate: CL long already open Scalping-v2 
[2026-03-23T08:53:51.754Z] DECISION: [Copytrading-v2] RISK_BLOCKED xyz:CL — Confidence 65% < 70% 
[2026-03-23T08:53:51.754Z] DECISION: HOLD xyz:CL — Sentiment-v2 positions full, BNB and XRP open 
[2026-03-23T08:53:51.754Z] DECISION: HOLD HYPE — Duplicate: HYPE long already open Scalping-v2 
[2026-03-23T08:53:51.754Z] DECISION: HOLD HYPE — Copytrading-v2 positions full, BTC and CL open 
[2026-03-23T08:53:51.754Z] DECISION: HOLD HYPE — Positions full; heavy SL history on HYPE longs 
[2026-03-23T08:53:51.772Z] LEARNER: FAILING | 45 lessons
[2026-03-23T08:53:52.637Z] SCOUT: PASS xyz:CL (2 signals, 83%) — Two bullish signals aligned, strong breakout confirmation [analyst buf: 4]
[2026-03-23T08:53:52.637Z] SCOUT: SKIP xyz:SILVER (1 signal, conf 57) — no confluence
[2026-03-23T08:53:52.637Z] SCOUT: SKIP xyz:GOLD (1 signal, conf 62) — no confluence
[2026-03-23T08:53:52.637Z] SCOUT: SKIP xyz:COPPER (1 signal, conf 61) — no confluence
[2026-03-23T08:53:54.016Z] SCOUT: SKIP xyz:COIN (1 signals) — Single weak bearish signal insufficient
[2026-03-23T08:53:55.452Z] SCOUT: PASS xyz:ORCL (2 signals, 72%) — RSI oversold + bullish MACD cross alignment [analyst buf: 5]
[2026-03-23T08:53:55.615Z] SIGNAL: macd_cross xyz:BRENTOIL BULLISH
[2026-03-23T08:53:56.343Z] SIGNAL: rsi_extreme xyz:COPPER RSI 20 OVERSOLD
[2026-03-23T08:53:56.343Z] SIGNAL: macd_cross xyz:COPPER BEARISH
[2026-03-23T08:53:57.045Z] SIGNAL: macd_cross xyz:NVDA BEARISH
[2026-03-23T08:53:57.279Z] SIGNAL: macd_cross xyz:COIN BULLISH
[2026-03-23T08:54:49.121Z] ANALYST: processing 5 scout-passed signal groups
[2026-03-23T08:54:50.798Z] SCOUT: SKIP xyz:BRENTOIL (1 signal, conf 56) — no confluence
[2026-03-23T08:54:52.666Z] SCOUT: SKIP xyz:COPPER (2 signals) — Conflicting signals: oversold vs bearish momentum
[2026-03-23T08:54:54.436Z] SCOUT: SKIP xyz:NVDA (1 signals) — Single weak signal, insufficient confirmation
[2026-03-23T08:54:54.436Z] SCOUT: SKIP xyz:COIN (1 signal, conf 60) — no confluence
[2026-03-23T08:54:55.640Z] SIGNAL: rsi_extreme xyz:CL RSI 81 OVERBOUGHT
[2026-03-23T08:54:55.640Z] SIGNAL: ema_cross xyz:CL BULLISH
[2026-03-23T08:54:55.640Z] SIGNAL: macd_cross xyz:CL BULLISH
[2026-03-23T08:54:55.640Z] SIGNAL: bb_squeeze_breakout xyz:CL UP
[2026-03-23T08:54:55.897Z] SIGNAL: rsi_extreme xyz:SILVER RSI 19 OVERSOLD
[2026-03-23T08:54:55.897Z] SIGNAL: bb_squeeze_breakout xyz:SILVER DOWN
[2026-03-23T08:54:55.898Z] SIGNAL: macd_cross xyz:SILVER BULLISH
[2026-03-23T08:54:56.367Z] SIGNAL: rsi_extreme xyz:GOLD RSI 21 OVERSOLD
[2026-03-23T08:54:56.367Z] SIGNAL: bb_squeeze_breakout xyz:GOLD DOWN
[2026-03-23T08:54:56.367Z] SIGNAL: macd_cross xyz:GOLD BEARISH
[2026-03-23T08:54:56.747Z] SIGNAL: rsi_extreme xyz:NATGAS RSI 80 OVERBOUGHT
[2026-03-23T08:54:57.333Z] SIGNAL: rsi_extreme xyz:TSLA RSI 14 OVERSOLD
[2026-03-23T08:54:57.333Z] SIGNAL: macd_cross xyz:TSLA BULLISH
[2026-03-23T08:54:57.596Z] SIGNAL: rsi_extreme xyz:HOOD RSI 18 OVERSOLD
[2026-03-23T08:54:57.596Z] SIGNAL: macd_cross xyz:HOOD BULLISH
[2026-03-23T08:54:57.830Z] SIGNAL: rsi_extreme xyz:NVDA RSI 15 OVERSOLD
[2026-03-23T08:54:58.064Z] SIGNAL: rsi_extreme xyz:COIN RSI 12 OVERSOLD
[2026-03-23T08:54:58.064Z] SIGNAL: ema_cross xyz:COIN BEARISH
[2026-03-23T08:54:58.375Z] SIGNAL: rsi_extreme xyz:ORCL RSI 18 OVERSOLD
[2026-03-23T08:54:58.375Z] SIGNAL: macd_cross xyz:ORCL BULLISH
[2026-03-23T08:55:03.897Z] SIGNAL: bb_squeeze_breakout ENA DOWN
[2026-03-23T08:55:36.535Z] DECISION: [Scalping-v2] BUY AAVE — MACD 85 + BB 64 + EMA 62 reversal after short close (EXECUTED)
[2026-03-23T08:55:36.535Z] DECISION: HOLD AAVE — No whale signal to satisfy 55% weight requirement 
[2026-03-23T08:55:36.535Z] DECISION: HOLD AAVE — No sentiment signal; strategy at 2/2 capacity 
[2026-03-23T08:55:36.535Z] DECISION: HOLD ENA — 10+ consecutive losses; unbroken downtrend from 0.118 
[2026-03-23T08:55:36.535Z] DECISION: HOLD ENA — No whale signal; strategy at 2/2 capacity 
[2026-03-23T08:55:36.535Z] DECISION: HOLD ENA — No sentiment signal; strategy at 2/2 capacity 
[2026-03-23T08:55:36.535Z] DECISION: HOLD SEI — 3 consecutive SL'd longs; persistent downtrend disqualifies 
[2026-03-23T08:55:36.547Z] FILL: Open Long AAVE 0.71@105.63 PnL=0.0
[2026-03-23T08:55:36.547Z] ORDER: B AAVE status=open
[2026-03-23T08:55:36.547Z] ORDER: B AAVE status=filled
[2026-03-23T08:55:48.488Z] SIGNAL: price_breakout xyz:COIN DOWN
[2026-03-23T08:55:52.758Z] SCOUT: SKIP xyz:CL (4 signals) — Overbought RSI contradicts bullish momentum signals
[2026-03-23T08:55:55.270Z] SCOUT: SKIP xyz:SILVER (3 signals) — Contradictory signals: bullish MACD vs bearish BB squeeze
[2026-03-23T08:55:56.426Z] SIGNAL: macd_cross xyz:NATGAS BULLISH
[2026-03-23T08:55:56.706Z] SIGNAL: rsi_extreme xyz:COPPER RSI 20 OVERSOLD
[2026-03-23T08:55:56.706Z] SIGNAL: macd_cross xyz:COPPER BEARISH
[2026-03-23T08:55:57.193Z] SCOUT: SKIP xyz:GOLD (2 signals) — Two aligned bearish signals, but confidence insufficient
[2026-03-23T08:55:57.465Z] SIGNAL: macd_cross xyz:NVDA BEARISH
[2026-03-23T08:56:00.677Z] SCOUT: SKIP xyz:TSLA (2 signals) — Oversold bounce possible but insufficient conviction
[2026-03-23T08:56:02.612Z] SCOUT: SKIP xyz:HOOD (2 signals) — RSI oversold bullish, but low MACD confidence
[2026-03-23T08:56:02.908Z] SIGNAL: rsi_extreme SEI RSI 24 OVERSOLD
[2026-03-23T08:56:03.340Z] SIGNAL: price_breakout xyz:ORCL DOWN
[2026-03-23T08:56:05.074Z] SCOUT: SKIP xyz:NVDA (1 signals) — Single weak oversold signal insufficient
[2026-03-23T08:56:06.735Z] SCOUT: SKIP xyz:COIN (3 signals) — Oversold RSI conflicts with bearish momentum signals
[2026-03-23T08:56:08.881Z] SCOUT: PASS xyz:ORCL (2 signals, 72%) — RSI oversold, MACD bullish cross confirms [analyst buf: 1]
[2026-03-23T08:56:08.881Z] SCOUT: SKIP ENA (1 signal, conf 60) — no confluence
[2026-03-23T08:56:19.121Z] ANALYST: processing 1 scout-passed signal groups
[2026-03-23T08:56:41.734Z] DECISION: HOLD xyz:ORCL — Strategy full 3/3; persistent downtrend 4 SL streak 
[2026-03-23T08:56:41.734Z] DECISION: HOLD xyz:ORCL — Strategy full 2/2; no whale signal present 
[2026-03-23T08:56:41.734Z] DECISION: HOLD xyz:ORCL — Strategy full 2/2; risk-off macro, weak MACD conf 
[2026-03-23T08:56:41.830Z] SIGNAL: volume_spike ETH 4.0x avg
[2026-03-23T08:56:45.113Z] SIGNAL: volume_spike XRP 4.7x avg
[2026-03-23T08:56:53.558Z] SCOUT: SKIP xyz:NATGAS (1 signals) — Single weak signal insufficient for entry
[2026-03-23T08:56:54.232Z] SIGNAL: rsi_extreme BTC RSI 76 OVERBOUGHT
[2026-03-23T08:56:54.232Z] SIGNAL: ema_cross BTC BEARISH
[2026-03-23T08:56:54.232Z] SIGNAL: bb_squeeze_breakout BTC DOWN
[2026-03-23T08:56:54.232Z] SIGNAL: macd_cross BTC BULLISH
[2026-03-23T08:56:54.310Z] STATUS: 26 coins | WS: OK | Positions: 7 | Tokens: $6.86 (68.6%)
[2026-03-23T08:56:54.502Z] SIGNAL: rsi_extreme ETH RSI 77 OVERBOUGHT
[2026-03-23T08:56:54.502Z] SIGNAL: bb_squeeze_breakout ETH DOWN
[2026-03-23T08:56:54.502Z] SIGNAL: macd_cross ETH BULLISH
[2026-03-23T08:56:54.760Z] SIGNAL: macd_cross HYPE BULLISH
[2026-03-23T08:56:54.760Z] SIGNAL: bb_squeeze_breakout HYPE UP
[2026-03-23T08:56:54.760Z] SIGNAL: ema_cross HYPE BULLISH
[2026-03-23T08:56:54.760Z] SIGNAL: rsi_extreme HYPE RSI 76 OVERBOUGHT
[2026-03-23T08:56:55.037Z] SIGNAL: rsi_extreme SOL RSI 77 OVERBOUGHT
[2026-03-23T08:56:55.037Z] SIGNAL: bb_squeeze_breakout SOL DOWN
[2026-03-23T08:56:55.296Z] SIGNAL: macd_cross XRP BULLISH
[2026-03-23T08:56:55.296Z] SIGNAL: rsi_extreme XRP RSI 76 OVERBOUGHT
[2026-03-23T08:56:55.352Z] SCOUT: SKIP xyz:COPPER (1 signals) — Single weak bearish signal insufficient
[2026-03-23T08:56:55.530Z] SIGNAL: macd_cross SUI BULLISH
[2026-03-23T08:56:55.531Z] SIGNAL: ema_cross SUI BULLISH
[2026-03-23T08:56:55.531Z] SIGNAL: rsi_extreme SUI RSI 75 OVERBOUGHT
[2026-03-23T08:56:55.765Z] SIGNAL: macd_cross DOGE BEARISH
[2026-03-23T08:56:55.999Z] SIGNAL: rsi_extreme BNB RSI 77 OVERBOUGHT
[2026-03-23T08:56:56.000Z] SIGNAL: bb_squeeze_breakout BNB DOWN
[2026-03-23T08:56:56.754Z] SIGNAL: rsi_extreme PAXG RSI 75 OVERBOUGHT
[2026-03-23T08:56:56.755Z] SIGNAL: macd_cross PAXG BULLISH
[2026-03-23T08:56:56.755Z] SIGNAL: vwap_deviation PAXG ABOVE
[2026-03-23T08:56:56.988Z] SIGNAL: macd_cross AVAX BULLISH
[2026-03-23T08:56:56.988Z] SIGNAL: ema_cross AVAX BULLISH
[2026-03-23T08:56:56.989Z] SIGNAL: rsi_extreme AVAX RSI 77 OVERBOUGHT
[2026-03-23T08:56:56.989Z] SIGNAL: bb_squeeze_breakout AVAX DOWN
[2026-03-23T08:56:57.044Z] SCOUT: SKIP xyz:NVDA (1 signals) — Single weak signal, insufficient confluence
[2026-03-23T08:56:57.044Z] SCOUT: SKIP xyz:ORCL (1 signal, conf 64) — no confluence
[2026-03-23T08:56:57.247Z] SIGNAL: macd_cross LINK BULLISH
[2026-03-23T08:56:57.248Z] SIGNAL: rsi_extreme LINK RSI 76 OVERBOUGHT
[2026-03-23T08:56:57.248Z] SIGNAL: bb_squeeze_breakout LINK DOWN
[2026-03-23T08:56:57.429Z] SIGNAL: bb_squeeze_breakout xyz:HOOD DOWN
[2026-03-23T08:56:57.487Z] SIGNAL: macd_cross AAVE BULLISH
[2026-03-23T08:56:57.487Z] SIGNAL: rsi_extreme AAVE RSI 80 OVERBOUGHT
[2026-03-23T08:56:57.736Z] SIGNAL: macd_cross ENA BULLISH
[2026-03-23T08:56:57.736Z] SIGNAL: rsi_extreme ENA RSI 76 OVERBOUGHT
[2026-03-23T08:56:57.736Z] SIGNAL: vwap_deviation ENA ABOVE
[2026-03-23T08:56:57.932Z] SIGNAL: macd_cross xyz:COIN BULLISH
[2026-03-23T08:56:57.977Z] SIGNAL: macd_cross kPEPE BULLISH
[2026-03-23T08:56:57.977Z] SIGNAL: bb_squeeze_breakout kPEPE UP
[2026-03-23T08:56:57.978Z] SIGNAL: rsi_extreme kPEPE RSI 78 OVERBOUGHT
[2026-03-23T08:56:57.979Z] SIGNAL: ema_cross kPEPE BEARISH
[2026-03-23T08:56:58.214Z] SIGNAL: macd_cross SEI BULLISH
[2026-03-23T08:56:58.214Z] SIGNAL: bb_squeeze_breakout SEI UP
[2026-03-23T08:56:58.214Z] SIGNAL: ema_cross SEI BULLISH
[2026-03-23T08:56:58.215Z] SIGNAL: vwap_deviation SEI ABOVE
[2026-03-23T08:57:52.633Z] SCOUT: SKIP BTC (3 signals) — Contradictory signals, bearish bias dominates
[2026-03-23T08:57:54.840Z] SCOUT: SKIP ETH (2 signals) — Contradictory signals, neutral sentiment
[2026-03-23T08:57:55.043Z] SIGNAL: rsi_extreme xyz:CL RSI 81 OVERBOUGHT
[2026-03-23T08:57:55.043Z] SIGNAL: ema_cross xyz:CL BULLISH
[2026-03-23T08:57:55.043Z] SIGNAL: bb_squeeze_breakout xyz:CL UP
[2026-03-23T08:57:55.043Z] SIGNAL: macd_cross xyz:CL BULLISH
[2026-03-23T08:57:55.300Z] SIGNAL: rsi_extreme xyz:SILVER RSI 19 OVERSOLD
[2026-03-23T08:57:55.300Z] SIGNAL: bb_squeeze_breakout xyz:SILVER DOWN
[2026-03-23T08:57:55.300Z] SIGNAL: macd_cross xyz:SILVER BULLISH
[2026-03-23T08:57:55.792Z] SIGNAL: rsi_extreme xyz:GOLD RSI 21 OVERSOLD
[2026-03-23T08:57:55.792Z] SIGNAL: macd_cross xyz:GOLD BULLISH
[2026-03-23T08:57:56.753Z] SIGNAL: rsi_extreme xyz:TSLA RSI 13 OVERSOLD
[2026-03-23T08:57:57.153Z] SIGNAL: rsi_extreme xyz:HOOD RSI 19 OVERSOLD
[2026-03-23T08:57:57.399Z] SIGNAL: rsi_extreme xyz:NVDA RSI 14 OVERSOLD
[2026-03-23T08:57:57.632Z] SIGNAL: rsi_extreme xyz:COIN RSI 10 OVERSOLD
[2026-03-23T08:57:57.703Z] SCOUT: PASS HYPE (3 signals, 68%) — Strong MACD cross, BB breakout confirms upside [analyst buf: 1]
[2026-03-23T08:57:57.703Z] SCOUT: SKIP SOL (1 signal, conf 64) — no confluence
[2026-03-23T08:57:57.703Z] SCOUT: SKIP XRP (1 signal, conf 63) — no confluence
[2026-03-23T08:57:57.867Z] SIGNAL: macd_cross xyz:ORCL BEARISH
[2026-03-23T08:57:57.867Z] SIGNAL: rsi_extreme xyz:ORCL RSI 21 OVERSOLD
[2026-03-23T08:57:59.631Z] SCOUT: PASS SUI (2 signals, 78%) — Strong MACD cross with EMA confirmation [analyst buf: 2]
[2026-03-23T08:57:59.631Z] SCOUT: SKIP DOGE (1 signal, conf 60) — no confluence
[2026-03-23T08:57:59.631Z] SCOUT: SKIP BNB (1 signal, conf 60) — no confluence
[2026-03-23T08:58:01.534Z] SCOUT: SKIP PAXG (2 signals) — Single strong signal insufficient without confirmation
[2026-03-23T08:58:03.208Z] SCOUT: SKIP AVAX (3 signals) — Bullish signals contradicted by breakdown
[2026-03-23T08:58:05.800Z] SCOUT: SKIP LINK (2 signals) — Contradictory signals, weak confidence levels
[2026-03-23T08:58:05.800Z] SCOUT: SKIP xyz:HOOD (1 signal, conf 60) — no confluence
[2026-03-23T08:58:07.703Z] SCOUT: SKIP AAVE (1 signals) — Single technical signal insufficient for entry
[2026-03-23T08:58:09.523Z] SCOUT: SKIP ENA (2 signals) — Single strong signal insufficient without confirmation
[2026-03-23T08:58:09.523Z] SCOUT: SKIP xyz:COIN (1 signal, conf 62) — no confluence
[2026-03-23T08:58:11.295Z] SCOUT: SKIP kPEPE (3 signals) — Conflicting signals, weak EMA bearish pressure
[2026-03-23T08:58:13.168Z] SCOUT: PASS SEI (4 signals, 81%) — Strong bullish confluence, EMA and MACD aligned [analyst buf: 3]
[2026-03-23T08:58:52.409Z] SCOUT: SKIP xyz:CL (4 signals) — RSI overbought contradicts bullish momentum signals
[2026-03-23T08:58:54.639Z] SCOUT: SKIP xyz:SILVER (3 signals) — Contradictory signals, bearish bias dominates
[2026-03-23T08:58:54.639Z] SCOUT: SKIP xyz:GOLD (1 signal, conf 56) — no confluence
[2026-03-23T08:58:55.564Z] SIGNAL: macd_cross xyz:BRENTOIL BULLISH
[2026-03-23T08:58:56.206Z] SCOUT: SKIP xyz:TSLA (1 signals) — Single oversold signal insufficient
[2026-03-23T08:58:56.287Z] SIGNAL: rsi_extreme xyz:COPPER RSI 17 OVERSOLD
[2026-03-23T08:58:56.287Z] SIGNAL: ema_cross xyz:COPPER BEARISH
[2026-03-23T08:58:56.533Z] SIGNAL: macd_cross xyz:TSLA BULLISH
[2026-03-23T08:58:56.786Z] SIGNAL: ema_cross xyz:HOOD BEARISH
[2026-03-23T08:58:57.688Z] SCOUT: SKIP xyz:HOOD (1 signals) — Single weak RSI oversold signal only
[2026-03-23T08:58:57.925Z] SIGNAL: ema_cross xyz:ORCL BEARISH
[2026-03-23T08:58:59.149Z] SCOUT: SKIP xyz:NVDA (1 signals) — Single weak oversold signal insufficient
[2026-03-23T08:59:01.092Z] SCOUT: SKIP xyz:COIN (1 signals) — Single oversold signal insufficient confirmation
[2026-03-23T08:59:02.546Z] SCOUT: SKIP xyz:ORCL (1 signals) — Single weak bearish signal insufficient
[2026-03-23T08:59:19.122Z] ANALYST: processing 3 scout-passed signal groups
[2026-03-23T08:59:50.833Z] SCOUT: SKIP xyz:BRENTOIL (1 signal, conf 57) — no confluence
[2026-03-23T08:59:52.352Z] SCOUT: SKIP xyz:COPPER (2 signals) — Contradictory signals, bearish bias dominates
[2026-03-23T08:59:52.352Z] SCOUT: SKIP xyz:TSLA (1 signal, conf 61) — no confluence
[2026-03-23T08:59:52.352Z] SCOUT: SKIP xyz:HOOD (1 signal, conf 64) — no confluence
[2026-03-23T08:59:52.352Z] SCOUT: SKIP xyz:ORCL (1 signal, conf 64) — no confluence
[2026-03-23T08:59:53.328Z] SIGNAL: price_breakout xyz:ORCL UP
[2026-03-23T08:59:55.116Z] DECISION: HOLD HYPE — Scout 68% below 70% threshold, duplicate position 
[2026-03-23T08:59:55.116Z] DECISION: HOLD HYPE — Scout 68% below threshold, strategy at capacity 
[2026-03-23T08:59:55.116Z] DECISION: HOLD HYPE — Scout 68% below 70% threshold, no entry 
[2026-03-23T08:59:55.116Z] DECISION: HOLD SUI — Scalping-v2 at max capacity 3/3 slots 
[2026-03-23T08:59:55.116Z] DECISION: HOLD SUI — Copytrading-v2 at max capacity 2/2 slots 
[2026-03-23T08:59:55.116Z] DECISION: HOLD SUI — Sentiment-v2 at max capacity 2/2 slots 
[2026-03-23T08:59:55.116Z] DECISION: HOLD SEI — Scalping-v2 at max capacity 3/3 slots 
[2026-03-23T08:59:55.116Z] DECISION: HOLD SEI — Copytrading-v2 at max capacity 2/2 slots 
[2026-03-23T08:59:55.116Z] DECISION: HOLD SEI — Sentiment-v2 at max capacity 2/2 slots 
[2026-03-23T08:59:55.792Z] SIGNAL: macd_cross xyz:GOLD BEARISH
[2026-03-23T08:59:57.976Z] SIGNAL: rsi_extreme xyz:ORCL RSI 16 OVERSOLD
[2026-03-23T09:00:16.913Z] SIGNAL: volume_spike SEI 4.4x avg
[2026-03-23T09:00:26.163Z] SIGNAL: rsi_extreme DOGE RSI 25 OVERSOLD
[2026-03-23T09:00:47.122Z] SIGNAL: volume_spike DOGE 4.1x avg
[2026-03-23T09:00:52.457Z] SCOUT: SKIP xyz:ORCL (2 signals) — Contradictory signals, weak breakout confidence
[2026-03-23T09:00:54.989Z] SCOUT: SKIP xyz:GOLD (1 signals) — Single weak bearish signal insufficient
[2026-03-23T09:00:55.058Z] SIGNAL: rsi_extreme xyz:CL RSI 77 OVERBOUGHT
[2026-03-23T09:00:55.058Z] SIGNAL: macd_cross xyz:CL BULLISH
[2026-03-23T09:00:55.058Z] SIGNAL: bb_squeeze_breakout xyz:CL UP
[2026-03-23T09:00:55.359Z] SIGNAL: macd_cross xyz:SILVER BULLISH
[2026-03-23T09:00:55.813Z] SIGNAL: macd_cross xyz:BRENTOIL BULLISH
[2026-03-23T09:00:56.520Z] SIGNAL: macd_cross xyz:NATGAS BULLISH
[2026-03-23T09:00:56.774Z] SIGNAL: rsi_extreme xyz:COPPER RSI 20 OVERSOLD
[2026-03-23T09:00:57.034Z] SIGNAL: rsi_extreme xyz:TSLA RSI 21 OVERSOLD
[2026-03-23T09:00:57.268Z] SIGNAL: rsi_extreme xyz:HOOD RSI 21 OVERSOLD
[2026-03-23T09:00:57.268Z] SIGNAL: ema_cross xyz:HOOD BEARISH
[2026-03-23T09:00:57.268Z] SIGNAL: macd_cross xyz:HOOD BULLISH
[2026-03-23T09:00:57.706Z] SIGNAL: rsi_extreme xyz:NVDA RSI 19 OVERSOLD
[2026-03-23T09:00:57.945Z] SIGNAL: rsi_extreme xyz:COIN RSI 17 OVERSOLD
[2026-03-23T09:00:57.945Z] SIGNAL: macd_cross xyz:COIN BEARISH
[2026-03-23T09:01:17.729Z] SIGNAL: vwap_deviation ENA BELOW
[2026-03-23T09:01:43.032Z] SIGNAL: volume_spike BTC 4.0x avg
[2026-03-23T09:01:53.225Z] SCOUT: PASS xyz:CL (2 signals, 74%) — Two aligned bullish signals, solid momentum [analyst buf: 1]
[2026-03-23T09:01:54.214Z] SIGNAL: rsi_extreme BTC RSI 76 OVERBOUGHT
[2026-03-23T09:01:54.215Z] SIGNAL: ema_cross BTC BEARISH
[2026-03-23T09:01:54.215Z] SIGNAL: bb_squeeze_breakout BTC DOWN
[2026-03-23T09:01:54.215Z] SIGNAL: macd_cross BTC BULLISH
[2026-03-23T09:01:54.310Z] STATUS: 26 coins | WS: OK | Positions: 7 | Tokens: $6.93 (69.3%)
[2026-03-23T09:01:54.451Z] SIGNAL: rsi_extreme ETH RSI 75 OVERBOUGHT
[2026-03-23T09:01:54.452Z] SIGNAL: bb_squeeze_breakout ETH DOWN
[2026-03-23T09:01:54.452Z] SIGNAL: macd_cross ETH BULLISH
[2026-03-23T09:01:54.690Z] SIGNAL: macd_cross HYPE BULLISH
[2026-03-23T09:01:54.690Z] SIGNAL: ema_cross HYPE BULLISH
[2026-03-23T09:01:54.691Z] SIGNAL: rsi_extreme HYPE RSI 75 OVERBOUGHT
[2026-03-23T09:01:54.928Z] SIGNAL: rsi_extreme SOL RSI 77 OVERBOUGHT
[2026-03-23T09:01:54.928Z] SIGNAL: bb_squeeze_breakout SOL DOWN
[2026-03-23T09:01:54.930Z] SCOUT: SKIP xyz:SILVER (1 signals) — Single weak signal, insufficient confluence
[2026-03-23T09:01:54.930Z] SCOUT: SKIP xyz:BRENTOIL (1 signal, conf 55) — no confluence
[2026-03-23T09:01:54.930Z] SCOUT: SKIP xyz:NATGAS (1 signal, conf 58) — no confluence
[2026-03-23T09:01:55.163Z] SIGNAL: macd_cross XRP BULLISH
[2026-03-23T09:01:55.163Z] SIGNAL: rsi_extreme XRP RSI 76 OVERBOUGHT
[2026-03-23T09:01:55.399Z] SIGNAL: macd_cross SUI BULLISH
[2026-03-23T09:01:55.399Z] SIGNAL: ema_cross SUI BULLISH
[2026-03-23T09:01:55.399Z] SIGNAL: rsi_extreme SUI RSI 78 OVERBOUGHT
[2026-03-23T09:01:55.523Z] SIGNAL: rsi_extreme xyz:BRENTOIL RSI 23 OVERSOLD
[2026-03-23T09:01:55.633Z] SIGNAL: macd_cross DOGE BULLISH
[2026-03-23T09:01:55.878Z] SIGNAL: rsi_extreme BNB RSI 78 OVERBOUGHT
[2026-03-23T09:01:55.878Z] SIGNAL: bb_squeeze_breakout BNB DOWN
[2026-03-23T09:01:55.977Z] SIGNAL: macd_cross xyz:GOLD BEARISH
[2026-03-23T09:01:56.126Z] SIGNAL: rsi_extreme PAXG RSI 78 OVERBOUGHT
[2026-03-23T09:01:56.126Z] SIGNAL: macd_cross PAXG BULLISH
[2026-03-23T09:01:56.126Z] SIGNAL: vwap_deviation PAXG ABOVE
[2026-03-23T09:01:56.360Z] SIGNAL: macd_cross AVAX BULLISH
[2026-03-23T09:01:56.360Z] SIGNAL: ema_cross AVAX BULLISH
[2026-03-23T09:01:56.360Z] SIGNAL: rsi_extreme AVAX RSI 77 OVERBOUGHT
[2026-03-23T09:01:56.361Z] SIGNAL: bb_squeeze_breakout AVAX DOWN
[2026-03-23T09:01:56.446Z] SIGNAL: ema_cross xyz:COPPER BEARISH
[2026-03-23T09:01:56.598Z] SIGNAL: macd_cross LINK BULLISH
[2026-03-23T09:01:56.599Z] SIGNAL: rsi_extreme LINK RSI 77 OVERBOUGHT
[2026-03-23T09:01:56.599Z] SIGNAL: bb_squeeze_breakout LINK DOWN
[2026-03-23T09:01:56.833Z] SIGNAL: macd_cross AAVE BULLISH
[2026-03-23T09:01:56.833Z] SIGNAL: bb_squeeze_breakout AAVE UP
[2026-03-23T09:01:56.833Z] SIGNAL: rsi_extreme AAVE RSI 79 OVERBOUGHT
[2026-03-23T09:01:56.834Z] SIGNAL: ema_cross AAVE BEARISH
[2026-03-23T09:01:56.911Z] SCOUT: SKIP xyz:COPPER (1 signals) — Single weak oversold signal insufficient
[2026-03-23T09:01:57.075Z] SIGNAL: macd_cross ENA BULLISH
[2026-03-23T09:01:57.075Z] SIGNAL: rsi_extreme ENA RSI 76 OVERBOUGHT
[2026-03-23T09:01:57.334Z] SIGNAL: macd_cross kPEPE BULLISH
[2026-03-23T09:01:57.334Z] SIGNAL: ema_cross kPEPE BULLISH
[2026-03-23T09:01:57.334Z] SIGNAL: rsi_extreme kPEPE RSI 79 OVERBOUGHT
[2026-03-23T09:01:57.686Z] SIGNAL: rsi_extreme SEI RSI 76 OVERBOUGHT
[2026-03-23T09:01:57.686Z] SIGNAL: macd_cross SEI BULLISH
[2026-03-23T09:01:57.686Z] SIGNAL: bb_squeeze_breakout SEI UP
[2026-03-23T09:01:57.686Z] SIGNAL: ema_cross SEI BULLISH
[2026-03-23T09:01:57.686Z] SIGNAL: vwap_deviation SEI ABOVE
[2026-03-23T09:01:58.959Z] SCOUT: SKIP xyz:HOOD (2 signals) — Contradictory signals, weak confidence levels
[2026-03-23T09:02:02.026Z] SCOUT: SKIP xyz:NVDA (1 signals) — Single weak oversold signal insufficient
[2026-03-23T09:02:04.375Z] SCOUT: SKIP xyz:COIN (2 signals) — Contradictory signals: oversold vs bearish
[2026-03-23T09:02:04.375Z] SCOUT: SKIP ENA (1 signal, conf 55) — no confluence
[2026-03-23T09:02:08.631Z] SIGNAL: whale_trade BTC $602k BUY
[2026-03-23T09:02:19.123Z] ANALYST: processing 1 scout-passed signal groups
[2026-03-23T09:02:28.397Z] SIGNAL: price_breakout xyz:ORCL DOWN
[2026-03-23T09:02:40.675Z] DECISION: HOLD xyz:CL — Duplicate open CL long; all slots full 
[2026-03-23T09:02:40.675Z] DECISION: HOLD xyz:CL — Strategy at 2/2 capacity, no available slot 
[2026-03-23T09:02:40.675Z] DECISION: HOLD xyz:CL — Strategy full; BB squeeze sub-70% confirmation 
[2026-03-23T09:02:53.824Z] SCOUT: SKIP BTC (3 signals) — Contradictory signals, weak consensus
[2026-03-23T09:02:55.589Z] SCOUT: SKIP ETH (2 signals) — Contradictory signals, weak confidence levels
[2026-03-23T09:02:57.470Z] SCOUT: PASS HYPE (2 signals, 75%) — Dual bullish crossovers, strong MACD confirmation [analyst buf: 1]
[2026-03-23T09:02:57.470Z] SCOUT: SKIP SOL (1 signal, conf 64) — no confluence
[2026-03-23T09:02:57.475Z] SIGNAL: rsi_extreme xyz:ORCL RSI 16 OVERSOLD
[2026-03-23T09:02:59.175Z] SCOUT: SKIP XRP (1 signals) — Single weak signal insufficient for trade
[2026-03-23T09:03:01.557Z] SCOUT: SKIP SUI (2 signals) — Single strong signal insufficient for entry
[2026-03-23T09:03:03.184Z] SCOUT: SKIP DOGE (1 signals) — Single weak signal, neutral sentiment
[2026-03-23T09:03:03.184Z] SCOUT: SKIP BNB (1 signal, conf 60) — no confluence
[2026-03-23T09:03:03.184Z] SCOUT: SKIP xyz:GOLD (1 signal, conf 55) — no confluence
[2026-03-23T09:03:07.638Z] SCOUT: PASS PAXG (2 signals, 74%) — MACD cross bullish, price above VWAP [analyst buf: 2]
[2026-03-23T09:03:09.573Z] SCOUT: SKIP AVAX (3 signals) — Conflicting signals, weak BB squeeze setup
[2026-03-23T09:03:09.573Z] SCOUT: SKIP xyz:COPPER (1 signal, conf 55) — no confluence
[2026-03-23T09:03:11.415Z] SCOUT: SKIP LINK (2 signals) — Contradictory signals, weak confirmation levels
[2026-03-23T09:03:12.900Z] SCOUT: SKIP AAVE (3 signals) — Contradictory signals, weak EMA bearish conviction
[2026-03-23T09:03:16.017Z] SCOUT: SKIP ENA (1 signals) — Single weak signal, insufficient confluence
[2026-03-23T09:03:17.828Z] SCOUT: SKIP kPEPE (2 signals) — Low confidence EMA signal weakens setup
[2026-03-23T09:03:19.537Z] SCOUT: PASS SEI (4 signals, 82%) — Strong bullish convergence, high confidence signals aligned [analyst buf: 3]
[2026-03-23T09:03:21.293Z] SCOUT: SKIP xyz:ORCL (1 signals) — Single weak breakout signal insufficient
[2026-03-23T09:03:49.124Z] ANALYST: processing 3 scout-passed signal groups
[2026-03-23T09:03:52.933Z] SCOUT: SKIP xyz:ORCL (1 signals) — Single weak oversold signal insufficient
[2026-03-23T09:03:55.047Z] SIGNAL: rsi_extreme xyz:CL RSI 79 OVERBOUGHT
[2026-03-23T09:03:55.047Z] SIGNAL: macd_cross xyz:CL BULLISH
[2026-03-23T09:03:55.047Z] SIGNAL: bb_squeeze_breakout xyz:CL UP
[2026-03-23T09:03:55.308Z] SIGNAL: macd_cross xyz:SILVER BULLISH
[2026-03-23T09:03:55.544Z] SIGNAL: rsi_extreme xyz:BRENTOIL RSI 23 OVERSOLD
[2026-03-23T09:03:56.035Z] SIGNAL: macd_cross xyz:NATGAS BULLISH
[2026-03-23T09:03:56.273Z] SIGNAL: rsi_extreme xyz:COPPER RSI 22 OVERSOLD
[2026-03-23T09:03:56.518Z] SIGNAL: rsi_extreme xyz:TSLA RSI 23 OVERSOLD
[2026-03-23T09:03:56.754Z] SIGNAL: rsi_extreme xyz:HOOD RSI 19 OVERSOLD
[2026-03-23T09:03:56.754Z] SIGNAL: ema_cross xyz:HOOD BEARISH
[2026-03-23T09:03:56.991Z] SIGNAL: rsi_extreme xyz:NVDA RSI 16 OVERSOLD
[2026-03-23T09:03:57.225Z] SIGNAL: rsi_extreme xyz:COIN RSI 18 OVERSOLD
[2026-03-23T09:03:57.227Z] SIGNAL: macd_cross xyz:COIN BEARISH
[2026-03-23T09:04:27.577Z] TOKEN ALERT [WARN]: Token budget at 70%: $7.02/$10
[2026-03-23T09:04:27.577Z] DECISION: HOLD HYPE — Duplicate position already open for this strategy 
[2026-03-23T09:04:27.577Z] DECISION: HOLD HYPE — No whale confirmation; EMA conf 58 below threshold 
[2026-03-23T09:04:27.577Z] DECISION: HOLD HYPE — No sentiment signal; pure tech misaligns strategy weights 
[2026-03-23T09:04:27.577Z] DECISION: HOLD PAXG — Slots full; gold -5% macro; six consecutive SL hits 
[2026-03-23T09:04:27.577Z] DECISION: HOLD PAXG — Slots full; gold bear market severe macro headwind 
[2026-03-23T09:04:27.577Z] DECISION: HOLD PAXG — Slots full; gold macro collapse contradicts bullish signal 
[2026-03-23T09:04:27.577Z] DECISION: HOLD SEI — Strong signal but Scalping slots fully exhausted (3/3) 
[2026-03-23T09:04:27.577Z] DECISION: HOLD SEI — No whale data; Copytrading slots full (2/2) 
[2026-03-23T09:04:27.577Z] DECISION: HOLD SEI — Slots full; no sentiment/whale signal alignment present 
[2026-03-23T09:04:53.078Z] SCOUT: PASS xyz:CL (2 signals, 78%) — Two aligned bullish signals, strong MACD confirmation [analyst buf: 1]
[2026-03-23T09:04:53.078Z] SCOUT: SKIP xyz:SILVER (1 signal, conf 60) — no confluence
[2026-03-23T09:04:55.182Z] SCOUT: SKIP xyz:NATGAS (1 signals) — Single weak signal insufficient for trade
[2026-03-23T09:04:55.719Z] SIGNAL: macd_cross xyz:BRENTOIL BEARISH
[2026-03-23T09:04:55.962Z] SIGNAL: macd_cross xyz:GOLD BEARISH
[2026-03-23T09:04:56.899Z] SCOUT: SKIP xyz:HOOD (2 signals) — Contradictory signals: oversold vs bearish
[2026-03-23T09:04:57.748Z] SIGNAL: rsi_extreme xyz:ORCL RSI 14 OVERSOLD
[2026-03-23T09:04:58.938Z] SCOUT: SKIP xyz:NVDA (1 signals) — Single weak RSI signal, insufficient confluence
[2026-03-23T09:05:00.408Z] SCOUT: SKIP xyz:COIN (2 signals) — Contradictory signals, weak MACD confidence
[2026-03-23T09:05:01.499Z] SIGNAL: rsi_extreme kPEPE RSI 25 OVERSOLD
[2026-03-23T09:05:19.124Z] ANALYST: processing 1 scout-passed signal groups
[2026-03-23T09:05:19.614Z] SIGNAL: volume_spike ETH 4.1x avg
[2026-03-23T09:05:30.152Z] SIGNAL: rsi_extreme HYPE RSI 25 OVERSOLD
[2026-03-23T09:05:42.316Z] DECISION: HOLD xyz:CL — Duplicate long already open, slot limit 3/3 
[2026-03-23T09:05:42.316Z] DECISION: HOLD xyz:CL — Slots full 2/2, weak whale signal confirmation 
[2026-03-23T09:05:42.316Z] DECISION: HOLD xyz:CL — Slots full 2/2, tech signals insufficient for sentiment strategy 
[2026-03-23T09:05:50.848Z] SCOUT: SKIP xyz:BRENTOIL (1 signal, conf 55) — no confluence
[2026-03-23T09:05:52.670Z] SCOUT: SKIP xyz:GOLD (1 signals) — Single weak bearish signal insufficient
[2026-03-23T09:05:54.177Z] SCOUT: SKIP xyz:ORCL (1 signals) — Single weak oversold signal insufficient
[2026-03-23T09:05:55.018Z] SIGNAL: ema_cross xyz:CL BULLISH
[2026-03-23T09:05:55.290Z] SIGNAL: bb_squeeze_breakout xyz:SILVER UP
[2026-03-23T09:05:56.106Z] SIGNAL: macd_cross xyz:NATGAS BULLISH
[2026-03-23T09:05:56.108Z] SIGNAL: rsi_extreme xyz:NATGAS RSI 23 OVERSOLD
[2026-03-23T09:05:56.673Z] SIGNAL: rsi_extreme xyz:COPPER RSI 23 OVERSOLD
[2026-03-23T09:05:57.020Z] SIGNAL: rsi_extreme xyz:TSLA RSI 24 OVERSOLD
[2026-03-23T09:05:57.284Z] SIGNAL: rsi_extreme xyz:HOOD RSI 22 OVERSOLD
[2026-03-23T09:05:57.518Z] SIGNAL: rsi_extreme xyz:NVDA RSI 21 OVERSOLD
[2026-03-23T09:05:57.754Z] SIGNAL: rsi_extreme xyz:COIN RSI 20 OVERSOLD
[2026-03-23T09:05:57.754Z] SIGNAL: macd_cross xyz:COIN BULLISH
[2026-03-23T09:06:06.847Z] SIGNAL: volume_spike LINK 4.1x avg
[2026-03-23T09:06:15.931Z] SIGNAL: volume_spike XRP 4.2x avg
[2026-03-23T09:06:34.103Z] SIGNAL: rsi_extreme AAVE RSI 23 OVERSOLD
[2026-03-23T09:06:52.765Z] SCOUT: SKIP xyz:CL (1 signals) — Single weak signal, insufficient confirmation
[2026-03-23T09:06:52.766Z] SCOUT: SKIP xyz:SILVER (1 signal, conf 61) — no confluence
[2026-03-23T09:06:52.766Z] SCOUT: SKIP xyz:NATGAS (1 signal, conf 62) — no confluence
[2026-03-23T09:06:52.766Z] SCOUT: SKIP xyz:COIN (1 signal, conf 58) — no confluence
[2026-03-23T09:06:54.213Z] SIGNAL: rsi_extreme BTC RSI 77 OVERBOUGHT
[2026-03-23T09:06:54.214Z] SIGNAL: ema_cross BTC BEARISH
[2026-03-23T09:06:54.214Z] SIGNAL: bb_squeeze_breakout BTC DOWN
[2026-03-23T09:06:54.214Z] SIGNAL: macd_cross BTC BULLISH
[2026-03-23T09:06:54.310Z] STATUS: 26 coins | WS: OK | Positions: 7 | Tokens: $7.05 (70.5%)
[2026-03-23T09:06:54.467Z] SIGNAL: rsi_extreme ETH RSI 77 OVERBOUGHT
[2026-03-23T09:06:54.468Z] SIGNAL: bb_squeeze_breakout ETH DOWN
[2026-03-23T09:06:54.468Z] SIGNAL: macd_cross ETH BULLISH
[2026-03-23T09:06:54.767Z] SIGNAL: macd_cross HYPE BULLISH
[2026-03-23T09:06:55.014Z] SIGNAL: macd_cross SOL BULLISH
[2026-03-23T09:06:55.015Z] SIGNAL: rsi_extreme SOL RSI 75 OVERBOUGHT
[2026-03-23T09:06:55.015Z] SIGNAL: bb_squeeze_breakout SOL DOWN
[2026-03-23T09:06:55.017Z] SIGNAL: rsi_extreme xyz:CL RSI 78 OVERBOUGHT
[2026-03-23T09:06:55.017Z] SIGNAL: macd_cross xyz:CL BULLISH
[2026-03-23T09:06:55.249Z] SIGNAL: macd_cross XRP BULLISH
[2026-03-23T09:06:55.250Z] SIGNAL: rsi_extreme XRP RSI 76 OVERBOUGHT
[2026-03-23T09:06:55.274Z] SIGNAL: macd_cross xyz:SILVER BULLISH
[2026-03-23T09:06:55.597Z] SIGNAL: rsi_extreme xyz:BRENTOIL RSI 24 OVERSOLD
[2026-03-23T09:06:55.612Z] SIGNAL: macd_cross SUI BULLISH
[2026-03-23T09:06:55.612Z] SIGNAL: ema_cross SUI BULLISH
[2026-03-23T09:06:55.612Z] SIGNAL: bb_squeeze_breakout SUI UP
[2026-03-23T09:06:55.612Z] SIGNAL: rsi_extreme SUI RSI 77 OVERBOUGHT
[2026-03-23T09:06:55.845Z] SIGNAL: macd_cross DOGE BULLISH
[2026-03-23T09:06:55.847Z] SIGNAL: rsi_extreme DOGE RSI 22 OVERSOLD
[2026-03-23T09:06:56.079Z] SIGNAL: macd_cross BNB BULLISH
[2026-03-23T09:06:56.080Z] SIGNAL: rsi_extreme BNB RSI 76 OVERBOUGHT
[2026-03-23T09:06:56.080Z] SIGNAL: bb_squeeze_breakout BNB DOWN
[2026-03-23T09:06:56.313Z] SIGNAL: rsi_extreme PAXG RSI 80 OVERBOUGHT
[2026-03-23T09:06:56.313Z] SIGNAL: macd_cross PAXG BULLISH
[2026-03-23T09:06:56.313Z] SIGNAL: vwap_deviation PAXG ABOVE
[2026-03-23T09:06:56.550Z] SIGNAL: macd_cross AVAX BULLISH
[2026-03-23T09:06:56.550Z] SIGNAL: rsi_extreme AVAX RSI 75 OVERBOUGHT
[2026-03-23T09:06:56.551Z] SIGNAL: bb_squeeze_breakout AVAX DOWN
[2026-03-23T09:06:56.784Z] SIGNAL: macd_cross LINK BULLISH
[2026-03-23T09:06:56.784Z] SIGNAL: ema_cross LINK BULLISH
[2026-03-23T09:06:56.785Z] SIGNAL: rsi_extreme LINK RSI 76 OVERBOUGHT
[2026-03-23T09:06:56.785Z] SIGNAL: bb_squeeze_breakout LINK DOWN
[2026-03-23T09:06:57.484Z] SIGNAL: macd_cross AAVE BULLISH
[2026-03-23T09:06:57.484Z] SIGNAL: bb_squeeze_breakout AAVE UP
[2026-03-23T09:06:57.484Z] SIGNAL: ema_cross AAVE BULLISH
[2026-03-23T09:06:57.718Z] SIGNAL: macd_cross ENA BULLISH
[2026-03-23T09:06:57.718Z] SIGNAL: ema_cross ENA BULLISH
[2026-03-23T09:06:57.718Z] SIGNAL: rsi_extreme ENA RSI 76 OVERBOUGHT
[2026-03-23T09:06:57.718Z] SIGNAL: vwap_deviation ENA ABOVE
[2026-03-23T09:06:57.955Z] SIGNAL: macd_cross kPEPE BULLISH
[2026-03-23T09:06:57.955Z] SIGNAL: bb_squeeze_breakout kPEPE UP
[2026-03-23T09:06:58.152Z] SIGNAL: rsi_extreme xyz:ORCL RSI 83 OVERBOUGHT
[2026-03-23T09:06:58.190Z] SIGNAL: rsi_extreme SEI RSI 77 OVERBOUGHT
[2026-03-23T09:06:58.190Z] SIGNAL: macd_cross SEI BULLISH
[2026-03-23T09:06:58.190Z] SIGNAL: bb_squeeze_breakout SEI UP
[2026-03-23T09:06:58.190Z] SIGNAL: ema_cross SEI BULLISH
[2026-03-23T09:06:58.190Z] SIGNAL: vwap_deviation SEI ABOVE
[2026-03-23T09:07:48.375Z] SIGNAL: price_breakout xyz:ORCL UP
[2026-03-23T09:07:48.973Z] SIGNAL: rsi_extreme HYPE RSI 24 OVERSOLD
[2026-03-23T09:07:52.571Z] SCOUT: SKIP BTC (3 signals) — Contradictory signals, weak bearish lean
[2026-03-23T09:07:54.296Z] SCOUT: SKIP ETH (2 signals) — Contradictory signals, weak confidence levels
[2026-03-23T09:07:55.308Z] SIGNAL: ema_cross xyz:SILVER BULLISH
[2026-03-23T09:07:55.308Z] SIGNAL: bb_squeeze_breakout xyz:SILVER UP
[2026-03-23T09:07:55.568Z] SIGNAL: macd_cross xyz:BRENTOIL BULLISH
[2026-03-23T09:07:55.830Z] SIGNAL: macd_cross xyz:GOLD BEARISH
[2026-03-23T09:07:55.877Z] SCOUT: SKIP HYPE (1 signals) — Single weak signal, insufficient confluence
[2026-03-23T09:07:56.300Z] SIGNAL: macd_cross xyz:COPPER BEARISH
[2026-03-23T09:07:58.605Z] SCOUT: SKIP SOL (2 signals) — Contradictory signals, weak MACD confidence
[2026-03-23T09:08:00.506Z] SCOUT: SKIP xyz:CL (1 signals) — Single weak signal insufficient for entry
[2026-03-23T09:08:03.990Z] SCOUT: SKIP XRP (1 signals) — Single weak signal, insufficient confirmation
[2026-03-23T09:08:07.169Z] SCOUT: SKIP xyz:SILVER (1 signals) — Single weak signal, insufficient confirmation
[2026-03-23T09:08:09.482Z] SCOUT: PASS SUI (3 signals, 78%) — Strong MACD cross, confirmed by EMA and BB [analyst buf: 1]
[2026-03-23T09:08:11.341Z] SCOUT: SKIP DOGE (1 signals) — Single weak signal, neutral news sentiment
[2026-03-23T09:08:13.082Z] SCOUT: SKIP BNB (2 signals) — Contradictory signals, weak confluence
[2026-03-23T09:08:14.780Z] SCOUT: SKIP PAXG (3 signals) — RSI overbought contradicts bullish signals
[2026-03-23T09:08:16.271Z] SCOUT: SKIP AVAX (2 signals) — Contradictory signals, weak sentiment
[2026-03-23T09:08:18.069Z] SCOUT: SKIP LINK (3 signals) — Bullish signals contradicted by downside breakout
[2026-03-23T09:08:19.125Z] ANALYST: processing 1 scout-passed signal groups
[2026-03-23T09:08:19.925Z] SCOUT: PASS AAVE (3 signals, 75%) — Three aligned bullish signals, strong MACD conviction [analyst buf: 1]
[2026-03-23T09:08:21.684Z] SCOUT: PASS ENA (3 signals, 75%) — Strong MACD cross, supported by EMA confirmation [analyst buf: 2]
[2026-03-23T09:08:23.198Z] SCOUT: SKIP kPEPE (2 signals) — Single strong signal insufficient without confirmation
[2026-03-23T09:08:24.991Z] SCOUT: SKIP xyz:ORCL (2 signals) — Overbought RSI contradicts breakout strength
[2026-03-23T09:08:26.497Z] SCOUT: PASS SEI (4 signals, 81%) — Strong bullish confluence, three high-confidence signals [analyst buf: 3]
[2026-03-23T09:08:40.517Z] DECISION: HOLD SUI — Strategy at max capacity 3/3, no slot available 
[2026-03-23T09:08:40.517Z] DECISION: HOLD SUI — Strategy at max capacity 2/2, whale data absent 
[2026-03-23T09:08:40.517Z] DECISION: HOLD SUI — Strategy full 2/2, prior SUI wins were shorts only 
[2026-03-23T09:08:52.522Z] SCOUT: SKIP xyz:SILVER (2 signals) — Bullish signals conflict with short position
[2026-03-23T09:08:52.522Z] SCOUT: SKIP xyz:BRENTOIL (1 signal, conf 57) — no confluence
[2026-03-23T09:08:52.522Z] SCOUT: SKIP xyz:GOLD (1 signal, conf 64) — no confluence
[2026-03-23T09:08:55.019Z] SIGNAL: rsi_extreme xyz:CL RSI 25 OVERSOLD
[2026-03-23T09:08:55.325Z] SIGNAL: rsi_extreme xyz:SILVER RSI 75 OVERBOUGHT
[2026-03-23T09:08:55.325Z] SIGNAL: macd_cross xyz:SILVER BEARISH
[2026-03-23T09:08:55.639Z] SCOUT: SKIP xyz:COPPER (1 signals) — Single weak bearish signal insufficient
[2026-03-23T09:08:56.129Z] SIGNAL: macd_cross xyz:NATGAS BULLISH
[2026-03-23T09:08:56.131Z] SIGNAL: rsi_extreme xyz:NATGAS RSI 23 OVERSOLD
[2026-03-23T09:08:56.369Z] SIGNAL: rsi_extreme xyz:COPPER RSI 23 OVERSOLD
[2026-03-23T09:08:56.632Z] SIGNAL: rsi_extreme xyz:TSLA RSI 24 OVERSOLD
[2026-03-23T09:08:56.866Z] SIGNAL: rsi_extreme xyz:HOOD RSI 23 OVERSOLD
[2026-03-23T09:08:57.347Z] SIGNAL: macd_cross xyz:COIN BULLISH
[2026-03-23T09:08:57.349Z] SIGNAL: rsi_extreme xyz:COIN RSI 24 OVERSOLD
[2026-03-23T09:09:49.125Z] ANALYST: processing 3 scout-passed signal groups
[2026-03-23T09:09:50.814Z] SCOUT: SKIP xyz:SILVER (1 signal, conf 61) — no confluence
[2026-03-23T09:09:55.018Z] SIGNAL: macd_cross xyz:CL BULLISH
[2026-03-23T09:09:55.357Z] SIGNAL: bb_squeeze_breakout xyz:SILVER UP
[2026-03-23T09:09:55.592Z] SIGNAL: macd_cross xyz:BRENTOIL BEARISH
[2026-03-23T09:09:55.593Z] SIGNAL: rsi_extreme xyz:BRENTOIL RSI 24 OVERSOLD
[2026-03-23T09:09:55.869Z] SIGNAL: macd_cross xyz:GOLD BEARISH
[2026-03-23T09:09:56.285Z] SCOUT: SKIP xyz:NATGAS (1 signals) — Single weak signal insufficient for entry
[2026-03-23T09:09:56.285Z] SCOUT: SKIP xyz:COIN (1 signal, conf 60) — no confluence
[2026-03-23T09:09:56.336Z] SIGNAL: ema_cross xyz:COPPER BEARISH
[2026-03-23T09:09:56.336Z] SIGNAL: macd_cross xyz:COPPER BEARISH
[2026-03-23T09:09:56.824Z] SIGNAL: macd_cross xyz:HOOD BEARISH
[2026-03-23T09:09:57.688Z] SIGNAL: rsi_extreme xyz:ORCL RSI 83 OVERBOUGHT
[2026-03-23T09:10:03.490Z] SIGNAL: rsi_extreme HYPE RSI 25 OVERSOLD
[2026-03-23T09:10:12.184Z] SIGNAL: rsi_extreme SEI RSI 25 OVERSOLD
[2026-03-23T09:10:25.846Z] DECISION: HOLD AAVE — Slots full 3/3, duplicate long already open 
[2026-03-23T09:10:25.846Z] DECISION: HOLD AAVE — Slots full 2/2, weak whale signal for AAVE 
[2026-03-23T09:10:25.846Z] DECISION: HOLD AAVE — Slots full 2/2, tech-heavy signal low sentiment fit 
[2026-03-23T09:10:25.846Z] DECISION: HOLD ENA — Slots full, history shows 9/10 losses on ENA 
[2026-03-23T09:10:25.846Z] DECISION: HOLD ENA — Slots full, prior SL hit on ENA copytrading long 
[2026-03-23T09:10:25.846Z] DECISION: HOLD ENA — Slots full, poor ENA sentiment history, downtrend 
[2026-03-23T09:10:25.846Z] DECISION: HOLD SEI — Slots full 3/3, recent short just closed on SEI 
[2026-03-23T09:10:25.846Z] DECISION: HOLD SEI — Slots full, no whale signal support for SEI 
[2026-03-23T09:10:25.846Z] DECISION: HOLD SEI — Slots full, risk-off macro offsets bullish confluence 
[2026-03-23T09:10:52.770Z] SCOUT: SKIP xyz:CL (1 signals) — Single weak signal insufficient for entry
[2026-03-23T09:10:52.770Z] SCOUT: SKIP xyz:SILVER (1 signal, conf 61) — no confluence
[2026-03-23T09:10:52.770Z] SCOUT: SKIP xyz:BRENTOIL (1 signal, conf 56) — no confluence
[2026-03-23T09:10:52.770Z] SCOUT: SKIP xyz:GOLD (1 signal, conf 58) — no confluence
[2026-03-23T09:10:54.542Z] SCOUT: PASS xyz:COPPER (2 signals, 66%) — Dual bearish signals aligned, moderate confidence [analyst buf: 1]
[2026-03-23T09:10:54.542Z] SCOUT: SKIP xyz:HOOD (1 signal, conf 63) — no confluence
[2026-03-23T09:10:55.053Z] SIGNAL: rsi_extreme xyz:CL RSI 25 OVERSOLD
[2026-03-23T09:10:55.311Z] SIGNAL: ema_cross xyz:SILVER BULLISH
[2026-03-23T09:10:56.593Z] SCOUT: SKIP xyz:ORCL (1 signals) — Single overbought signal, insufficient confirmation
[2026-03-23T09:10:57.402Z] SIGNAL: rsi_extreme xyz:COIN RSI 76 OVERBOUGHT
[2026-03-23T09:10:57.404Z] SIGNAL: macd_cross xyz:COIN BEARISH
[2026-03-23T09:11:19.126Z] ANALYST: processing 1 scout-passed signal groups
[2026-03-23T09:11:46.563Z] DECISION: HOLD xyz:COPPER — Slots full 3/3, bearish signal below 70% threshold 
[2026-03-23T09:11:46.563Z] DECISION: HOLD xyz:COPPER — Slots full 2/2, no whale data, confidence insufficient 
[2026-03-23T09:11:46.563Z] DECISION: HOLD xyz:COPPER — Slots full 2/2, composite confidence sub-70% threshold 
[2026-03-23T09:11:52.472Z] SCOUT: SKIP xyz:SILVER (1 signals) — Single weak signal, insufficient confluence
[2026-03-23T09:11:52.472Z] SCOUT: SKIP xyz:COIN (1 signal, conf 55) — no confluence
[2026-03-23T09:11:54.248Z] SIGNAL: rsi_extreme BTC RSI 76 OVERBOUGHT
[2026-03-23T09:11:54.249Z] SIGNAL: ema_cross BTC BEARISH
[2026-03-23T09:11:54.249Z] SIGNAL: bb_squeeze_breakout BTC DOWN
[2026-03-23T09:11:54.249Z] SIGNAL: macd_cross BTC BULLISH
[2026-03-23T09:11:54.310Z] STATUS: 26 coins | WS: OK | Positions: 7 | Tokens: $7.18 (71.8%)
[2026-03-23T09:11:55.021Z] SIGNAL: macd_cross xyz:CL BULLISH
[2026-03-23T09:11:55.021Z] SIGNAL: ema_cross xyz:CL BULLISH
[2026-03-23T09:11:55.098Z] SIGNAL: rsi_extreme ETH RSI 78 OVERBOUGHT
[2026-03-23T09:11:55.099Z] SIGNAL: bb_squeeze_breakout ETH DOWN
[2026-03-23T09:11:55.099Z] SIGNAL: macd_cross ETH BULLISH
[2026-03-23T09:11:55.278Z] SIGNAL: rsi_extreme xyz:SILVER RSI 76 OVERBOUGHT
[2026-03-23T09:11:55.278Z] SIGNAL: macd_cross xyz:SILVER BEARISH
[2026-03-23T09:11:55.341Z] SIGNAL: macd_cross HYPE BULLISH
[2026-03-23T09:11:55.580Z] SIGNAL: macd_cross SOL BULLISH
[2026-03-23T09:11:55.581Z] SIGNAL: rsi_extreme SOL RSI 77 OVERBOUGHT
[2026-03-23T09:11:55.582Z] SIGNAL: bb_squeeze_breakout SOL DOWN
[2026-03-23T09:11:55.755Z] SIGNAL: ema_cross xyz:GOLD BULLISH
[2026-03-23T09:11:55.815Z] SIGNAL: macd_cross XRP BULLISH
[2026-03-23T09:11:55.815Z] SIGNAL: rsi_extreme XRP RSI 76 OVERBOUGHT
[2026-03-23T09:11:56.013Z] SIGNAL: rsi_extreme xyz:NATGAS RSI 76 OVERBOUGHT
[2026-03-23T09:11:56.057Z] SIGNAL: macd_cross SUI BULLISH
[2026-03-23T09:11:56.057Z] SIGNAL: rsi_extreme SUI RSI 75 OVERBOUGHT
[2026-03-23T09:11:56.057Z] SIGNAL: ema_cross SUI BULLISH
[2026-03-23T09:11:56.057Z] SIGNAL: bb_squeeze_breakout SUI UP
[2026-03-23T09:11:56.256Z] SIGNAL: rsi_extreme xyz:COPPER RSI 23 OVERSOLD
[2026-03-23T09:11:56.309Z] SIGNAL: macd_cross DOGE BULLISH
[2026-03-23T09:11:56.311Z] SIGNAL: rsi_extreme DOGE RSI 23 OVERSOLD
[2026-03-23T09:11:56.492Z] SIGNAL: rsi_extreme xyz:TSLA RSI 24 OVERSOLD
[2026-03-23T09:11:56.544Z] SIGNAL: macd_cross BNB BULLISH
[2026-03-23T09:11:56.544Z] SIGNAL: rsi_extreme BNB RSI 76 OVERBOUGHT
[2026-03-23T09:11:56.545Z] SIGNAL: bb_squeeze_breakout BNB DOWN
[2026-03-23T09:11:56.750Z] SIGNAL: rsi_extreme xyz:HOOD RSI 21 OVERSOLD
[2026-03-23T09:11:56.873Z] SIGNAL: rsi_extreme PAXG RSI 81 OVERBOUGHT
[2026-03-23T09:11:56.873Z] SIGNAL: vwap_deviation PAXG ABOVE
[2026-03-23T09:11:56.873Z] SIGNAL: macd_cross PAXG BEARISH
[2026-03-23T09:11:57.108Z] SIGNAL: macd_cross AVAX BULLISH
[2026-03-23T09:11:57.108Z] SIGNAL: ema_cross AVAX BULLISH
[2026-03-23T09:11:57.108Z] SIGNAL: rsi_extreme AVAX RSI 76 OVERBOUGHT
[2026-03-23T09:11:57.109Z] SIGNAL: bb_squeeze_breakout AVAX DOWN
[2026-03-23T09:11:57.418Z] SIGNAL: macd_cross LINK BULLISH
[2026-03-23T09:11:57.418Z] SIGNAL: ema_cross LINK BULLISH
[2026-03-23T09:11:57.418Z] SIGNAL: rsi_extreme LINK RSI 76 OVERBOUGHT
[2026-03-23T09:11:57.419Z] SIGNAL: bb_squeeze_breakout LINK DOWN
[2026-03-23T09:11:57.655Z] SIGNAL: macd_cross AAVE BULLISH
[2026-03-23T09:11:57.655Z] SIGNAL: bb_squeeze_breakout AAVE UP
[2026-03-23T09:11:57.655Z] SIGNAL: rsi_extreme AAVE RSI 75 OVERBOUGHT
[2026-03-23T09:11:57.655Z] SIGNAL: ema_cross AAVE BULLISH
[2026-03-23T09:11:57.889Z] SIGNAL: rsi_extreme ENA RSI 77 OVERBOUGHT
[2026-03-23T09:11:57.889Z] SIGNAL: macd_cross ENA BULLISH
[2026-03-23T09:11:57.889Z] SIGNAL: ema_cross ENA BULLISH
[2026-03-23T09:11:57.889Z] SIGNAL: vwap_deviation ENA ABOVE
[2026-03-23T09:11:58.124Z] SIGNAL: macd_cross kPEPE BULLISH
[2026-03-23T09:11:58.124Z] SIGNAL: bb_squeeze_breakout kPEPE UP
[2026-03-23T09:11:58.124Z] SIGNAL: rsi_extreme kPEPE RSI 78 OVERBOUGHT
[2026-03-23T09:11:58.363Z] SIGNAL: macd_cross SEI BULLISH
[2026-03-23T09:11:58.364Z] SIGNAL: ema_cross SEI BULLISH
[2026-03-23T09:11:58.364Z] SIGNAL: vwap_deviation SEI ABOVE
[2026-03-23T09:12:53.137Z] SCOUT: SKIP BTC (3 signals) — Contradictory signals, bearish bias dominates
[2026-03-23T09:12:54.971Z] SCOUT: PASS xyz:CL (2 signals, 75%) — Strong MACD cross supports EMA bullish setup [analyst buf: 1]
[2026-03-23T09:12:55.314Z] SIGNAL: bb_squeeze_breakout xyz:SILVER UP
[2026-03-23T09:12:55.314Z] SIGNAL: ema_cross xyz:SILVER BULLISH
[2026-03-23T09:12:55.550Z] SIGNAL: rsi_extreme xyz:BRENTOIL RSI 77 OVERBOUGHT
[2026-03-23T09:12:55.551Z] SIGNAL: macd_cross xyz:BRENTOIL BEARISH
[2026-03-23T09:12:55.908Z] SIGNAL: macd_cross xyz:GOLD BEARISH
[2026-03-23T09:12:56.377Z] SIGNAL: macd_cross xyz:COPPER BEARISH
[2026-03-23T09:12:56.674Z] SCOUT: SKIP ETH (2 signals) — Contradictory signals, weak confidence levels
[2026-03-23T09:12:56.995Z] SIGNAL: macd_cross xyz:HOOD BEARISH
[2026-03-23T09:12:57.495Z] SIGNAL: rsi_extreme xyz:COIN RSI 75 OVERBOUGHT
[2026-03-23T09:12:57.495Z] SIGNAL: macd_cross xyz:COIN BEARISH
[2026-03-23T09:12:57.732Z] SIGNAL: macd_cross xyz:ORCL BULLISH
[2026-03-23T09:12:57.733Z] SIGNAL: rsi_extreme xyz:ORCL RSI 82 OVERBOUGHT
[2026-03-23T09:12:59.083Z] SCOUT: SKIP xyz:SILVER (1 signals) — Single weak bearish signal insufficient
[2026-03-23T09:13:01.449Z] SCOUT: SKIP HYPE (1 signals) — Single weak signal, insufficient confluence
[2026-03-23T09:13:04.022Z] SCOUT: SKIP SOL (2 signals) — Contradictory signals, weak confidence
[2026-03-23T09:13:04.022Z] SCOUT: SKIP xyz:GOLD (1 signal, conf 59) — no confluence
[2026-03-23T09:13:05.753Z] SCOUT: SKIP XRP (1 signals) — Single signal insufficient for trade entry
[2026-03-23T09:13:08.203Z] SCOUT: PASS SUI (3 signals, 72%) — Three aligned bullish signals, strong MACD confirmation [analyst buf: 2]
[2026-03-23T09:13:10.490Z] SCOUT: SKIP DOGE (1 signals) — Single weak signal, neutral sentiment
[2026-03-23T09:13:12.087Z] SCOUT: SKIP BNB (2 signals) — Contradictory signals, weak overall conviction
[2026-03-23T09:13:13.772Z] SCOUT: SKIP PAXG (3 signals) — Bearish technicals contradict bullish news
[2026-03-23T09:13:15.537Z] SCOUT: SKIP AVAX (3 signals) — Contradictory signals, weak EMA confidence
[2026-03-23T09:13:17.265Z] SCOUT: SKIP LINK (3 signals) — Bullish signals contradicted by downside breakout
[2026-03-23T09:13:19.439Z] SCOUT: PASS AAVE (3 signals, 75%) — Three aligned bullish signals, strong MACD conviction [analyst buf: 3]
[2026-03-23T09:13:21.209Z] SCOUT: PASS ENA (3 signals, 68%) — Strong MACD cross, confirmed by EMA and VWAP [analyst buf: 4]
[2026-03-23T09:13:23.023Z] SCOUT: SKIP kPEPE (2 signals) — Single strong signal insufficient without confirmation
[2026-03-23T09:13:24.580Z] SCOUT: PASS SEI (3 signals, 82%) — Strong bullish momentum, EMA/MACD aligned [analyst buf: 5]
[2026-03-23T09:13:28.366Z] SIGNAL: price_breakout xyz:ORCL DOWN
[2026-03-23T09:13:55.020Z] SIGNAL: rsi_extreme xyz:CL RSI 25 OVERSOLD
[2026-03-23T09:13:56.194Z] SIGNAL: rsi_extreme xyz:SILVER RSI 76 OVERBOUGHT
[2026-03-23T09:13:56.195Z] SIGNAL: macd_cross xyz:SILVER BEARISH
[2026-03-23T09:13:56.452Z] SCOUT: SKIP xyz:SILVER (2 signals) — Bullish signals conflict with short position
[2026-03-23T09:13:56.452Z] SCOUT: SKIP xyz:BRENTOIL (1 signal, conf 57) — no confluence
[2026-03-23T09:13:56.452Z] SCOUT: SKIP xyz:GOLD (1 signal, conf 59) — no confluence
[2026-03-23T09:13:56.452Z] SCOUT: SKIP xyz:COPPER (1 signal, conf 61) — no confluence
[2026-03-23T09:13:56.452Z] SCOUT: SKIP xyz:HOOD (1 signal, conf 58) — no confluence
[2026-03-23T09:13:56.452Z] SCOUT: SKIP xyz:COIN (1 signal, conf 58) — no confluence
[2026-03-23T09:13:56.716Z] SIGNAL: ema_cross xyz:GOLD BULLISH
[2026-03-23T09:13:56.952Z] SIGNAL: rsi_extreme xyz:NATGAS RSI 23 OVERSOLD
[2026-03-23T09:13:57.424Z] SIGNAL: macd_cross xyz:TSLA BULLISH
[2026-03-23T09:13:57.426Z] SIGNAL: rsi_extreme xyz:TSLA RSI 24 OVERSOLD
[2026-03-23T09:13:57.725Z] SIGNAL: rsi_extreme xyz:HOOD RSI 23 OVERSOLD
[2026-03-23T09:13:58.213Z] SCOUT: SKIP xyz:ORCL (3 signals) — Contradictory signals, overbought conditions present
[2026-03-23T09:14:05.642Z] SIGNAL: volume_spike XRP 4.2x avg
[2026-03-23T09:14:13.680Z] LIVE CLOSE: xyz:CL sl_hit — 1 positions, total PnL $-1.19
[2026-03-23T09:14:13.760Z] FILL: Close Long xyz:CL 0.751@98.34 PnL=-1.14152
[2026-03-23T09:14:13.760Z] ORDER: A xyz:CL status=open
[2026-03-23T09:14:13.760Z] ORDER: A xyz:CL status=filled
[2026-03-23T09:14:19.125Z] ANALYST: processing 5 scout-passed signal groups
[2026-03-23T09:14:20.445Z] SIGNAL: volume_spike ENA 4.1x avg
[2026-03-23T09:14:30.186Z] SIGNAL: volume_spike SOL 4.2x avg
[2026-03-23T09:14:52.734Z] SCOUT: SKIP xyz:SILVER (1 signals) — Single weak signal, insufficient confirmation
[2026-03-23T09:14:52.734Z] SCOUT: SKIP xyz:GOLD (1 signal, conf 58) — no confluence
[2026-03-23T09:14:52.734Z] SCOUT: SKIP xyz:TSLA (1 signal, conf 61) — no confluence
[2026-03-23T09:14:55.028Z] SIGNAL: macd_cross xyz:CL BULLISH
[2026-03-23T09:14:55.565Z] SIGNAL: rsi_extreme xyz:BRENTOIL RSI 77 OVERBOUGHT
[2026-03-23T09:14:55.566Z] SIGNAL: macd_cross xyz:BRENTOIL BEARISH
[2026-03-23T09:14:55.822Z] SIGNAL: rsi_extreme xyz:GOLD RSI 24 OVERSOLD
[2026-03-23T09:14:56.650Z] SIGNAL: macd_cross xyz:NATGAS BULLISH
[2026-03-23T09:14:56.884Z] SIGNAL: macd_cross xyz:COPPER BEARISH
[2026-03-23T09:14:56.885Z] SIGNAL: rsi_extreme xyz:COPPER RSI 22 OVERSOLD
[2026-03-23T09:14:57.854Z] SIGNAL: macd_cross xyz:COIN BULLISH
[2026-03-23T09:14:57.855Z] SIGNAL: rsi_extreme xyz:COIN RSI 24 OVERSOLD
[2026-03-23T09:14:58.127Z] SIGNAL: rsi_extreme xyz:ORCL RSI 83 OVERBOUGHT
[2026-03-23T09:15:01.528Z] DECISION: HOLD xyz:CL — Just SL'd 0m ago; 7 consecutive losses on CL 
[2026-03-23T09:15:01.528Z] DECISION: HOLD xyz:CL — Copytrading-v2 at full capacity 2/2 
[2026-03-23T09:15:01.528Z] DECISION: HOLD xyz:CL — Sentiment-v2 full; weak sentiment data on crude 
[2026-03-23T09:15:01.528Z] DECISION: [Scalping-v2] RISK_BLOCKED SUI — Confidence 57% < 70% 
[2026-03-23T09:15:01.528Z] DECISION: HOLD SUI — Sentiment-v2 at full capacity 2/2 
[2026-03-23T09:15:01.528Z] DECISION: HOLD SUI — Copytrading-v2 full; no whale confirmation present 
[2026-03-23T09:15:01.528Z] DECISION: HOLD AAVE — Duplicate blocked; AAVE long already open Scalping-v2 
[2026-03-23T09:15:01.528Z] DECISION: HOLD AAVE — Copytrading-v2 at full capacity 2/2 
[2026-03-23T09:15:14.958Z] SIGNAL: volume_spike AVAX 4.0x avg
[2026-03-23T09:15:28.373Z] SIGNAL: price_breakout xyz:ORCL UP
[2026-03-23T09:15:28.693Z] SIGNAL: volume_spike SUI 4.3x avg
[2026-03-23T09:15:52.530Z] SCOUT: SKIP xyz:CL (1 signals) — Single weak signal, insufficient confluence
[2026-03-23T09:15:52.530Z] SCOUT: SKIP xyz:BRENTOIL (1 signal, conf 58) — no confluence
[2026-03-23T09:15:54.141Z] SCOUT: SKIP xyz:NATGAS (1 signals) — Single weak signal insufficient for trade
[2026-03-23T09:15:54.141Z] SCOUT: SKIP xyz:COPPER (1 signal, conf 61) — no confluence
[2026-03-23T09:15:55.113Z] SIGNAL: rsi_extreme xyz:CL RSI 75 OVERBOUGHT
[2026-03-23T09:15:55.375Z] SIGNAL: ema_cross xyz:SILVER BULLISH
[2026-03-23T09:15:55.611Z] SIGNAL: ema_cross xyz:BRENTOIL BULLISH
[2026-03-23T09:15:55.886Z] SIGNAL: macd_cross xyz:GOLD BEARISH
[2026-03-23T09:15:56.258Z] SCOUT: SKIP xyz:COIN (1 signals) — Single weak signal insufficient for trade
[2026-03-23T09:15:58.433Z] SCOUT: SKIP xyz:ORCL (2 signals) — Overbought RSI conflicts with breakout strength
[2026-03-23T09:16:00.443Z] SIGNAL: rsi_extreme AVAX RSI 22 OVERSOLD
[2026-03-23T09:16:43.397Z] SIGNAL: price_breakout xyz:HOOD UP
[2026-03-23T09:16:50.839Z] SCOUT: SKIP xyz:SILVER (1 signal, conf 55) — no confluence
[2026-03-23T09:16:50.839Z] SCOUT: SKIP xyz:BRENTOIL (1 signal, conf 56) — no confluence
[2026-03-23T09:16:50.839Z] SCOUT: SKIP xyz:GOLD (1 signal, conf 59) — no confluence
[2026-03-23T09:16:50.839Z] SCOUT: SKIP xyz:HOOD (1 signal, conf 57) — no confluence
[2026-03-23T09:16:52.545Z] SIGNAL: rsi_extreme HYPE RSI 24 OVERSOLD
[2026-03-23T09:16:52.955Z] SIGNAL: macd_cross SUI BULLISH
[2026-03-23T09:16:54.212Z] SIGNAL: rsi_extreme BTC RSI 77 OVERBOUGHT
[2026-03-23T09:16:54.213Z] SIGNAL: ema_cross BTC BEARISH
[2026-03-23T09:16:54.213Z] SIGNAL: bb_squeeze_breakout BTC DOWN
[2026-03-23T09:16:54.213Z] SIGNAL: macd_cross BTC BULLISH
[2026-03-23T09:16:54.311Z] STATUS: 26 coins | WS: OK | Positions: 6 | Tokens: $7.26 (72.6%)
[2026-03-23T09:16:54.447Z] SIGNAL: macd_cross ETH BULLISH
[2026-03-23T09:16:54.448Z] SIGNAL: rsi_extreme ETH RSI 75 OVERBOUGHT
[2026-03-23T09:16:54.448Z] SIGNAL: bb_squeeze_breakout ETH DOWN
[2026-03-23T09:16:54.681Z] SIGNAL: macd_cross HYPE BULLISH
[2026-03-23T09:16:54.917Z] SIGNAL: macd_cross SOL BULLISH
[2026-03-23T09:16:54.917Z] SIGNAL: rsi_extreme SOL RSI 75 OVERBOUGHT
[2026-03-23T09:16:54.918Z] SIGNAL: bb_squeeze_breakout SOL DOWN
[2026-03-23T09:16:55.181Z] SIGNAL: macd_cross XRP BULLISH
[2026-03-23T09:16:55.181Z] SIGNAL: rsi_extreme XRP RSI 77 OVERBOUGHT
[2026-03-23T09:16:55.181Z] SIGNAL: ema_cross XRP BULLISH
[2026-03-23T09:16:55.273Z] SIGNAL: rsi_extreme xyz:SILVER RSI 77 OVERBOUGHT
[2026-03-23T09:16:55.274Z] SIGNAL: bb_squeeze_breakout xyz:SILVER UP
[2026-03-23T09:16:55.274Z] SIGNAL: macd_cross xyz:SILVER BULLISH
[2026-03-23T09:16:55.415Z] SIGNAL: rsi_extreme SUI RSI 77 OVERBOUGHT
[2026-03-23T09:16:55.415Z] SIGNAL: bb_squeeze_breakout SUI UP
[2026-03-23T09:16:55.663Z] SIGNAL: macd_cross DOGE BULLISH
[2026-03-23T09:16:55.665Z] SIGNAL: rsi_extreme DOGE RSI 23 OVERSOLD
[2026-03-23T09:16:55.776Z] SIGNAL: ema_cross xyz:GOLD BEARISH
[2026-03-23T09:16:55.899Z] SIGNAL: macd_cross BNB BULLISH
[2026-03-23T09:16:55.899Z] SIGNAL: rsi_extreme BNB RSI 76 OVERBOUGHT
[2026-03-23T09:16:55.899Z] SIGNAL: bb_squeeze_breakout BNB DOWN
[2026-03-23T09:16:56.009Z] SIGNAL: rsi_extreme xyz:NATGAS RSI 75 OVERBOUGHT
[2026-03-23T09:16:56.211Z] SIGNAL: rsi_extreme PAXG RSI 82 OVERBOUGHT
[2026-03-23T09:16:56.211Z] SIGNAL: vwap_deviation PAXG ABOVE
[2026-03-23T09:16:56.211Z] SIGNAL: macd_cross PAXG BEARISH
[2026-03-23T09:16:56.477Z] SIGNAL: macd_cross AVAX BULLISH
[2026-03-23T09:16:56.477Z] SIGNAL: bb_squeeze_breakout AVAX UP
[2026-03-23T09:16:56.477Z] SIGNAL: ema_cross AVAX BULLISH
[2026-03-23T09:16:56.484Z] SIGNAL: macd_cross xyz:TSLA BULLISH
[2026-03-23T09:16:56.484Z] SIGNAL: rsi_extreme xyz:TSLA RSI 75 OVERBOUGHT
[2026-03-23T09:16:56.733Z] SIGNAL: rsi_extreme xyz:HOOD RSI 17 OVERSOLD
[2026-03-23T09:16:56.738Z] SIGNAL: macd_cross LINK BULLISH
[2026-03-23T09:16:56.738Z] SIGNAL: ema_cross LINK BULLISH
[2026-03-23T09:16:56.738Z] SIGNAL: rsi_extreme LINK RSI 77 OVERBOUGHT
[2026-03-23T09:16:56.739Z] SIGNAL: bb_squeeze_breakout LINK DOWN
[2026-03-23T09:16:57.492Z] SIGNAL: rsi_extreme AAVE RSI 77 OVERBOUGHT
[2026-03-23T09:16:57.492Z] SIGNAL: macd_cross AAVE BULLISH
[2026-03-23T09:16:57.492Z] SIGNAL: bb_squeeze_breakout AAVE UP
[2026-03-23T09:16:57.492Z] SIGNAL: ema_cross AAVE BULLISH
[2026-03-23T09:16:57.727Z] SIGNAL: rsi_extreme ENA RSI 79 OVERBOUGHT
[2026-03-23T09:16:57.727Z] SIGNAL: macd_cross ENA BULLISH
[2026-03-23T09:16:57.727Z] SIGNAL: ema_cross ENA BULLISH
[2026-03-23T09:16:57.727Z] SIGNAL: vwap_deviation ENA ABOVE
[2026-03-23T09:16:57.962Z] SIGNAL: macd_cross kPEPE BULLISH
[2026-03-23T09:16:57.962Z] SIGNAL: bb_squeeze_breakout kPEPE UP
[2026-03-23T09:16:57.962Z] SIGNAL: rsi_extreme kPEPE RSI 76 OVERBOUGHT
[2026-03-23T09:16:58.197Z] SIGNAL: rsi_extreme SEI RSI 80 OVERBOUGHT
[2026-03-23T09:16:58.197Z] SIGNAL: macd_cross SEI BULLISH
[2026-03-23T09:16:58.197Z] SIGNAL: ema_cross SEI BULLISH
[2026-03-23T09:16:58.197Z] SIGNAL: vwap_deviation SEI ABOVE
[2026-03-23T09:17:09.711Z] SIGNAL: volume_spike SEI 4.2x avg
[2026-03-23T09:17:52.621Z] SCOUT: SKIP SUI (2 signals) — Weak signals, low confluence, neutral news
[2026-03-23T09:17:54.289Z] SCOUT: SKIP BTC (3 signals) — Contradictory signals, weak confidence spread
[2026-03-23T09:17:55.018Z] SIGNAL: ema_cross xyz:CL BULLISH
[2026-03-23T09:17:55.526Z] SIGNAL: rsi_extreme xyz:BRENTOIL RSI 77 OVERBOUGHT
[2026-03-23T09:17:55.526Z] SIGNAL: macd_cross xyz:BRENTOIL BEARISH
[2026-03-23T09:17:55.783Z] SIGNAL: rsi_extreme xyz:GOLD RSI 75 OVERBOUGHT
[2026-03-23T09:17:56.157Z] SCOUT: SKIP ETH (2 signals) — Contradictory signals, neutral sentiment weak
[2026-03-23T09:17:56.249Z] SIGNAL: macd_cross xyz:COPPER BEARISH
[2026-03-23T09:17:56.749Z] SIGNAL: macd_cross xyz:HOOD BEARISH
[2026-03-23T09:17:57.240Z] SIGNAL: macd_cross xyz:COIN BEARISH
[2026-03-23T09:17:57.241Z] SIGNAL: rsi_extreme xyz:COIN RSI 24 OVERSOLD
[2026-03-23T09:17:57.636Z] SIGNAL: rsi_extreme xyz:ORCL RSI 83 OVERBOUGHT
[2026-03-23T09:17:58.123Z] SCOUT: SKIP HYPE (1 signals) — Single weak signal insufficient for trade
[2026-03-23T09:17:59.682Z] SCOUT: SKIP SOL (2 signals) — Contradictory signals, weak confidence
[2026-03-23T09:18:01.497Z] SCOUT: PASS XRP (2 signals, 73%) — Two bullish signals, strong MACD confirmation [analyst buf: 1]
[2026-03-23T09:18:03.526Z] SCOUT: SKIP xyz:SILVER (2 signals) — Bullish signals conflict with short position
[2026-03-23T09:18:05.122Z] SCOUT: SKIP DOGE (1 signals) — Single weak signal, neutral news conflict
[2026-03-23T09:18:05.122Z] SCOUT: SKIP xyz:GOLD (1 signal, conf 59) — no confluence
[2026-03-23T09:18:07.227Z] SCOUT: SKIP BNB (2 signals) — Contradictory signals, weak confluence
[2026-03-23T09:18:08.631Z] SCOUT: SKIP PAXG (3 signals) — Overbought RSI conflicts with bullish bias
[2026-03-23T09:18:11.275Z] SCOUT: PASS AVAX (3 signals, 75%) — Strong MACD cross, aligned EMA confirmation [analyst buf: 2]
[2026-03-23T09:18:11.275Z] SCOUT: SKIP xyz:TSLA (1 signal, conf 64) — no confluence
[2026-03-23T09:18:13.398Z] SIGNAL: price_breakout xyz:ORCL UP
[2026-03-23T09:18:14.390Z] SCOUT: SKIP xyz:HOOD (1 signals) — Single weak signal, RSI extreme only
[2026-03-23T09:18:16.084Z] SCOUT: SKIP LINK (3 signals) — Bullish signals contradicted by breakdown
[2026-03-23T09:18:17.675Z] SCOUT: PASS AAVE (3 signals, 78%) — Strong bullish alignment, BB breakout confirmation [analyst buf: 3]
[2026-03-23T09:18:19.352Z] SCOUT: PASS ENA (3 signals, 78%) — Three aligned bullish signals, MACD strongest [analyst buf: 4]
[2026-03-23T09:18:21.393Z] SCOUT: SKIP kPEPE (2 signals) — Single strong signal insufficient without confirmation
[2026-03-23T09:18:22.923Z] SCOUT: SKIP SEI (4 signals) — RSI overbought contradicts bullish momentum signals
[2026-03-23T09:18:48.632Z] SIGNAL: price_breakout xyz:HOOD UP
[2026-03-23T09:18:49.125Z] ANALYST: processing 4 scout-passed signal groups
[2026-03-23T09:18:50.805Z] SCOUT: SKIP xyz:CL (1 signal, conf 57) — no confluence
[2026-03-23T09:18:50.805Z] SCOUT: SKIP xyz:BRENTOIL (1 signal, conf 60) — no confluence
[2026-03-23T09:18:50.805Z] SCOUT: SKIP xyz:COPPER (1 signal, conf 64) — no confluence
[2026-03-23T09:18:52.398Z] SCOUT: SKIP xyz:HOOD (2 signals) — Contradictory signals, bearish vs bullish
[2026-03-23T09:18:52.398Z] SCOUT: SKIP xyz:COIN (1 signal, conf 55) — no confluence
[2026-03-23T09:18:54.104Z] SCOUT: SKIP xyz:ORCL (2 signals) — Overbought RSI contradicts breakout strength
[2026-03-23T09:18:55.019Z] SIGNAL: rsi_extreme xyz:CL RSI 77 OVERBOUGHT
[2026-03-23T09:18:55.277Z] SIGNAL: rsi_extreme xyz:SILVER RSI 78 OVERBOUGHT
[2026-03-23T09:18:55.277Z] SIGNAL: bb_squeeze_breakout xyz:SILVER UP
[2026-03-23T09:18:55.278Z] SIGNAL: macd_cross xyz:SILVER BULLISH
[2026-03-23T09:18:55.789Z] SIGNAL: macd_cross xyz:GOLD BEARISH
[2026-03-23T09:18:55.789Z] SIGNAL: ema_cross xyz:GOLD BEARISH
[2026-03-23T09:18:56.024Z] SIGNAL: rsi_extreme xyz:NATGAS RSI 79 OVERBOUGHT
[2026-03-23T09:18:56.508Z] SIGNAL: rsi_extreme xyz:TSLA RSI 77 OVERBOUGHT
[2026-03-23T09:18:56.744Z] SIGNAL: rsi_extreme xyz:HOOD RSI 14 OVERSOLD
[2026-03-23T09:19:42.616Z] DECISION: [Scalping-v2] RISK_BLOCKED XRP — Confidence 57% < 70% 
[2026-03-23T09:19:42.616Z] DECISION: HOLD AVAX — Poor AVAX Scalping history, macro risk-off headwinds 
[2026-03-23T09:19:52.925Z] SCOUT: SKIP xyz:SILVER (2 signals) — Conflicting signals with existing short position
[2026-03-23T09:19:54.783Z] SCOUT: SKIP xyz:GOLD (2 signals) — Single weak signal, low EMA confidence
[2026-03-23T09:19:55.069Z] SIGNAL: ema_cross xyz:CL BULLISH
[2026-03-23T09:19:55.069Z] SIGNAL: macd_cross xyz:CL BEARISH
[2026-03-23T09:19:55.327Z] SIGNAL: ema_cross xyz:SILVER BULLISH
[2026-03-23T09:19:55.603Z] SIGNAL: macd_cross xyz:BRENTOIL BEARISH
[2026-03-23T09:19:55.604Z] SIGNAL: rsi_extreme xyz:BRENTOIL RSI 24 OVERSOLD
[2026-03-23T09:19:55.905Z] SIGNAL: rsi_extreme xyz:GOLD RSI 75 OVERBOUGHT
[2026-03-23T09:19:56.406Z] SIGNAL: macd_cross xyz:COPPER BEARISH
[2026-03-23T09:19:56.421Z] SCOUT: SKIP xyz:HOOD (1 signals) — RSI contradicts oversold label at 69
[2026-03-23T09:19:56.926Z] SIGNAL: macd_cross xyz:HOOD BEARISH
[2026-03-23T09:19:57.398Z] SIGNAL: macd_cross xyz:COIN BEARISH
[2026-03-23T09:19:57.399Z] SIGNAL: rsi_extreme xyz:COIN RSI 24 OVERSOLD
[2026-03-23T09:20:40.957Z] SIGNAL: rsi_extreme kPEPE RSI 24 OVERSOLD
[2026-03-23T09:20:52.288Z] SCOUT: SKIP xyz:CL (2 signals) — Contradictory signals, weak confidence levels
[2026-03-23T09:20:53.383Z] SIGNAL: price_breakout xyz:HOOD DOWN
[2026-03-23T09:20:53.780Z] SCOUT: SKIP xyz:SILVER (1 signals) — Single weak signal, insufficient confirmation
[2026-03-23T09:20:53.780Z] SCOUT: SKIP xyz:BRENTOIL (1 signal, conf 62) — no confluence
[2026-03-23T09:20:55.030Z] SIGNAL: rsi_extreme xyz:CL RSI 79 OVERBOUGHT
[2026-03-23T09:20:55.295Z] SIGNAL: rsi_extreme xyz:SILVER RSI 77 OVERBOUGHT
[2026-03-23T09:20:55.295Z] SIGNAL: bb_squeeze_breakout xyz:SILVER UP
[2026-03-23T09:20:55.295Z] SIGNAL: macd_cross xyz:SILVER BULLISH
[2026-03-23T09:20:55.385Z] SCOUT: SKIP xyz:COPPER (1 signals) — Single weak bearish signal insufficient
[2026-03-23T09:20:55.385Z] SCOUT: SKIP xyz:HOOD (1 signal, conf 55) — no confluence
[2026-03-23T09:20:55.385Z] SCOUT: SKIP xyz:COIN (1 signal, conf 55) — no confluence
[2026-03-23T09:20:55.801Z] SIGNAL: macd_cross xyz:GOLD BEARISH
[2026-03-23T09:20:55.802Z] SIGNAL: bb_squeeze_breakout xyz:GOLD DOWN
[2026-03-23T09:20:56.036Z] SIGNAL: rsi_extreme xyz:NATGAS RSI 77 OVERBOUGHT
[2026-03-23T09:20:56.518Z] SIGNAL: rsi_extreme xyz:TSLA RSI 77 OVERBOUGHT
[2026-03-23T09:20:56.754Z] SIGNAL: rsi_extreme xyz:HOOD RSI 17 OVERSOLD
[2026-03-23T09:20:57.632Z] SIGNAL: macd_cross xyz:ORCL BEARISH
[2026-03-23T09:20:57.633Z] SIGNAL: rsi_extreme xyz:ORCL RSI 83 OVERBOUGHT
[2026-03-23T09:21:44.857Z] SIGNAL: volume_spike AVAX 4.1x avg
[2026-03-23T09:21:53.033Z] SCOUT: SKIP xyz:HOOD (2 signals) — Conflicting signals, weak confirmation
[2026-03-23T09:21:54.202Z] Strategies reloaded: 6 (3 active, 0 dry-run)
[2026-03-23T09:21:54.312Z] STATUS: 26 coins | WS: OK | Positions: 6 | Tokens: $7.33 (73.3%)
[2026-03-23T09:21:54.327Z] SIGNAL: rsi_extreme BTC RSI 77 OVERBOUGHT
[2026-03-23T09:21:54.327Z] SIGNAL: ema_cross BTC BEARISH
[2026-03-23T09:21:54.327Z] SIGNAL: bb_squeeze_breakout BTC DOWN
[2026-03-23T09:21:54.327Z] SIGNAL: macd_cross BTC BULLISH
[2026-03-23T09:21:54.768Z] SCOUT: SKIP xyz:SILVER (2 signals) — Bullish signals conflict with short position
[2026-03-23T09:21:55.096Z] SIGNAL: ema_cross xyz:CL BULLISH
[2026-03-23T09:21:55.308Z] SIGNAL: macd_cross ETH BULLISH
[2026-03-23T09:21:55.308Z] SIGNAL: rsi_extreme ETH RSI 76 OVERBOUGHT
[2026-03-23T09:21:55.309Z] SIGNAL: bb_squeeze_breakout ETH DOWN
[2026-03-23T09:21:55.543Z] SIGNAL: macd_cross HYPE BULLISH
[2026-03-23T09:21:55.543Z] SIGNAL: rsi_extreme HYPE RSI 76 OVERBOUGHT
[2026-03-23T09:21:55.544Z] SIGNAL: ema_cross HYPE BEARISH
[2026-03-23T09:21:55.603Z] SIGNAL: ema_cross xyz:BRENTOIL BULLISH
[2026-03-23T09:21:55.603Z] SIGNAL: macd_cross xyz:BRENTOIL BULLISH
[2026-03-23T09:21:55.605Z] SIGNAL: rsi_extreme xyz:BRENTOIL RSI 25 OVERSOLD
[2026-03-23T09:21:55.777Z] SIGNAL: macd_cross SOL BULLISH
[2026-03-23T09:21:55.778Z] SIGNAL: rsi_extreme SOL RSI 76 OVERBOUGHT
[2026-03-23T09:21:55.778Z] SIGNAL: bb_squeeze_breakout SOL DOWN
[2026-03-23T09:21:56.011Z] SIGNAL: rsi_extreme XRP RSI 77 OVERBOUGHT
[2026-03-23T09:21:56.011Z] SIGNAL: ema_cross XRP BULLISH
[2026-03-23T09:21:56.245Z] SIGNAL: rsi_extreme SUI RSI 79 OVERBOUGHT
[2026-03-23T09:21:56.245Z] SIGNAL: bb_squeeze_breakout SUI UP
[2026-03-23T09:21:56.479Z] SIGNAL: ema_cross DOGE BULLISH
[2026-03-23T09:21:56.480Z] SIGNAL: macd_cross DOGE BEARISH
[2026-03-23T09:21:56.481Z] SIGNAL: rsi_extreme DOGE RSI 23 OVERSOLD
[2026-03-23T09:21:56.714Z] SIGNAL: rsi_extreme BNB RSI 77 OVERBOUGHT
[2026-03-23T09:21:56.714Z] SIGNAL: bb_squeeze_breakout BNB DOWN
[2026-03-23T09:21:56.951Z] SIGNAL: rsi_extreme PAXG RSI 83 OVERBOUGHT
[2026-03-23T09:21:56.951Z] SIGNAL: vwap_deviation PAXG ABOVE
[2026-03-23T09:21:56.951Z] SIGNAL: macd_cross PAXG BEARISH
[2026-03-23T09:21:56.952Z] SIGNAL: ema_cross PAXG BEARISH
[2026-03-23T09:21:57.185Z] SIGNAL: rsi_extreme AVAX RSI 78 OVERBOUGHT
[2026-03-23T09:21:57.186Z] SIGNAL: bb_squeeze_breakout AVAX UP
[2026-03-23T09:21:57.186Z] SIGNAL: ema_cross AVAX BULLISH
[2026-03-23T09:21:57.186Z] SIGNAL: macd_cross AVAX BEARISH
[2026-03-23T09:21:57.419Z] SIGNAL: rsi_extreme LINK RSI 76 OVERBOUGHT
[2026-03-23T09:21:57.420Z] SIGNAL: bb_squeeze_breakout LINK DOWN
[2026-03-23T09:21:57.743Z] SCOUT: SKIP xyz:GOLD (2 signals) — Single dominant signal, low breakout confirmation
[2026-03-23T09:21:57.752Z] SIGNAL: rsi_extreme AAVE RSI 79 OVERBOUGHT
[2026-03-23T09:21:57.752Z] SIGNAL: macd_cross AAVE BULLISH
[2026-03-23T09:21:57.752Z] SIGNAL: bb_squeeze_breakout AAVE UP
[2026-03-23T09:21:57.752Z] SIGNAL: ema_cross AAVE BULLISH
[2026-03-23T09:21:57.987Z] SIGNAL: rsi_extreme ENA RSI 80 OVERBOUGHT
[2026-03-23T09:21:57.987Z] SIGNAL: ema_cross ENA BULLISH
[2026-03-23T09:21:57.987Z] SIGNAL: vwap_deviation ENA ABOVE
[2026-03-23T09:21:57.988Z] SIGNAL: macd_cross ENA BULLISH
[2026-03-23T09:21:58.225Z] SIGNAL: bb_squeeze_breakout kPEPE UP
[2026-03-23T09:21:58.225Z] SIGNAL: ema_cross kPEPE BULLISH
[2026-03-23T09:21:58.226Z] SIGNAL: macd_cross kPEPE BEARISH
[2026-03-23T09:21:58.462Z] SIGNAL: rsi_extreme SEI RSI 82 OVERBOUGHT
[2026-03-23T09:21:58.462Z] SIGNAL: vwap_deviation SEI ABOVE
[2026-03-23T09:21:58.462Z] SIGNAL: ema_cross SEI BULLISH
[2026-03-23T09:21:58.462Z] SIGNAL: macd_cross SEI BEARISH
[2026-03-23T09:21:59.671Z] SCOUT: SKIP xyz:ORCL (2 signals) — Conflicting signals, overbought RSI dominates
[2026-03-23T09:22:22.115Z] SIGNAL: macd_cross BNB BULLISH
[2026-03-23T09:22:52.294Z] SCOUT: SKIP BTC (3 signals) — Contradictory signals, weak confidence spread
[2026-03-23T09:22:53.385Z] SIGNAL: price_breakout xyz:HOOD DOWN
[2026-03-23T09:22:55.018Z] SIGNAL: macd_cross xyz:CL BEARISH
[2026-03-23T09:22:55.806Z] SIGNAL: rsi_extreme xyz:SILVER RSI 82 OVERBOUGHT
[2026-03-23T09:22:55.806Z] SIGNAL: bb_squeeze_breakout xyz:SILVER UP
[2026-03-23T09:22:55.806Z] SIGNAL: macd_cross xyz:SILVER BULLISH
[2026-03-23T09:22:55.936Z] SCOUT: SKIP xyz:CL (1 signals) — Single weak signal insufficient for action
[2026-03-23T09:22:56.325Z] SIGNAL: macd_cross xyz:GOLD BEARISH
[2026-03-23T09:22:56.327Z] SIGNAL: rsi_extreme xyz:GOLD RSI 75 OVERBOUGHT
[2026-03-23T09:22:56.561Z] SIGNAL: rsi_extreme xyz:NATGAS RSI 77 OVERBOUGHT
[2026-03-23T09:22:56.795Z] SIGNAL: macd_cross xyz:COPPER BEARISH
[2026-03-23T09:22:57.072Z] SIGNAL: rsi_extreme xyz:TSLA RSI 75 OVERBOUGHT
[2026-03-23T09:22:57.307Z] SIGNAL: rsi_extreme xyz:HOOD RSI 25 OVERSOLD
[2026-03-23T09:22:57.798Z] SIGNAL: macd_cross xyz:COIN BEARISH
[2026-03-23T09:22:57.798Z] SIGNAL: rsi_extreme xyz:COIN RSI 24 OVERSOLD
[2026-03-23T09:22:57.816Z] SCOUT: SKIP ETH (2 signals) — Contradictory signals, weak confluence
[2026-03-23T09:22:58.031Z] SIGNAL: rsi_extreme xyz:ORCL RSI 25 OVERSOLD
[2026-03-23T09:22:59.451Z] SCOUT: SKIP HYPE (2 signals) — Contradictory signals, weak EMA confirmation
[2026-03-23T09:23:01.397Z] SCOUT: SKIP xyz:BRENTOIL (2 signals) — Weak signals, low confidence thresholds
[2026-03-23T09:23:03.264Z] SCOUT: SKIP SOL (2 signals) — Contradictory signals, weak BB confirmation
[2026-03-23T09:23:05.018Z] SCOUT: SKIP XRP (1 signals) — Single weak signal, insufficient confluence
[2026-03-23T09:23:07.088Z] SCOUT: SKIP SUI (1 signals) — Single weak signal, insufficient confluence
[2026-03-23T09:23:09.818Z] SCOUT: SKIP DOGE (2 signals) — Contradictory signals, weak confidence levels
[2026-03-23T09:23:11.522Z] SCOUT: SKIP BNB (2 signals) — Contradictory signals, weak confidence levels
[2026-03-23T09:23:14.051Z] SCOUT: SKIP PAXG (4 signals) — Contradictory signals: bullish news vs bearish technicals
[2026-03-23T09:23:15.491Z] SCOUT: SKIP AVAX (3 signals) — Contradictory signals, bearish MACD outweighs bullish
[2026-03-23T09:23:15.491Z] SCOUT: SKIP LINK (1 signal, conf 61) — no confluence
[2026-03-23T09:23:17.270Z] SCOUT: PASS AAVE (3 signals, 78%) — Strong bullish confluence, EMA-MACD agreement [analyst buf: 1]
[2026-03-23T09:23:18.976Z] SCOUT: SKIP ENA (4 signals) — RSI overbought contradicts bullish momentum signals
[2026-03-23T09:23:19.126Z] ANALYST: processing 1 scout-passed signal groups
[2026-03-23T09:23:20.779Z] SCOUT: SKIP kPEPE (3 signals) — Contradictory signals, MACD bearish vs bullish momentum
[2026-03-23T09:23:22.285Z] SCOUT: SKIP SEI (4 signals) — Contradictory signals: bullish EMA vs bearish MACD
[2026-03-23T09:23:43.403Z] SIGNAL: price_breakout xyz:COIN UP
[2026-03-23T09:23:43.470Z] DECISION: HOLD AAVE — Sentiment-v2 at max capacity, no slot available 
[2026-03-23T09:23:43.470Z] DECISION: HOLD AAVE — Copytrading-v2 at max capacity, no slot available 
[2026-03-23T09:23:43.470Z] DECISION: HOLD AAVE — Duplicate blocked, AAVE long already open Scalping-v2 
[2026-03-23T09:23:48.402Z] SIGNAL: price_breakout xyz:ORCL UP
[2026-03-23T09:23:50.833Z] SCOUT: SKIP xyz:HOOD (1 signal, conf 58) — no confluence
[2026-03-23T09:23:50.833Z] SCOUT: SKIP xyz:CL (1 signal, conf 61) — no confluence
[2026-03-23T09:23:52.379Z] SCOUT: SKIP xyz:SILVER (3 signals) — RSI overbought conflicts with bullish signals
[2026-03-23T09:23:53.611Z] SCOUT: SKIP xyz:GOLD (1 signals) — Single weak bearish signal insufficient
[2026-03-23T09:23:53.611Z] SCOUT: SKIP xyz:COPPER (1 signal, conf 63) — no confluence
[2026-03-23T09:23:54.695Z] SIGNAL: volume_spike kPEPE 4.3x avg
[2026-03-23T09:23:55.019Z] SIGNAL: rsi_extreme xyz:CL RSI 82 OVERBOUGHT
[2026-03-23T09:23:55.191Z] SCOUT: SKIP xyz:COIN (2 signals) — Contradictory signals, weak confidence levels
[2026-03-23T09:23:55.191Z] SCOUT: SKIP xyz:ORCL (1 signal, conf 56) — no confluence
[2026-03-23T09:24:01.445Z] SIGNAL: macd_cross kPEPE BULLISH
[2026-03-23T09:24:30.586Z] SIGNAL: rsi_extreme HYPE RSI 25 OVERSOLD
[2026-03-23T09:24:53.167Z] SCOUT: SKIP xyz:CL (1 signals) — Single overbought RSI signal insufficient
[2026-03-23T09:24:53.167Z] SCOUT: SKIP kPEPE (1 signal, conf 56) — no confluence
[2026-03-23T09:24:55.050Z] SIGNAL: bb_squeeze_breakout xyz:CL UP
[2026-03-23T09:24:55.051Z] SIGNAL: ema_cross xyz:CL BULLISH
[2026-03-23T09:24:55.051Z] SIGNAL: macd_cross xyz:CL BEARISH
[2026-03-23T09:24:55.159Z] SIGNAL: rsi_extreme DOGE RSI 25 OVERSOLD
[2026-03-23T09:24:55.542Z] SIGNAL: rsi_extreme xyz:BRENTOIL RSI 79 OVERBOUGHT
[2026-03-23T09:24:55.543Z] SIGNAL: macd_cross xyz:BRENTOIL BULLISH
[2026-03-23T09:25:09.689Z] SIGNAL: volume_spike ENA 4.0x avg
[2026-03-23T09:25:15.061Z] SIGNAL: volume_spike BTC 4.1x avg
[2026-03-23T09:25:26.954Z] SIGNAL: rsi_extreme kPEPE RSI 23 OVERSOLD
[2026-03-23T09:25:30.557Z] SIGNAL: macd_cross ENA BEARISH
[2026-03-23T09:25:30.557Z] SIGNAL: vwap_deviation ENA BELOW
[2026-03-23T09:25:52.552Z] SCOUT: SKIP xyz:CL (3 signals) — Contradictory signals, MACD bearish vs bullish cross
[2026-03-23T09:25:52.552Z] SCOUT: SKIP xyz:BRENTOIL (1 signal, conf 56) — no confluence
[2026-03-23T09:25:54.232Z] SCOUT: SKIP ENA (2 signals) — Single weak bearish signal, insufficient confluence
[2026-03-23T09:25:55.019Z] SIGNAL: rsi_extreme xyz:CL RSI 86 OVERBOUGHT
[2026-03-23T09:25:55.277Z] SIGNAL: macd_cross xyz:SILVER BULLISH
[2026-03-23T09:25:55.279Z] SIGNAL: rsi_extreme xyz:SILVER RSI 77 OVERBOUGHT
[2026-03-23T09:25:55.767Z] SIGNAL: rsi_extreme xyz:GOLD RSI 23 OVERSOLD
[2026-03-23T09:25:55.767Z] SIGNAL: ema_cross xyz:GOLD BEARISH
[2026-03-23T09:25:55.767Z] SIGNAL: macd_cross xyz:GOLD BULLISH
[2026-03-23T09:25:56.115Z] SIGNAL: rsi_extreme xyz:NATGAS RSI 80 OVERBOUGHT
[2026-03-23T09:25:56.361Z] SIGNAL: macd_cross xyz:COPPER BEARISH
[2026-03-23T09:25:56.596Z] SIGNAL: rsi_extreme xyz:TSLA RSI 78 OVERBOUGHT
[2026-03-23T09:25:57.226Z] SIGNAL: rsi_extreme xyz:HOOD RSI 22 OVERSOLD
[2026-03-23T09:25:57.706Z] SIGNAL: macd_cross xyz:COIN BEARISH
[2026-03-23T09:25:57.706Z] SIGNAL: rsi_extreme xyz:COIN RSI 24 OVERSOLD
[2026-03-23T09:25:57.944Z] SIGNAL: macd_cross xyz:ORCL BEARISH
[2026-03-23T09:25:57.945Z] SIGNAL: rsi_extreme xyz:ORCL RSI 79 OVERBOUGHT
[2026-03-23T09:26:41.633Z] SIGNAL: volume_spike XRP 4.7x avg
[2026-03-23T09:26:52.288Z] SCOUT: SKIP xyz:CL (1 signals) — Single overbought signal insufficient
[2026-03-23T09:26:52.288Z] SCOUT: SKIP xyz:SILVER (1 signal, conf 63) — no confluence
[2026-03-23T09:26:53.761Z] SCOUT: SKIP xyz:GOLD (2 signals) — Contradictory signals, weak confidence levels
[2026-03-23T09:26:54.212Z] SIGNAL: rsi_extreme BTC RSI 77 OVERBOUGHT
[2026-03-23T09:26:54.213Z] SIGNAL: ema_cross BTC BEARISH
[2026-03-23T09:26:54.213Z] SIGNAL: bb_squeeze_breakout BTC DOWN
[2026-03-23T09:26:54.213Z] SIGNAL: macd_cross BTC BULLISH
[2026-03-23T09:26:54.312Z] STATUS: 26 coins | WS: OK | Positions: 6 | Tokens: $7.38 (73.8%)
[2026-03-23T09:26:54.458Z] SIGNAL: macd_cross ETH BULLISH
[2026-03-23T09:26:54.458Z] SIGNAL: rsi_extreme ETH RSI 75 OVERBOUGHT
[2026-03-23T09:26:54.459Z] SIGNAL: bb_squeeze_breakout ETH DOWN
[2026-03-23T09:26:54.691Z] SIGNAL: rsi_extreme HYPE RSI 76 OVERBOUGHT
[2026-03-23T09:26:54.691Z] SIGNAL: macd_cross HYPE BULLISH
[2026-03-23T09:26:54.692Z] SIGNAL: vwap_deviation HYPE ABOVE
[2026-03-23T09:26:54.927Z] SIGNAL: macd_cross SOL BULLISH
[2026-03-23T09:26:54.927Z] SIGNAL: rsi_extreme SOL RSI 76 OVERBOUGHT
[2026-03-23T09:26:54.928Z] SIGNAL: bb_squeeze_breakout SOL DOWN
[2026-03-23T09:26:55.163Z] SIGNAL: rsi_extreme XRP RSI 78 OVERBOUGHT
[2026-03-23T09:26:55.163Z] SIGNAL: macd_cross XRP BULLISH
[2026-03-23T09:26:55.163Z] SIGNAL: ema_cross XRP BULLISH
[2026-03-23T09:26:55.163Z] SIGNAL: bb_squeeze_breakout XRP UP
[2026-03-23T09:26:55.354Z] SCOUT: SKIP xyz:NATGAS (1 signals) — Single overbought signal insufficient
[2026-03-23T09:26:55.401Z] SIGNAL: rsi_extreme SUI RSI 78 OVERBOUGHT
[2026-03-23T09:26:55.401Z] SIGNAL: bb_squeeze_breakout SUI UP
[2026-03-23T09:26:55.621Z] SIGNAL: rsi_extreme xyz:BRENTOIL RSI 82 OVERBOUGHT
[2026-03-23T09:26:55.621Z] SIGNAL: macd_cross xyz:BRENTOIL BEARISH
[2026-03-23T09:26:55.748Z] SIGNAL: ema_cross DOGE BULLISH
[2026-03-23T09:26:55.749Z] SIGNAL: macd_cross DOGE BEARISH
[2026-03-23T09:26:55.750Z] SIGNAL: rsi_extreme DOGE RSI 23 OVERSOLD
[2026-03-23T09:26:55.857Z] SIGNAL: bb_squeeze_breakout xyz:GOLD DOWN
[2026-03-23T09:26:55.983Z] SIGNAL: rsi_extreme BNB RSI 76 OVERBOUGHT
[2026-03-23T09:26:55.984Z] SIGNAL: bb_squeeze_breakout BNB DOWN
[2026-03-23T09:26:56.099Z] SIGNAL: macd_cross xyz:NATGAS BEARISH
[2026-03-23T09:26:56.219Z] SIGNAL: rsi_extreme PAXG RSI 84 OVERBOUGHT
[2026-03-23T09:26:56.219Z] SIGNAL: vwap_deviation PAXG ABOVE
[2026-03-23T09:26:56.220Z] SIGNAL: macd_cross PAXG BEARISH
[2026-03-23T09:26:56.220Z] SIGNAL: ema_cross PAXG BEARISH
[2026-03-23T09:26:56.471Z] SIGNAL: rsi_extreme AVAX RSI 78 OVERBOUGHT
[2026-03-23T09:26:56.471Z] SIGNAL: bb_squeeze_breakout AVAX UP
[2026-03-23T09:26:56.471Z] SIGNAL: ema_cross AVAX BULLISH
[2026-03-23T09:26:56.471Z] SIGNAL: macd_cross AVAX BEARISH
[2026-03-23T09:26:56.571Z] SIGNAL: macd_cross xyz:TSLA BULLISH
[2026-03-23T09:26:56.782Z] SCOUT: SKIP xyz:COPPER (1 signals) — Single weak bearish signal insufficient
[2026-03-23T09:26:56.782Z] SCOUT: SKIP xyz:COIN (1 signal, conf 55) — no confluence
[2026-03-23T09:26:56.782Z] SCOUT: SKIP xyz:ORCL (1 signal, conf 56) — no confluence
[2026-03-23T09:26:56.797Z] SIGNAL: macd_cross LINK BULLISH
[2026-03-23T09:26:56.797Z] SIGNAL: ema_cross LINK BULLISH
[2026-03-23T09:26:56.797Z] SIGNAL: rsi_extreme LINK RSI 77 OVERBOUGHT
[2026-03-23T09:26:56.797Z] SIGNAL: bb_squeeze_breakout LINK DOWN
[2026-03-23T09:26:57.032Z] SIGNAL: rsi_extreme AAVE RSI 76 OVERBOUGHT
[2026-03-23T09:26:57.032Z] SIGNAL: macd_cross AAVE BULLISH
[2026-03-23T09:26:57.032Z] SIGNAL: bb_squeeze_breakout AAVE UP
[2026-03-23T09:26:57.032Z] SIGNAL: ema_cross AAVE BULLISH
[2026-03-23T09:26:57.032Z] SIGNAL: vwap_deviation AAVE ABOVE
[2026-03-23T09:26:57.266Z] SIGNAL: rsi_extreme ENA RSI 76 OVERBOUGHT
[2026-03-23T09:26:57.266Z] SIGNAL: ema_cross ENA BULLISH
[2026-03-23T09:26:57.556Z] SIGNAL: bb_squeeze_breakout kPEPE UP
[2026-03-23T09:26:57.560Z] SIGNAL: ema_cross kPEPE BULLISH
[2026-03-23T09:26:57.560Z] SIGNAL: macd_cross kPEPE BEARISH
[2026-03-23T09:26:57.934Z] SIGNAL: rsi_extreme SEI RSI 82 OVERBOUGHT
[2026-03-23T09:26:57.934Z] SIGNAL: ema_cross SEI BULLISH
[2026-03-23T09:26:57.934Z] SIGNAL: vwap_deviation SEI ABOVE
[2026-03-23T09:26:57.935Z] SIGNAL: macd_cross SEI BULLISH
[2026-03-23T09:27:53.103Z] SCOUT: SKIP BTC (3 signals) — Contradictory signals, weak confidence across board
[2026-03-23T09:27:54.823Z] SCOUT: SKIP ETH (2 signals) — Contradictory signals, weak sentiment support
[2026-03-23T09:27:55.060Z] SIGNAL: rsi_extreme xyz:CL RSI 86 OVERBOUGHT
[2026-03-23T09:27:55.060Z] SIGNAL: ema_cross xyz:CL BULLISH
[2026-03-23T09:27:55.060Z] SIGNAL: bb_squeeze_breakout xyz:CL UP
[2026-03-23T09:27:55.316Z] SIGNAL: macd_cross xyz:SILVER BULLISH
[2026-03-23T09:27:55.318Z] SIGNAL: rsi_extreme xyz:SILVER RSI 77 OVERBOUGHT
[2026-03-23T09:27:55.864Z] SIGNAL: rsi_extreme xyz:GOLD RSI 22 OVERSOLD
[2026-03-23T09:27:55.865Z] SIGNAL: macd_cross xyz:GOLD BEARISH
[2026-03-23T09:27:56.515Z] SCOUT: SKIP HYPE (2 signals) — Single strong signal insufficient for entry
[2026-03-23T09:27:56.657Z] SIGNAL: rsi_extreme xyz:TSLA RSI 79 OVERBOUGHT
[2026-03-23T09:27:57.127Z] SIGNAL: macd_cross xyz:NVDA BULLISH
[2026-03-23T09:27:58.027Z] SCOUT: SKIP SOL (2 signals) — Contradictory signals, weak confirmation
[2026-03-23T09:27:59.798Z] SCOUT: PASS XRP (3 signals, 72%) — Strong MACD cross, aligned EMA, breakout setup [analyst buf: 1]
[2026-03-23T09:28:01.350Z] SCOUT: SKIP SUI (1 signals) — Single weak signal, neutral news backdrop
[2026-03-23T09:28:02.834Z] SCOUT: SKIP xyz:BRENTOIL (2 signals) — Overbought RSI conflicts with bearish MACD cross
[2026-03-23T09:28:04.979Z] SCOUT: SKIP DOGE (2 signals) — Contradictory signals, weak confidence
[2026-03-23T09:28:04.979Z] SCOUT: SKIP xyz:GOLD (1 signal, conf 60) — no confluence
[2026-03-23T09:28:04.979Z] SCOUT: SKIP BNB (1 signal, conf 60) — no confluence
[2026-03-23T09:28:04.979Z] SCOUT: SKIP xyz:NATGAS (1 signal, conf 57) — no confluence
[2026-03-23T09:28:06.633Z] SCOUT: SKIP PAXG (4 signals) — Contradictory signals, overbought technicals vs bullish news
[2026-03-23T09:28:08.182Z] SCOUT: SKIP AVAX (3 signals) — Contradictory signals, weak conviction
[2026-03-23T09:28:08.182Z] SCOUT: SKIP xyz:TSLA (1 signal, conf 59) — no confluence
[2026-03-23T09:28:09.943Z] SCOUT: SKIP LINK (3 signals) — Conflicting signals, weak bb_squeeze confirmation
[2026-03-23T09:28:11.562Z] SCOUT: PASS AAVE (4 signals, 79%) — Strong bullish confluence, multiple high-confidence signals [analyst buf: 2]
[2026-03-23T09:28:13.297Z] SCOUT: SKIP ENA (1 signals) — Single weak signal insufficient for trade
[2026-03-23T09:28:14.872Z] SCOUT: SKIP kPEPE (3 signals) — Contradictory signals, MACD bearish conflicts
[2026-03-23T09:28:17.102Z] SCOUT: SKIP SEI (4 signals) — RSI overbought contradicts bullish momentum signals
[2026-03-23T09:28:52.567Z] SCOUT: SKIP xyz:CL (3 signals) — RSI overbought contradicts bullish momentum signals
[2026-03-23T09:28:52.567Z] SCOUT: SKIP xyz:SILVER (1 signal, conf 58) — no confluence
[2026-03-23T09:28:52.567Z] SCOUT: SKIP xyz:GOLD (1 signal, conf 55) — no confluence
[2026-03-23T09:28:52.567Z] SCOUT: SKIP xyz:NVDA (1 signal, conf 56) — no confluence
[2026-03-23T09:28:55.030Z] SIGNAL: macd_cross xyz:CL BEARISH
[2026-03-23T09:28:55.942Z] SIGNAL: ema_cross xyz:GOLD BEARISH
[2026-03-23T09:28:56.178Z] SIGNAL: rsi_extreme xyz:NATGAS RSI 82 OVERBOUGHT
[2026-03-23T09:28:56.649Z] SIGNAL: macd_cross xyz:TSLA BULLISH
[2026-03-23T09:28:56.887Z] SIGNAL: rsi_extreme xyz:HOOD RSI 76 OVERBOUGHT
[2026-03-23T09:28:57.355Z] SIGNAL: macd_cross xyz:COIN BULLISH
[2026-03-23T09:28:57.356Z] SIGNAL: rsi_extreme xyz:COIN RSI 24 OVERSOLD
[2026-03-23T09:28:57.591Z] SIGNAL: rsi_extreme xyz:ORCL RSI 75 OVERBOUGHT
[2026-03-23T09:28:59.215Z] SIGNAL: price_breakout xyz:ORCL DOWN
[2026-03-23T09:29:19.125Z] ANALYST: processing 2 scout-passed signal groups
[2026-03-23T09:29:46.810Z] DECISION: HOLD XRP — Strategy slot full, duplicate position already open 
[2026-03-23T09:29:46.810Z] DECISION: HOLD XRP — Strategy slot full, duplicate position already open 
[2026-03-23T09:29:46.810Z] DECISION: HOLD XRP — Duplicate coin open; mixed scalping history at level 
[2026-03-23T09:29:46.810Z] DECISION: HOLD AAVE — Strategy slot full, cannot open new position 
[2026-03-23T09:29:46.810Z] DECISION: HOLD AAVE — Strategy slot full, cannot open new position 
[2026-03-23T09:29:46.810Z] DECISION: HOLD AAVE — Duplicate AAVE long already open in Scalping-v2 
[2026-03-23T09:29:50.842Z] SCOUT: SKIP xyz:CL (1 signal, conf 60) — no confluence
[2026-03-23T09:29:50.842Z] SCOUT: SKIP xyz:GOLD (1 signal, conf 58) — no confluence
[2026-03-23T09:29:53.079Z] SIGNAL: macd_cross kPEPE BULLISH
[2026-03-23T09:29:53.421Z] SCOUT: SKIP xyz:NATGAS (1 signals) — Single overbought signal, insufficient confirmation
[2026-03-23T09:29:53.421Z] SCOUT: SKIP xyz:TSLA (1 signal, conf 60) — no confluence
[2026-03-23T09:29:53.421Z] SCOUT: SKIP xyz:COIN (1 signal, conf 56) — no confluence
[2026-03-23T09:29:53.421Z] SCOUT: SKIP xyz:ORCL (1 signal, conf 55) — no confluence
[2026-03-23T09:29:55.539Z] SIGNAL: rsi_extreme xyz:BRENTOIL RSI 88 OVERBOUGHT
[2026-03-23T09:29:55.539Z] SIGNAL: macd_cross xyz:BRENTOIL BEARISH
[2026-03-23T09:29:55.796Z] SIGNAL: bb_squeeze_breakout xyz:GOLD DOWN
[2026-03-23T09:29:56.669Z] SIGNAL: rsi_extreme xyz:TSLA RSI 76 OVERBOUGHT
[2026-03-23T09:29:57.145Z] SIGNAL: rsi_extreme xyz:NVDA RSI 76 OVERBOUGHT
[2026-03-23T09:29:57.228Z] SIGNAL: macd_cross DOGE BULLISH
[2026-03-23T09:30:43.513Z] SIGNAL: price_breakout xyz:HOOD DOWN
[2026-03-23T09:30:50.841Z] SCOUT: SKIP kPEPE (1 signal, conf 58) — no confluence
[2026-03-23T09:30:52.902Z] SCOUT: SKIP xyz:BRENTOIL (2 signals) — Contradictory signals: overbought vs bearish cross
[2026-03-23T09:30:52.902Z] SCOUT: SKIP xyz:GOLD (1 signal, conf 60) — no confluence
[2026-03-23T09:30:52.902Z] SCOUT: SKIP DOGE (1 signal, conf 56) — no confluence
[2026-03-23T09:30:52.902Z] SCOUT: SKIP xyz:HOOD (1 signal, conf 60) — no confluence
[2026-03-23T09:30:55.353Z] SIGNAL: rsi_extreme xyz:CL RSI 88 OVERBOUGHT
[2026-03-23T09:30:55.353Z] SIGNAL: bb_squeeze_breakout xyz:CL UP
[2026-03-23T09:30:55.613Z] SIGNAL: rsi_extreme xyz:SILVER RSI 76 OVERBOUGHT
[2026-03-23T09:30:55.613Z] SIGNAL: macd_cross xyz:SILVER BEARISH
[2026-03-23T09:30:56.107Z] SIGNAL: rsi_extreme xyz:GOLD RSI 75 OVERBOUGHT
[2026-03-23T09:30:56.107Z] SIGNAL: macd_cross xyz:GOLD BEARISH
[2026-03-23T09:30:56.341Z] SIGNAL: rsi_extreme xyz:NATGAS RSI 81 OVERBOUGHT
[2026-03-23T09:30:56.829Z] SIGNAL: macd_cross xyz:TSLA BULLISH
[2026-03-23T09:30:57.088Z] SIGNAL: rsi_extreme xyz:HOOD RSI 76 OVERBOUGHT
[2026-03-23T09:30:57.598Z] SIGNAL: rsi_extreme xyz:COIN RSI 77 OVERBOUGHT
[2026-03-23T09:30:57.599Z] SIGNAL: macd_cross xyz:COIN BEARISH
[2026-03-23T09:30:57.832Z] SIGNAL: macd_cross xyz:ORCL BEARISH
[2026-03-23T09:30:57.833Z] SIGNAL: rsi_extreme xyz:ORCL RSI 76 OVERBOUGHT
[2026-03-23T09:31:06.793Z] SIGNAL: volume_spike PAXG 4.0x avg
[2026-03-23T09:31:18.420Z] SIGNAL: price_breakout xyz:COIN DOWN
[2026-03-23T09:31:19.749Z] SIGNAL: volume_spike AAVE 4.3x avg
[2026-03-23T09:31:32.095Z] SIGNAL: volume_spike kPEPE 4.0x avg
[2026-03-23T09:31:52.486Z] SCOUT: SKIP xyz:CL (2 signals) — Overbought RSI contradicts breakout strength
[2026-03-23T09:31:54.100Z] SCOUT: SKIP xyz:SILVER (1 signals) — Single weak signal insufficient for trade
[2026-03-23T09:31:54.100Z] SCOUT: SKIP xyz:GOLD (1 signal, conf 59) — no confluence
[2026-03-23T09:31:54.213Z] SIGNAL: rsi_extreme BTC RSI 76 OVERBOUGHT
[2026-03-23T09:31:54.213Z] SIGNAL: ema_cross BTC BEARISH
[2026-03-23T09:31:54.213Z] SIGNAL: bb_squeeze_breakout BTC DOWN
[2026-03-23T09:31:54.213Z] SIGNAL: macd_cross BTC BULLISH
[2026-03-23T09:31:54.312Z] STATUS: 26 coins | WS: OK | Positions: 6 | Tokens: $7.43 (74.3%)
[2026-03-23T09:31:54.448Z] SIGNAL: macd_cross ETH BULLISH
[2026-03-23T09:31:54.448Z] SIGNAL: ema_cross ETH BULLISH
[2026-03-23T09:31:54.448Z] SIGNAL: rsi_extreme ETH RSI 75 OVERBOUGHT
[2026-03-23T09:31:54.449Z] SIGNAL: bb_squeeze_breakout ETH DOWN
[2026-03-23T09:31:54.683Z] SIGNAL: rsi_extreme HYPE RSI 77 OVERBOUGHT
[2026-03-23T09:31:54.683Z] SIGNAL: ema_cross HYPE BULLISH
[2026-03-23T09:31:54.683Z] SIGNAL: vwap_deviation HYPE ABOVE
[2026-03-23T09:31:54.685Z] SIGNAL: macd_cross HYPE BULLISH
[2026-03-23T09:31:55.166Z] SIGNAL: rsi_extreme SOL RSI 76 OVERBOUGHT
[2026-03-23T09:31:55.166Z] SIGNAL: ema_cross SOL BULLISH
[2026-03-23T09:31:55.167Z] SIGNAL: bb_squeeze_breakout SOL DOWN
[2026-03-23T09:31:55.404Z] SIGNAL: rsi_extreme XRP RSI 80 OVERBOUGHT
[2026-03-23T09:31:55.404Z] SIGNAL: bb_squeeze_breakout XRP UP
[2026-03-23T09:31:55.686Z] SIGNAL: rsi_extreme SUI RSI 79 OVERBOUGHT
[2026-03-23T09:31:55.686Z] SIGNAL: bb_squeeze_breakout SUI UP
[2026-03-23T09:31:55.686Z] SIGNAL: macd_cross SUI BEARISH
[2026-03-23T09:31:55.809Z] SIGNAL: rsi_extreme xyz:BRENTOIL RSI 79 OVERBOUGHT
[2026-03-23T09:31:55.810Z] SIGNAL: macd_cross xyz:BRENTOIL BULLISH
[2026-03-23T09:31:56.041Z] SIGNAL: rsi_extreme DOGE RSI 76 OVERBOUGHT
[2026-03-23T09:31:56.229Z] SCOUT: SKIP xyz:NATGAS (1 signals) — Single overbought signal only, insufficient
[2026-03-23T09:31:56.229Z] SCOUT: SKIP xyz:TSLA (1 signal, conf 59) — no confluence
[2026-03-23T09:31:56.276Z] SIGNAL: rsi_extreme BNB RSI 77 OVERBOUGHT
[2026-03-23T09:31:56.277Z] SIGNAL: bb_squeeze_breakout BNB DOWN
[2026-03-23T09:31:56.511Z] SIGNAL: rsi_extreme PAXG RSI 83 OVERBOUGHT
[2026-03-23T09:31:56.511Z] SIGNAL: vwap_deviation PAXG ABOVE
[2026-03-23T09:31:56.511Z] SIGNAL: ema_cross PAXG BEARISH
[2026-03-23T09:31:56.512Z] SIGNAL: macd_cross PAXG BULLISH
[2026-03-23T09:31:56.538Z] SIGNAL: macd_cross xyz:COPPER BEARISH
[2026-03-23T09:31:56.745Z] SIGNAL: rsi_extreme AVAX RSI 79 OVERBOUGHT
[2026-03-23T09:31:56.745Z] SIGNAL: bb_squeeze_breakout AVAX UP
[2026-03-23T09:31:56.745Z] SIGNAL: ema_cross AVAX BULLISH
[2026-03-23T09:31:56.745Z] SIGNAL: macd_cross AVAX BEARISH
[2026-03-23T09:31:56.781Z] SIGNAL: rsi_extreme xyz:TSLA RSI 78 OVERBOUGHT
[2026-03-23T09:31:56.984Z] SIGNAL: rsi_extreme LINK RSI 79 OVERBOUGHT
[2026-03-23T09:31:56.984Z] SIGNAL: macd_cross LINK BEARISH
[2026-03-23T09:31:56.984Z] SIGNAL: bb_squeeze_breakout LINK DOWN
[2026-03-23T09:31:57.218Z] SIGNAL: rsi_extreme AAVE RSI 78 OVERBOUGHT
[2026-03-23T09:31:57.218Z] SIGNAL: bb_squeeze_breakout AAVE UP
[2026-03-23T09:31:57.218Z] SIGNAL: ema_cross AAVE BULLISH
[2026-03-23T09:31:57.218Z] SIGNAL: vwap_deviation AAVE ABOVE
[2026-03-23T09:31:57.219Z] SIGNAL: macd_cross AAVE BEARISH
[2026-03-23T09:31:57.287Z] SIGNAL: rsi_extreme xyz:NVDA RSI 75 OVERBOUGHT
[2026-03-23T09:31:57.469Z] SIGNAL: rsi_extreme ENA RSI 80 OVERBOUGHT
[2026-03-23T09:31:57.469Z] SIGNAL: ema_cross ENA BULLISH
[2026-03-23T09:31:57.469Z] SIGNAL: vwap_deviation ENA ABOVE
[2026-03-23T09:31:57.469Z] SIGNAL: macd_cross ENA BEARISH
[2026-03-23T09:31:57.664Z] SCOUT: SKIP xyz:COIN (2 signals) — Weak signals, low confidence, bearish bias
[2026-03-23T09:31:57.664Z] SCOUT: SKIP xyz:ORCL (1 signal, conf 59) — no confluence
[2026-03-23T09:31:57.703Z] SIGNAL: rsi_extreme kPEPE RSI 79 OVERBOUGHT
[2026-03-23T09:31:57.703Z] SIGNAL: bb_squeeze_breakout kPEPE UP
[2026-03-23T09:31:57.703Z] SIGNAL: ema_cross kPEPE BULLISH
[2026-03-23T09:31:57.703Z] SIGNAL: macd_cross kPEPE BEARISH
[2026-03-23T09:31:57.938Z] SIGNAL: rsi_extreme SEI RSI 82 OVERBOUGHT
[2026-03-23T09:31:57.938Z] SIGNAL: ema_cross SEI BULLISH
[2026-03-23T09:31:57.938Z] SIGNAL: vwap_deviation SEI ABOVE
[2026-03-23T09:31:57.938Z] SIGNAL: macd_cross SEI BEARISH
[2026-03-23T09:32:52.573Z] SCOUT: SKIP BTC (3 signals) — Contradictory signals, weak confidence spread
[2026-03-23T09:32:54.156Z] SCOUT: SKIP ETH (3 signals) — Contradictory signals, bb_squeeze DOWN conflicts
[2026-03-23T09:32:55.675Z] SCOUT: PASS HYPE (3 signals, 71%) — Strong EMA cross with aligned MACD confirmation [analyst buf: 1]
[2026-03-23T09:32:56.069Z] SIGNAL: volume_spike XRP 4.8x avg
[2026-03-23T09:32:57.141Z] SIGNAL: macd_cross xyz:NVDA BULLISH
[2026-03-23T09:32:57.166Z] SCOUT: SKIP SOL (2 signals) — Contradictory signals, weak confluence
[2026-03-23T09:32:58.945Z] SCOUT: SKIP XRP (2 signals) — Overbought RSI contradicts breakout bullishness
[2026-03-23T09:33:00.694Z] SCOUT: SKIP SUI (2 signals) — Contradictory signals, weak confidence levels
[2026-03-23T09:33:00.694Z] SCOUT: SKIP xyz:BRENTOIL (1 signal, conf 56) — no confluence
[2026-03-23T09:33:00.694Z] SCOUT: SKIP BNB (1 signal, conf 60) — no confluence
[2026-03-23T09:33:02.405Z] SCOUT: SKIP PAXG (4 signals) — Contradictory signals, overbought RSI warns
[2026-03-23T09:33:02.405Z] SCOUT: SKIP xyz:COPPER (1 signal, conf 64) — no confluence
[2026-03-23T09:33:04.123Z] SCOUT: SKIP AVAX (3 signals) — Contradictory signals, weak conviction
[2026-03-23T09:33:06.661Z] SCOUT: SKIP LINK (2 signals) — Weak signals, bearish bias lacks conviction
[2026-03-23T09:33:08.013Z] SCOUT: SKIP AAVE (4 signals) — Bullish signals contradicted by bearish MACD
[2026-03-23T09:33:09.551Z] SCOUT: SKIP ENA (4 signals) — Contradictory signals: bullish EMA vs bearish MACD
[2026-03-23T09:33:11.742Z] SCOUT: SKIP kPEPE (3 signals) — Contradictory signals, MACD bearish conflicts
[2026-03-23T09:33:13.264Z] SCOUT: SKIP SEI (4 signals) — Overbought RSI contradicts bullish EMA cross
[2026-03-23T09:33:14.534Z] SIGNAL: volume_spike ETH 4.1x avg
[2026-03-23T09:33:40.969Z] SIGNAL: macd_cross XRP BEARISH
[2026-03-23T09:33:49.127Z] ANALYST: processing 1 scout-passed signal groups
[2026-03-23T09:33:50.806Z] SCOUT: SKIP xyz:NVDA (1 signal, conf 60) — no confluence
[2026-03-23T09:33:50.806Z] SCOUT: SKIP XRP (1 signal, conf 55) — no confluence
[2026-03-23T09:33:55.021Z] SIGNAL: rsi_extreme xyz:CL RSI 81 OVERBOUGHT
[2026-03-23T09:33:55.022Z] SIGNAL: macd_cross xyz:CL BULLISH
[2026-03-23T09:33:55.282Z] SIGNAL: macd_cross xyz:SILVER BULLISH
[2026-03-23T09:33:55.283Z] SIGNAL: rsi_extreme xyz:SILVER RSI 77 OVERBOUGHT
[2026-03-23T09:33:55.775Z] SIGNAL: rsi_extreme xyz:GOLD RSI 24 OVERSOLD
[2026-03-23T09:33:55.776Z] SIGNAL: macd_cross xyz:GOLD BEARISH
[2026-03-23T09:33:56.103Z] SIGNAL: rsi_extreme xyz:NATGAS RSI 77 OVERBOUGHT
[2026-03-23T09:33:57.054Z] SIGNAL: rsi_extreme xyz:TSLA RSI 80 OVERBOUGHT
[2026-03-23T09:33:57.054Z] SIGNAL: macd_cross xyz:TSLA BULLISH
[2026-03-23T09:33:57.302Z] SIGNAL: rsi_extreme xyz:HOOD RSI 76 OVERBOUGHT
[2026-03-23T09:33:57.870Z] SIGNAL: macd_cross xyz:COIN BULLISH
[2026-03-23T09:33:57.870Z] SIGNAL: ema_cross xyz:COIN BULLISH
[2026-03-23T09:33:57.872Z] SIGNAL: rsi_extreme xyz:COIN RSI 25 OVERSOLD
[2026-03-23T09:33:58.106Z] SIGNAL: rsi_extreme xyz:ORCL RSI 23 OVERSOLD
[2026-03-23T09:34:02.112Z] SIGNAL: macd_cross AAVE BEARISH
[2026-03-23T09:34:04.800Z] SIGNAL: rsi_extreme kPEPE RSI 24 OVERSOLD
[2026-03-23T09:34:12.033Z] DECISION: HOLD HYPE — Strategy at max capacity, 2/2 positions full 
[2026-03-23T09:34:12.033Z] DECISION: HOLD HYPE — Strategy at max capacity, 2/2 positions full 
[2026-03-23T09:34:12.033Z] DECISION: HOLD HYPE — Duplicate HYPE long already open in Scalping-v2 
[2026-03-23T09:34:13.953Z] SIGNAL: rsi_extreme SEI RSI 25 OVERSOLD
[2026-03-23T09:34:24.219Z] SIGNAL: rsi_extreme LINK RSI 25 OVERSOLD
[2026-03-23T09:34:40.749Z] SIGNAL: macd_cross ENA BEARISH
[2026-03-23T09:34:51.933Z] SCOUT: SKIP xyz:CL (2 signals) — Overbought RSI contradicts bullish MACD
[2026-03-23T09:34:51.933Z] SCOUT: SKIP xyz:SILVER (1 signal, conf 57) — no confluence
[2026-03-23T09:34:51.933Z] SCOUT: SKIP xyz:GOLD (1 signal, conf 59) — no confluence
[2026-03-23T09:34:53.407Z] SCOUT: SKIP xyz:TSLA (1 signals) — Single weak signal insufficient for action
[2026-03-23T09:34:55.021Z] SIGNAL: bb_squeeze_breakout xyz:CL UP
[2026-03-23T09:34:55.284Z] SCOUT: SKIP xyz:COIN (2 signals) — Low EMA confidence, macd stronger but insufficient alone
[2026-03-23T09:34:55.284Z] SCOUT: SKIP AAVE (1 signal, conf 57) — no confluence
[2026-03-23T09:34:55.284Z] SCOUT: SKIP ENA (1 signal, conf 60) — no confluence
[2026-03-23T09:34:55.611Z] SIGNAL: macd_cross xyz:BRENTOIL BULLISH
[2026-03-23T09:34:55.611Z] SIGNAL: rsi_extreme xyz:BRENTOIL RSI 79 OVERBOUGHT
[2026-03-23T09:34:57.126Z] SIGNAL: macd_cross xyz:HOOD BULLISH
[2026-03-23T09:34:57.370Z] SIGNAL: macd_cross xyz:NVDA BULLISH
[2026-03-23T09:34:57.371Z] SIGNAL: rsi_extreme xyz:NVDA RSI 21 OVERSOLD
[2026-03-23T09:35:06.027Z] SIGNAL: rsi_extreme AVAX RSI 24 OVERSOLD
[2026-03-23T09:35:06.867Z] SIGNAL: rsi_extreme AAVE RSI 25 OVERSOLD
[2026-03-23T09:35:26.952Z] SIGNAL: rsi_extreme SOL RSI 25 OVERSOLD
[2026-03-23T09:35:29.469Z] SIGNAL: rsi_extreme DOGE RSI 24 OVERSOLD
[2026-03-23T09:35:33.683Z] SIGNAL: macd_cross DOGE BEARISH
[2026-03-23T09:35:50.860Z] SCOUT: SKIP xyz:CL (1 signal, conf 60) — no confluence
[2026-03-23T09:35:50.860Z] SCOUT: SKIP xyz:BRENTOIL (1 signal, conf 59) — no confluence
[2026-03-23T09:35:50.860Z] SCOUT: SKIP xyz:HOOD (1 signal, conf 62) — no confluence
[2026-03-23T09:35:50.860Z] SCOUT: SKIP xyz:NVDA (1 signal, conf 63) — no confluence
[2026-03-23T09:35:50.860Z] SCOUT: SKIP DOGE (1 signal, conf 55) — no confluence
[2026-03-23T09:35:55.024Z] SIGNAL: rsi_extreme xyz:CL RSI 85 OVERBOUGHT
[2026-03-23T09:35:55.024Z] SIGNAL: macd_cross xyz:CL BEARISH
[2026-03-23T09:35:55.282Z] SIGNAL: macd_cross xyz:SILVER BEARISH
[2026-03-23T09:35:55.283Z] SIGNAL: rsi_extreme xyz:SILVER RSI 77 OVERBOUGHT
[2026-03-23T09:35:55.772Z] SIGNAL: ema_cross xyz:GOLD BEARISH
[2026-03-23T09:35:55.775Z] SIGNAL: rsi_extreme xyz:GOLD RSI 78 OVERBOUGHT
[2026-03-23T09:36:03.125Z] SIGNAL: rsi_extreme BTC RSI 25 OVERSOLD
[2026-03-23T09:36:15.534Z] SIGNAL: volume_spike SEI 4.6x avg
[2026-03-23T09:36:33.677Z] SIGNAL: macd_cross PAXG BEARISH
[2026-03-23T09:36:52.879Z] SCOUT: SKIP xyz:CL (2 signals) — Contradictory signals: overbought vs bearish cross
[2026-03-23T09:36:52.879Z] SCOUT: SKIP xyz:SILVER (1 signal, conf 56) — no confluence
[2026-03-23T09:36:52.879Z] SCOUT: SKIP xyz:GOLD (1 signal, conf 61) — no confluence
[2026-03-23T09:36:52.879Z] SCOUT: SKIP PAXG (1 signal, conf 56) — no confluence
[2026-03-23T09:36:54.213Z] SIGNAL: ema_cross BTC BEARISH
[2026-03-23T09:36:54.214Z] SIGNAL: bb_squeeze_breakout BTC DOWN
[2026-03-23T09:36:54.214Z] SIGNAL: macd_cross BTC BULLISH
[2026-03-23T09:36:54.313Z] STATUS: 26 coins | WS: OK | Positions: 6 | Tokens: $7.48 (74.8%)
[2026-03-23T09:36:54.448Z] SIGNAL: macd_cross ETH BULLISH
[2026-03-23T09:36:54.449Z] SIGNAL: rsi_extreme ETH RSI 21 OVERSOLD
[2026-03-23T09:36:54.449Z] SIGNAL: bb_squeeze_breakout ETH DOWN
[2026-03-23T09:36:54.683Z] SIGNAL: rsi_extreme HYPE RSI 78 OVERBOUGHT
[2026-03-23T09:36:54.683Z] SIGNAL: ema_cross HYPE BULLISH
[2026-03-23T09:36:54.683Z] SIGNAL: vwap_deviation HYPE ABOVE
[2026-03-23T09:36:54.684Z] SIGNAL: macd_cross HYPE BEARISH
[2026-03-23T09:36:54.917Z] SIGNAL: macd_cross SOL BULLISH
[2026-03-23T09:36:54.918Z] SIGNAL: bb_squeeze_breakout SOL DOWN
[2026-03-23T09:36:55.021Z] SIGNAL: bb_squeeze_breakout xyz:CL UP
[2026-03-23T09:36:55.184Z] SIGNAL: rsi_extreme XRP RSI 76 OVERBOUGHT
[2026-03-23T09:36:55.184Z] SIGNAL: macd_cross XRP BULLISH
[2026-03-23T09:36:55.184Z] SIGNAL: bb_squeeze_breakout XRP UP
[2026-03-23T09:36:55.184Z] SIGNAL: ema_cross XRP BULLISH
[2026-03-23T09:36:55.418Z] SIGNAL: macd_cross SUI BULLISH
[2026-03-23T09:36:55.418Z] SIGNAL: bb_squeeze_breakout SUI UP
[2026-03-23T09:36:55.418Z] SIGNAL: rsi_extreme SUI RSI 76 OVERBOUGHT
[2026-03-23T09:36:55.419Z] SIGNAL: ema_cross SUI BEARISH
[2026-03-23T09:36:55.652Z] SIGNAL: ema_cross DOGE BULLISH
[2026-03-23T09:36:55.743Z] SIGNAL: bb_squeeze_breakout xyz:GOLD DOWN
[2026-03-23T09:36:55.744Z] SIGNAL: macd_cross xyz:GOLD BULLISH
[2026-03-23T09:36:55.885Z] SIGNAL: macd_cross BNB BULLISH
[2026-03-23T09:36:55.889Z] SIGNAL: rsi_extreme BNB RSI 75 OVERBOUGHT
[2026-03-23T09:36:55.890Z] SIGNAL: ema_cross BNB BEARISH
[2026-03-23T09:36:55.890Z] SIGNAL: bb_squeeze_breakout BNB DOWN
[2026-03-23T09:36:55.984Z] SIGNAL: rsi_extreme xyz:NATGAS RSI 24 OVERSOLD
[2026-03-23T09:36:56.125Z] SIGNAL: rsi_extreme PAXG RSI 77 OVERBOUGHT
[2026-03-23T09:36:56.125Z] SIGNAL: vwap_deviation PAXG ABOVE
[2026-03-23T09:36:56.367Z] SIGNAL: macd_cross AVAX BULLISH
[2026-03-23T09:36:56.367Z] SIGNAL: ema_cross AVAX BULLISH
[2026-03-23T09:36:56.368Z] SIGNAL: bb_squeeze_breakout AVAX DOWN
[2026-03-23T09:36:56.452Z] SIGNAL: macd_cross xyz:TSLA BULLISH
[2026-03-23T09:36:56.453Z] SIGNAL: rsi_extreme xyz:TSLA RSI 22 OVERSOLD
[2026-03-23T09:36:56.601Z] SIGNAL: macd_cross LINK BULLISH
[2026-03-23T09:36:56.601Z] SIGNAL: bb_squeeze_breakout LINK UP
[2026-03-23T09:36:56.601Z] SIGNAL: ema_cross LINK BULLISH
[2026-03-23T09:36:56.601Z] SIGNAL: rsi_extreme LINK RSI 76 OVERBOUGHT
[2026-03-23T09:36:56.808Z] SIGNAL: rsi_extreme xyz:HOOD RSI 75 OVERBOUGHT
[2026-03-23T09:36:56.929Z] SIGNAL: macd_cross AAVE BULLISH
[2026-03-23T09:36:56.929Z] SIGNAL: ema_cross AAVE BULLISH
[2026-03-23T09:36:56.929Z] SIGNAL: vwap_deviation AAVE ABOVE
[2026-03-23T09:36:57.274Z] SIGNAL: macd_cross xyz:COIN BULLISH
[2026-03-23T09:36:57.276Z] SIGNAL: rsi_extreme xyz:COIN RSI 25 OVERSOLD
[2026-03-23T09:36:57.377Z] SIGNAL: rsi_extreme ENA RSI 78 OVERBOUGHT
[2026-03-23T09:36:57.377Z] SIGNAL: macd_cross ENA BULLISH
[2026-03-23T09:36:57.377Z] SIGNAL: ema_cross ENA BULLISH
[2026-03-23T09:36:57.377Z] SIGNAL: vwap_deviation ENA ABOVE
[2026-03-23T09:36:57.510Z] SIGNAL: rsi_extreme xyz:ORCL RSI 23 OVERSOLD
[2026-03-23T09:36:57.611Z] SIGNAL: macd_cross kPEPE BULLISH
[2026-03-23T09:36:57.611Z] SIGNAL: ema_cross kPEPE BULLISH
[2026-03-23T09:36:57.611Z] SIGNAL: rsi_extreme kPEPE RSI 79 OVERBOUGHT
[2026-03-23T09:36:58.328Z] SIGNAL: rsi_extreme SEI RSI 80 OVERBOUGHT
[2026-03-23T09:36:58.329Z] SIGNAL: macd_cross SEI BULLISH
[2026-03-23T09:36:58.329Z] SIGNAL: vwap_deviation SEI ABOVE
[2026-03-23T09:36:58.329Z] SIGNAL: ema_cross SEI BULLISH
[2026-03-23T09:37:45.587Z] SIGNAL: macd_cross DOGE BEARISH
[2026-03-23T09:37:52.636Z] SCOUT: SKIP BTC (3 signals) — Contradictory signals, bearish momentum dominates
[2026-03-23T09:37:54.113Z] SCOUT: SKIP ETH (2 signals) — Contradictory signals, neutral sentiment
[2026-03-23T09:37:55.024Z] SIGNAL: rsi_extreme xyz:CL RSI 77 OVERBOUGHT
[2026-03-23T09:37:55.515Z] SIGNAL: rsi_extreme xyz:BRENTOIL RSI 82 OVERBOUGHT
[2026-03-23T09:37:55.515Z] SIGNAL: macd_cross xyz:BRENTOIL BULLISH
[2026-03-23T09:37:55.755Z] SCOUT: SKIP HYPE (3 signals) — Contradictory signals: bullish EMA cross vs bearish MACD
[2026-03-23T09:37:56.726Z] SIGNAL: macd_cross xyz:HOOD BULLISH
[2026-03-23T09:37:56.961Z] SIGNAL: macd_cross xyz:NVDA BULLISH
[2026-03-23T09:37:56.963Z] SIGNAL: rsi_extreme xyz:NVDA RSI 21 OVERSOLD
[2026-03-23T09:37:57.196Z] SIGNAL: ema_cross xyz:COIN BULLISH
[2026-03-23T09:37:57.629Z] SCOUT: SKIP SOL (2 signals) — Contradictory signals, weak BB confidence
[2026-03-23T09:37:57.629Z] SCOUT: SKIP xyz:CL (1 signal, conf 61) — no confluence
[2026-03-23T09:37:59.420Z] SCOUT: PASS XRP (3 signals, 72%) — Strong bullish convergence, all signals aligned [analyst buf: 1]
[2026-03-23T09:38:00.948Z] SCOUT: SKIP SUI (3 signals) — Conflicting signals: bullish vs bearish crossovers
[2026-03-23T09:38:03.051Z] SCOUT: SKIP DOGE (2 signals) — Contradictory signals, weak confidence spread
[2026-03-23T09:38:04.597Z] SCOUT: SKIP xyz:GOLD (2 signals) — Contradictory signals, weak confidence levels
[2026-03-23T09:38:06.318Z] SCOUT: SKIP BNB (3 signals) — Conflicting signals, weak BB squeeze confirmation
[2026-03-23T09:38:06.318Z] SCOUT: SKIP PAXG (1 signal, conf 63) — no confluence
[2026-03-23T09:38:08.156Z] SCOUT: SKIP AVAX (3 signals) — Bullish signals contradicted by bearish breakdown
[2026-03-23T09:38:09.721Z] SCOUT: SKIP xyz:TSLA (1 signals) — Single weak signal insufficient for trade
[2026-03-23T09:38:11.987Z] SCOUT: PASS LINK (3 signals, 68%) — Strong MACD cross, supported by EMA and breakout [analyst buf: 2]
[2026-03-23T09:38:13.410Z] SCOUT: PASS AAVE (3 signals, 82%) — Strong bullish momentum, EMA and MACD aligned [analyst buf: 3]
[2026-03-23T09:38:15.697Z] SCOUT: SKIP xyz:COIN (1 signals) — Single weak signal insufficient for trade entry
[2026-03-23T09:38:17.299Z] SCOUT: PASS ENA (3 signals, 71%) — Strong bullish confluence, MACD-EMA alignment [analyst buf: 4]
[2026-03-23T09:38:19.027Z] SCOUT: SKIP kPEPE (2 signals) — Single strong signal insufficient without confirmation
[2026-03-23T09:38:19.127Z] ANALYST: processing 4 scout-passed signal groups
[2026-03-23T09:38:20.667Z] SCOUT: SKIP SEI (4 signals) — RSI overbought contradicts bullish momentum signals
[2026-03-23T09:38:33.907Z] SIGNAL: macd_cross PAXG BEARISH
[2026-03-23T09:38:52.581Z] SCOUT: SKIP xyz:BRENTOIL (2 signals) — Overbought RSI contradicts bullish MACD signal
[2026-03-23T09:38:53.157Z] SIGNAL: rsi_extreme BTC RSI 25 OVERSOLD
[2026-03-23T09:38:54.173Z] SCOUT: SKIP xyz:HOOD (1 signals) — Single weak signal, insufficient confluence
[2026-03-23T09:38:55.296Z] SIGNAL: macd_cross xyz:SILVER BULLISH
[2026-03-23T09:38:55.299Z] SIGNAL: rsi_extreme xyz:SILVER RSI 77 OVERBOUGHT
[2026-03-23T09:38:55.791Z] SIGNAL: rsi_extreme xyz:GOLD RSI 18 OVERSOLD
[2026-03-23T09:38:55.792Z] SIGNAL: bb_squeeze_breakout xyz:GOLD DOWN
[2026-03-23T09:38:55.792Z] SIGNAL: macd_cross xyz:GOLD BULLISH
[2026-03-23T09:38:56.026Z] SIGNAL: rsi_extreme xyz:NATGAS RSI 24 OVERSOLD
[2026-03-23T09:38:56.072Z] SCOUT: SKIP xyz:NVDA (1 signals) — Single weak signal insufficient for trade
[2026-03-23T09:38:56.072Z] SCOUT: SKIP xyz:COIN (1 signal, conf 56) — no confluence
[2026-03-23T09:38:56.502Z] SIGNAL: macd_cross xyz:TSLA BULLISH
[2026-03-23T09:38:56.502Z] SIGNAL: ema_cross xyz:TSLA BULLISH
[2026-03-23T09:38:56.503Z] SIGNAL: rsi_extreme xyz:TSLA RSI 22 OVERSOLD
[2026-03-23T09:38:58.409Z] SCOUT: SKIP PAXG (1 signals) — Single bearish signal contradicts bullish news
[2026-03-23T09:39:02.514Z] DECISION: HOLD XRP — Duplicate: XRP Sentiment-v2 position already open 
[2026-03-23T09:39:02.514Z] DECISION: HOLD XRP — Whale signal absent; Copytrading-v2 full capacity 
[2026-03-23T09:39:02.514Z] DECISION: [Scalping-v2] RISK_BLOCKED XRP — Confidence 57% < 70% 
[2026-03-23T09:39:02.514Z] DECISION: HOLD LINK — Scout confidence 68% below required 70% threshold 
[2026-03-23T09:39:02.514Z] DECISION: HOLD LINK — Scout confidence 68% below required 70% threshold 
[2026-03-23T09:39:02.514Z] DECISION: HOLD LINK — Scout confidence 68% below required 70% threshold 
[2026-03-23T09:39:02.514Z] DECISION: HOLD AAVE — Sentiment-v2 at max capacity 2/2 positions 
[2026-03-23T09:39:02.514Z] DECISION: HOLD AAVE — Copytrading-v2 at max capacity 2/2 positions 
[2026-03-23T09:39:51.316Z] SCOUT: SKIP xyz:SILVER (1 signal, conf 60) — no confluence
[2026-03-23T09:39:52.880Z] SCOUT: SKIP xyz:GOLD (3 signals) — Contradictory signals: bullish MACD vs bearish BB breakdown
[2026-03-23T09:39:54.713Z] SCOUT: PASS xyz:TSLA (2 signals, 75%) — Strong MACD cross, EMA support confirms [analyst buf: 1]
[2026-03-23T09:39:55.389Z] SIGNAL: rsi_extreme xyz:CL RSI 78 OVERBOUGHT
[2026-03-23T09:39:55.773Z] SIGNAL: volume_spike ENA 4.1x avg
[2026-03-23T09:39:55.912Z] SIGNAL: rsi_extreme xyz:BRENTOIL RSI 85 OVERBOUGHT
[2026-03-23T09:39:56.235Z] SIGNAL: ema_cross xyz:GOLD BEARISH
[2026-03-23T09:39:57.224Z] SIGNAL: macd_cross xyz:HOOD BULLISH
[2026-03-23T09:39:57.225Z] SIGNAL: rsi_extreme xyz:HOOD RSI 76 OVERBOUGHT
[2026-03-23T09:39:57.460Z] SIGNAL: macd_cross xyz:NVDA BULLISH
[2026-03-23T09:39:57.462Z] SIGNAL: rsi_extreme xyz:NVDA RSI 21 OVERSOLD
[2026-03-23T09:39:57.702Z] SIGNAL: macd_cross xyz:COIN BULLISH
[2026-03-23T09:39:57.702Z] SIGNAL: ema_cross xyz:COIN BULLISH
[2026-03-23T09:39:57.704Z] SIGNAL: rsi_extreme xyz:COIN RSI 25 OVERSOLD
[2026-03-23T09:39:57.938Z] SIGNAL: rsi_extreme xyz:ORCL RSI 24 OVERSOLD
[2026-03-23T09:40:52.672Z] SCOUT: SKIP xyz:BRENTOIL (1 signals) — Single weak overbought signal, insufficient confirmation
[2026-03-23T09:40:52.672Z] SCOUT: SKIP xyz:GOLD (1 signal, conf 55) — no confluence
[2026-03-23T09:40:54.581Z] SCOUT: SKIP xyz:HOOD (1 signals) — Single weak signal insufficient for trade
[2026-03-23T09:40:56.018Z] SIGNAL: macd_cross xyz:SILVER BULLISH
[2026-03-23T09:40:56.019Z] SIGNAL: rsi_extreme xyz:SILVER RSI 77 OVERBOUGHT
[2026-03-23T09:40:56.553Z] SIGNAL: macd_cross xyz:GOLD BULLISH
[2026-03-23T09:40:56.554Z] SIGNAL: rsi_extreme xyz:GOLD RSI 75 OVERBOUGHT
[2026-03-23T09:40:56.555Z] SIGNAL: bb_squeeze_breakout xyz:GOLD DOWN
[2026-03-23T09:40:56.788Z] SIGNAL: rsi_extreme xyz:NATGAS RSI 24 OVERSOLD
[2026-03-23T09:40:57.270Z] SIGNAL: macd_cross xyz:TSLA BULLISH
[2026-03-23T09:40:57.272Z] SIGNAL: rsi_extreme xyz:TSLA RSI 22 OVERSOLD
[2026-03-23T09:40:59.191Z] SCOUT: SKIP xyz:NVDA (1 signals) — Single signal insufficient for trade entry
[2026-03-23T09:41:01.426Z] SCOUT: PASS xyz:COIN (2 signals, 75%) — Strong MACD cross, EMA confirms bullish [analyst buf: 2]
[2026-03-23T09:41:19.128Z] ANALYST: processing 2 scout-passed signal groups
[2026-03-23T09:41:52.536Z] SCOUT: SKIP xyz:SILVER (1 signals) — Single weak signal, insufficient confirmation
[2026-03-23T09:41:54.302Z] SCOUT: SKIP xyz:GOLD (2 signals) — Contradictory signals, weak confidence levels
[2026-03-23T09:41:54.313Z] STATUS: 26 coins | WS: OK | Positions: 6 | Tokens: $7.60 (76.0%)
[2026-03-23T09:41:54.371Z] SIGNAL: rsi_extreme BTC RSI 76 OVERBOUGHT
[2026-03-23T09:41:54.372Z] SIGNAL: ema_cross BTC BEARISH
[2026-03-23T09:41:54.372Z] SIGNAL: bb_squeeze_breakout BTC DOWN
[2026-03-23T09:41:54.372Z] SIGNAL: macd_cross BTC BULLISH
[2026-03-23T09:41:54.606Z] SIGNAL: macd_cross ETH BULLISH
[2026-03-23T09:41:54.606Z] SIGNAL: rsi_extreme ETH RSI 76 OVERBOUGHT
[2026-03-23T09:41:54.607Z] SIGNAL: bb_squeeze_breakout ETH DOWN
[2026-03-23T09:41:54.691Z] DECISION: [Scalping-v2] BUY xyz:TSLA — MACD 83% + EMA support, BTC macro tailwind (EXECUTED)
[2026-03-23T09:41:54.691Z] DECISION: HOLD xyz:TSLA — No sentiment or whale data for sent-dominant strategy 
[2026-03-23T09:41:54.691Z] DECISION: HOLD xyz:TSLA — Missing whale data, core 55% weight unconfirmed 
[2026-03-23T09:41:54.691Z] DECISION: HOLD xyz:COIN — Choppy history at this price, no sentiment confirm 
[2026-03-23T09:41:54.691Z] DECISION: HOLD xyz:COIN — Strategy at max capacity 2/2, no whale data 
[2026-03-23T09:41:54.691Z] DECISION: HOLD xyz:COIN — Strategy at max capacity 2/2, no whale signal 
[2026-03-23T09:41:54.748Z] FILL: Open Long xyz:TSLA 0.209@358.16 PnL=0.0
[2026-03-23T09:41:54.748Z] ORDER: B xyz:TSLA status=open
[2026-03-23T09:41:54.748Z] ORDER: B xyz:TSLA status=filled
[2026-03-23T09:41:54.838Z] SIGNAL: rsi_extreme HYPE RSI 77 OVERBOUGHT
[2026-03-23T09:41:54.838Z] SIGNAL: ema_cross HYPE BULLISH
[2026-03-23T09:41:54.839Z] SIGNAL: vwap_deviation HYPE ABOVE
[2026-03-23T09:41:54.839Z] SIGNAL: macd_cross HYPE BEARISH
[2026-03-23T09:41:55.073Z] SIGNAL: macd_cross SOL BULLISH
[2026-03-23T09:41:55.073Z] SIGNAL: ema_cross SOL BULLISH
[2026-03-23T09:41:55.073Z] SIGNAL: rsi_extreme SOL RSI 75 OVERBOUGHT
[2026-03-23T09:41:55.073Z] SIGNAL: bb_squeeze_breakout SOL DOWN
[2026-03-23T09:41:55.267Z] SIGNAL: ema_cross xyz:SILVER BULLISH
[2026-03-23T09:41:55.309Z] SIGNAL: rsi_extreme XRP RSI 77 OVERBOUGHT
[2026-03-23T09:41:55.309Z] SIGNAL: macd_cross XRP BULLISH
[2026-03-23T09:41:55.309Z] SIGNAL: ema_cross XRP BULLISH
[2026-03-23T09:41:55.576Z] SIGNAL: rsi_extreme SUI RSI 78 OVERBOUGHT
[2026-03-23T09:41:55.576Z] SIGNAL: ema_cross SUI BULLISH
[2026-03-23T09:41:55.576Z] SIGNAL: bb_squeeze_breakout SUI UP
[2026-03-23T09:41:55.576Z] SIGNAL: macd_cross SUI BEARISH
[2026-03-23T09:41:55.579Z] SIGNAL: macd_cross xyz:BRENTOIL BULLISH
[2026-03-23T09:41:56.124Z] SCOUT: SKIP xyz:TSLA (1 signals) — Single signal insufficient for trade entry
[2026-03-23T09:41:56.430Z] SIGNAL: rsi_extreme DOGE RSI 75 OVERBOUGHT
[2026-03-23T09:41:56.430Z] SIGNAL: macd_cross DOGE BEARISH
[2026-03-23T09:41:56.663Z] SIGNAL: macd_cross BNB BULLISH
[2026-03-23T09:41:56.663Z] SIGNAL: rsi_extreme BNB RSI 76 OVERBOUGHT
[2026-03-23T09:41:56.663Z] SIGNAL: ema_cross BNB BEARISH
[2026-03-23T09:41:56.663Z] SIGNAL: bb_squeeze_breakout BNB DOWN
[2026-03-23T09:41:56.901Z] SIGNAL: macd_cross PAXG BULLISH
[2026-03-23T09:41:56.901Z] SIGNAL: vwap_deviation PAXG ABOVE
[2026-03-23T09:41:56.902Z] SIGNAL: ema_cross PAXG BEARISH
[2026-03-23T09:41:56.902Z] SIGNAL: rsi_extreme PAXG RSI 18 OVERSOLD
[2026-03-23T09:41:57.136Z] SIGNAL: rsi_extreme AVAX RSI 77 OVERBOUGHT
[2026-03-23T09:41:57.136Z] SIGNAL: ema_cross AVAX BULLISH
[2026-03-23T09:41:57.136Z] SIGNAL: macd_cross AVAX BEARISH
[2026-03-23T09:41:57.136Z] SIGNAL: bb_squeeze_breakout AVAX DOWN
[2026-03-23T09:41:57.412Z] SIGNAL: macd_cross LINK BULLISH
[2026-03-23T09:41:57.412Z] SIGNAL: ema_cross LINK BULLISH
[2026-03-23T09:41:57.412Z] SIGNAL: rsi_extreme LINK RSI 77 OVERBOUGHT
[2026-03-23T09:41:57.413Z] SIGNAL: bb_squeeze_breakout LINK DOWN
[2026-03-23T09:41:57.723Z] SIGNAL: rsi_extreme AAVE RSI 77 OVERBOUGHT
[2026-03-23T09:41:57.724Z] SIGNAL: ema_cross AAVE BULLISH
[2026-03-23T09:41:57.724Z] SIGNAL: vwap_deviation AAVE ABOVE
[2026-03-23T09:41:57.724Z] SIGNAL: macd_cross AAVE BEARISH
[2026-03-23T09:41:57.960Z] SIGNAL: rsi_extreme ENA RSI 79 OVERBOUGHT
[2026-03-23T09:41:57.960Z] SIGNAL: ema_cross ENA BULLISH
[2026-03-23T09:41:57.960Z] SIGNAL: vwap_deviation ENA ABOVE
[2026-03-23T09:41:57.960Z] SIGNAL: macd_cross ENA BEARISH
[2026-03-23T09:41:58.217Z] SIGNAL: rsi_extreme kPEPE RSI 75 OVERBOUGHT
[2026-03-23T09:41:58.217Z] SIGNAL: ema_cross kPEPE BULLISH
[2026-03-23T09:41:58.217Z] SIGNAL: macd_cross kPEPE BEARISH
[2026-03-23T09:41:58.459Z] SIGNAL: rsi_extreme SEI RSI 84 OVERBOUGHT
[2026-03-23T09:41:58.460Z] SIGNAL: vwap_deviation SEI ABOVE
[2026-03-23T09:41:58.460Z] SIGNAL: ema_cross SEI BEARISH
[2026-03-23T09:41:58.460Z] SIGNAL: macd_cross SEI BULLISH
[2026-03-23T09:42:52.534Z] SCOUT: SKIP BTC (3 signals) — Contradictory signals, bearish bias dominates
[2026-03-23T09:42:54.057Z] SCOUT: SKIP ETH (2 signals) — Signals contradict; weak squeeze confidence
[2026-03-23T09:42:55.254Z] SIGNAL: rsi_extreme xyz:CL RSI 79 OVERBOUGHT
[2026-03-23T09:42:55.254Z] SIGNAL: macd_cross xyz:CL BULLISH
[2026-03-23T09:42:55.609Z] SCOUT: SKIP HYPE (3 signals) — Contradictory signals: bullish EMA vs bearish MACD
[2026-03-23T09:42:55.819Z] SIGNAL: rsi_extreme xyz:BRENTOIL RSI 81 OVERBOUGHT
[2026-03-23T09:42:57.348Z] SCOUT: SKIP SOL (3 signals) — Bullish signals contradicted by bearish breakdown
[2026-03-23T09:42:57.348Z] SCOUT: SKIP xyz:SILVER (1 signal, conf 62) — no confluence
[2026-03-23T09:42:57.408Z] SIGNAL: rsi_extreme xyz:HOOD RSI 76 OVERBOUGHT
[2026-03-23T09:42:57.410Z] SIGNAL: macd_cross xyz:HOOD BULLISH
[2026-03-23T09:42:57.754Z] SIGNAL: rsi_extreme xyz:NVDA RSI 76 OVERBOUGHT
[2026-03-23T09:42:57.996Z] SIGNAL: rsi_extreme xyz:COIN RSI 76 OVERBOUGHT
[2026-03-23T09:42:57.996Z] SIGNAL: ema_cross xyz:COIN BULLISH
[2026-03-23T09:42:57.998Z] SIGNAL: macd_cross xyz:COIN BULLISH
[2026-03-23T09:42:58.282Z] SIGNAL: rsi_extreme xyz:ORCL RSI 24 OVERSOLD
[2026-03-23T09:42:59.101Z] SCOUT: PASS XRP (2 signals, 78%) — Dual bullish signals, strong MACD confirmation [analyst buf: 1]
[2026-03-23T09:43:00.798Z] SCOUT: SKIP SUI (3 signals) — Contradictory signals: bullish vs bearish MACD
[2026-03-23T09:43:00.798Z] SCOUT: SKIP xyz:BRENTOIL (1 signal, conf 63) — no confluence
[2026-03-23T09:43:00.798Z] SCOUT: SKIP DOGE (1 signal, conf 58) — no confluence
[2026-03-23T09:43:02.668Z] SCOUT: SKIP BNB (3 signals) — Contradictory signals, weak confluence
[2026-03-23T09:43:04.251Z] SCOUT: SKIP PAXG (4 signals) — Contradictory signals, weak EMA cross
[2026-03-23T09:43:05.715Z] SCOUT: SKIP AVAX (3 signals) — Contradictory signals, weak conviction
[2026-03-23T09:43:07.555Z] SCOUT: SKIP LINK (3 signals) — Bullish signals contradict downside breakout
[2026-03-23T09:43:09.114Z] SCOUT: SKIP AAVE (3 signals) — Contradictory signals: bullish EMA vs bearish MACD
[2026-03-23T09:43:10.514Z] SCOUT: SKIP ENA (3 signals) — Contradictory signals, MACD bearish negates bullish EMA
[2026-03-23T09:43:12.158Z] SCOUT: SKIP kPEPE (2 signals) — Contradictory signals, conflicting momentum indicators
[2026-03-23T09:43:13.693Z] SCOUT: SKIP SEI (4 signals) — Contradictory signals, overbought RSI warns
[2026-03-23T09:43:51.003Z] SCOUT: SKIP xyz:CL (1 signal, conf 57) — no confluence
[2026-03-23T09:43:53.172Z] SCOUT: SKIP xyz:BRENTOIL (1 signals) — Single overbought signal, insufficient confluence
[2026-03-23T09:43:53.172Z] SCOUT: SKIP xyz:HOOD (1 signal, conf 57) — no confluence
[2026-03-23T09:43:55.058Z] SCOUT: SKIP xyz:COIN (2 signals) — Two weak bullish signals, low confidence
[2026-03-23T09:43:55.291Z] SIGNAL: macd_cross xyz:SILVER BULLISH
[2026-03-23T09:43:55.292Z] SIGNAL: rsi_extreme xyz:SILVER RSI 77 OVERBOUGHT
[2026-03-23T09:43:55.292Z] SIGNAL: ema_cross xyz:SILVER BEARISH
[2026-03-23T09:43:55.887Z] SIGNAL: macd_cross xyz:GOLD BULLISH
[2026-03-23T09:43:55.888Z] SIGNAL: rsi_extreme xyz:GOLD RSI 78 OVERBOUGHT
[2026-03-23T09:43:55.889Z] SIGNAL: bb_squeeze_breakout xyz:GOLD DOWN
[2026-03-23T09:43:56.126Z] SIGNAL: rsi_extreme xyz:NATGAS RSI 24 OVERSOLD
[2026-03-23T09:43:56.621Z] SIGNAL: rsi_extreme xyz:TSLA RSI 78 OVERBOUGHT
[2026-03-23T09:44:19.129Z] ANALYST: processing 1 scout-passed signal groups
[2026-03-23T09:44:40.617Z] DECISION: HOLD XRP — Slots full 2/2, signal lacks sentiment/whale confirmation 
[2026-03-23T09:44:40.618Z] DECISION: HOLD XRP — Slots full 2/2, whale component 55% unconfirmed 
[2026-03-23T09:44:40.618Z] DECISION: HOLD XRP — Slots full 3/3, strong tech fit but no capacity 
[2026-03-23T09:44:52.442Z] SCOUT: SKIP xyz:SILVER (2 signals) — Contradictory signals, weak bearish confirmation
[2026-03-23T09:44:54.141Z] SCOUT: SKIP xyz:GOLD (2 signals) — Contradictory signals, conflicting directions
[2026-03-23T09:44:55.517Z] SIGNAL: macd_cross xyz:BRENTOIL BULLISH
[2026-03-23T09:44:56.906Z] SIGNAL: ema_cross xyz:HOOD BULLISH
[2026-03-23T09:45:27.639Z] SIGNAL: volume_spike AVAX 4.4x avg
[2026-03-23T09:45:49.654Z] SIGNAL: volume_spike SEI 4.6x avg
[2026-03-23T09:45:52.446Z] SCOUT: SKIP xyz:BRENTOIL (1 signals) — Single weak signal, insufficient confirmation
[2026-03-23T09:45:52.446Z] SCOUT: SKIP xyz:HOOD (1 signal, conf 58) — no confluence
[2026-03-23T09:45:55.025Z] SIGNAL: rsi_extreme xyz:CL RSI 78 OVERBOUGHT
[2026-03-23T09:45:55.025Z] SIGNAL: macd_cross xyz:CL BULLISH
[2026-03-23T09:45:55.323Z] SIGNAL: ema_cross xyz:SILVER BULLISH
[2026-03-23T09:45:55.324Z] SIGNAL: rsi_extreme xyz:SILVER RSI 77 OVERBOUGHT
[2026-03-23T09:45:55.558Z] SIGNAL: rsi_extreme xyz:BRENTOIL RSI 79 OVERBOUGHT
[2026-03-23T09:45:56.813Z] SIGNAL: rsi_extreme xyz:HOOD RSI 76 OVERBOUGHT
[2026-03-23T09:45:56.814Z] SIGNAL: macd_cross xyz:HOOD BULLISH
[2026-03-23T09:45:57.047Z] SIGNAL: rsi_extreme xyz:NVDA RSI 76 OVERBOUGHT
[2026-03-23T09:45:57.281Z] SIGNAL: rsi_extreme xyz:COIN RSI 75 OVERBOUGHT
[2026-03-23T09:45:57.281Z] SIGNAL: ema_cross xyz:COIN BULLISH
[2026-03-23T09:45:57.282Z] SIGNAL: macd_cross xyz:COIN BEARISH
[2026-03-23T09:46:52.693Z] SCOUT: SKIP xyz:CL (1 signals) — Single weak signal, insufficient confirmation
[2026-03-23T09:46:54.214Z] SIGNAL: rsi_extreme BTC RSI 76 OVERBOUGHT
[2026-03-23T09:46:54.214Z] SIGNAL: ema_cross BTC BEARISH
[2026-03-23T09:46:54.214Z] SIGNAL: bb_squeeze_breakout BTC DOWN
[2026-03-23T09:46:54.214Z] SIGNAL: macd_cross BTC BULLISH
[2026-03-23T09:46:54.313Z] STATUS: 26 coins | WS: OK | Positions: 7 | Tokens: $7.64 (76.4%)
[2026-03-23T09:46:54.485Z] SIGNAL: ema_cross ETH BULLISH
[2026-03-23T09:46:54.485Z] SIGNAL: rsi_extreme ETH RSI 75 OVERBOUGHT
[2026-03-23T09:46:54.485Z] SIGNAL: macd_cross ETH BEARISH
[2026-03-23T09:46:54.485Z] SIGNAL: bb_squeeze_breakout ETH DOWN
[2026-03-23T09:46:54.729Z] SIGNAL: rsi_extreme HYPE RSI 77 OVERBOUGHT
[2026-03-23T09:46:54.729Z] SIGNAL: ema_cross HYPE BULLISH
[2026-03-23T09:46:54.729Z] SIGNAL: vwap_deviation HYPE ABOVE
[2026-03-23T09:46:54.731Z] SIGNAL: macd_cross HYPE BEARISH
[2026-03-23T09:46:54.820Z] SCOUT: SKIP xyz:SILVER (1 signals) — Single weak signal, insufficient confluence
[2026-03-23T09:46:54.820Z] SCOUT: SKIP xyz:HOOD (1 signal, conf 57) — no confluence
[2026-03-23T09:46:54.965Z] SIGNAL: rsi_extreme SOL RSI 76 OVERBOUGHT
[2026-03-23T09:46:54.965Z] SIGNAL: ema_cross SOL BULLISH
[2026-03-23T09:46:54.965Z] SIGNAL: bb_squeeze_breakout SOL DOWN
[2026-03-23T09:46:55.203Z] SIGNAL: rsi_extreme XRP RSI 78 OVERBOUGHT
[2026-03-23T09:46:55.203Z] SIGNAL: bb_squeeze_breakout XRP UP
[2026-03-23T09:46:55.203Z] SIGNAL: ema_cross XRP BULLISH
[2026-03-23T09:46:55.205Z] SIGNAL: macd_cross XRP BEARISH
[2026-03-23T09:46:55.455Z] SIGNAL: rsi_extreme SUI RSI 80 OVERBOUGHT
[2026-03-23T09:46:55.455Z] SIGNAL: ema_cross SUI BULLISH
[2026-03-23T09:46:55.455Z] SIGNAL: bb_squeeze_breakout SUI UP
[2026-03-23T09:46:55.455Z] SIGNAL: macd_cross SUI BEARISH
[2026-03-23T09:46:55.690Z] SIGNAL: ema_cross DOGE BULLISH
[2026-03-23T09:46:55.691Z] SIGNAL: macd_cross DOGE BEARISH
[2026-03-23T09:46:55.692Z] SIGNAL: rsi_extreme DOGE RSI 23 OVERSOLD
[2026-03-23T09:46:55.716Z] SIGNAL: macd_cross xyz:BRENTOIL BULLISH
[2026-03-23T09:46:55.925Z] SIGNAL: rsi_extreme BNB RSI 77 OVERBOUGHT
[2026-03-23T09:46:55.925Z] SIGNAL: ema_cross BNB BEARISH
[2026-03-23T09:46:55.925Z] SIGNAL: bb_squeeze_breakout BNB DOWN
[2026-03-23T09:46:55.973Z] SIGNAL: macd_cross xyz:GOLD BULLISH
[2026-03-23T09:46:55.974Z] SIGNAL: rsi_extreme xyz:GOLD RSI 75 OVERBOUGHT
[2026-03-23T09:46:55.974Z] SIGNAL: bb_squeeze_breakout xyz:GOLD DOWN
[2026-03-23T09:46:56.160Z] SIGNAL: macd_cross PAXG BULLISH
[2026-03-23T09:46:56.160Z] SIGNAL: vwap_deviation PAXG ABOVE
[2026-03-23T09:46:56.160Z] SIGNAL: rsi_extreme PAXG RSI 18 OVERSOLD
[2026-03-23T09:46:56.214Z] SIGNAL: rsi_extreme xyz:NATGAS RSI 24 OVERSOLD
[2026-03-23T09:46:56.298Z] SCOUT: SKIP xyz:COIN (2 signals) — Contradictory signals, weak confidence levels
[2026-03-23T09:46:56.471Z] SIGNAL: rsi_extreme AVAX RSI 79 OVERBOUGHT
[2026-03-23T09:46:56.471Z] SIGNAL: bb_squeeze_breakout AVAX UP
[2026-03-23T09:46:56.471Z] SIGNAL: ema_cross AVAX BULLISH
[2026-03-23T09:46:56.471Z] SIGNAL: macd_cross AVAX BEARISH
[2026-03-23T09:46:56.732Z] SIGNAL: rsi_extreme xyz:TSLA RSI 78 OVERBOUGHT
[2026-03-23T09:46:56.785Z] SIGNAL: rsi_extreme LINK RSI 77 OVERBOUGHT
[2026-03-23T09:46:56.786Z] SIGNAL: ema_cross LINK BULLISH
[2026-03-23T09:46:56.786Z] SIGNAL: bb_squeeze_breakout LINK UP
[2026-03-23T09:46:57.019Z] SIGNAL: rsi_extreme AAVE RSI 79 OVERBOUGHT
[2026-03-23T09:46:57.020Z] SIGNAL: vwap_deviation AAVE ABOVE
[2026-03-23T09:46:57.020Z] SIGNAL: ema_cross AAVE BEARISH
[2026-03-23T09:46:57.020Z] SIGNAL: macd_cross AAVE BULLISH
[2026-03-23T09:46:57.267Z] SIGNAL: rsi_extreme ENA RSI 81 OVERBOUGHT
[2026-03-23T09:46:57.268Z] SIGNAL: ema_cross ENA BULLISH
[2026-03-23T09:46:57.268Z] SIGNAL: vwap_deviation ENA ABOVE
[2026-03-23T09:46:57.268Z] SIGNAL: macd_cross ENA BULLISH
[2026-03-23T09:46:57.502Z] SIGNAL: rsi_extreme kPEPE RSI 77 OVERBOUGHT
[2026-03-23T09:46:57.502Z] SIGNAL: ema_cross kPEPE BULLISH
[2026-03-23T09:46:57.502Z] SIGNAL: macd_cross kPEPE BEARISH
[2026-03-23T09:46:57.761Z] SIGNAL: macd_cross xyz:ORCL BULLISH
[2026-03-23T09:46:57.790Z] SIGNAL: rsi_extreme SEI RSI 85 OVERBOUGHT
[2026-03-23T09:46:57.790Z] SIGNAL: ema_cross SEI BULLISH
[2026-03-23T09:46:57.790Z] SIGNAL: vwap_deviation SEI ABOVE
[2026-03-23T09:46:57.791Z] SIGNAL: macd_cross SEI BULLISH
[2026-03-23T09:47:52.609Z] SCOUT: SKIP BTC (3 signals) — Contradictory signals, bearish setup dominates
[2026-03-23T09:47:54.358Z] SCOUT: SKIP ETH (3 signals) — Contradictory signals, weak confidence levels
[2026-03-23T09:47:55.025Z] SIGNAL: rsi_extreme xyz:CL RSI 75 OVERBOUGHT
[2026-03-23T09:47:55.025Z] SIGNAL: macd_cross xyz:CL BULLISH
[2026-03-23T09:47:55.283Z] SIGNAL: macd_cross xyz:SILVER BEARISH
[2026-03-23T09:47:55.909Z] SCOUT: SKIP HYPE (3 signals) — Contradictory signals, MACD bearish vs EMA bullish
[2026-03-23T09:47:56.478Z] SIGNAL: ema_cross xyz:TSLA BULLISH
[2026-03-23T09:47:56.742Z] SIGNAL: ema_cross xyz:HOOD BULLISH
[2026-03-23T09:47:56.977Z] SIGNAL: ema_cross xyz:NVDA BULLISH
[2026-03-23T09:47:57.544Z] SCOUT: SKIP SOL (2 signals) — Contradictory signals, weak confluence.
[2026-03-23T09:47:59.497Z] SCOUT: SKIP XRP (3 signals) — Contradictory signals, MACD bearish vs bullish EMA
[2026-03-23T09:48:01.006Z] SCOUT: SKIP SUI (3 signals) — Contradictory signals, weak MACD confirmation
[2026-03-23T09:48:03.008Z] SCOUT: SKIP DOGE (2 signals) — Contradictory signals, weak confidence levels
[2026-03-23T09:48:03.008Z] SCOUT: SKIP xyz:BRENTOIL (1 signal, conf 64) — no confluence
[2026-03-23T09:48:06.342Z] SCOUT: SKIP BNB (2 signals) — Bearish signals conflict with long position
[2026-03-23T09:48:07.816Z] SCOUT: SKIP xyz:GOLD (2 signals) — Contradictory signals, conflicting directions
[2026-03-23T09:48:09.767Z] SCOUT: SKIP PAXG (3 signals) — Mixed signals: bullish technicals vs oversold RSI
[2026-03-23T09:48:11.220Z] SCOUT: SKIP AVAX (3 signals) — Conflicting signals, weak BB squeeze
[2026-03-23T09:48:12.871Z] SCOUT: PASS LINK (2 signals, 67%) — EMA cross bullish, BB squeeze breakout confirmed [analyst buf: 1]
[2026-03-23T09:48:14.495Z] SCOUT: SKIP AAVE (3 signals) — Contradictory signals, weak confidence levels
[2026-03-23T09:48:16.462Z] SCOUT: SKIP ENA (4 signals) — RSI overbought conflicts with bullish signals
[2026-03-23T09:48:18.231Z] SCOUT: SKIP kPEPE (2 signals) — Contradictory signals, weak MACD confirmation
[2026-03-23T09:48:18.231Z] SCOUT: SKIP xyz:ORCL (1 signal, conf 59) — no confluence
[2026-03-23T09:48:19.848Z] SCOUT: SKIP SEI (4 signals) — RSI overbought conflicts bullish technicals
[2026-03-23T09:48:49.130Z] ANALYST: processing 1 scout-passed signal groups
[2026-03-23T09:48:52.195Z] SCOUT: SKIP xyz:CL (1 signals) — Single weak signal insufficient for trade
[2026-03-23T09:48:52.195Z] SCOUT: SKIP xyz:SILVER (1 signal, conf 61) — no confluence
[2026-03-23T09:48:52.195Z] SCOUT: SKIP xyz:TSLA (1 signal, conf 58) — no confluence
[2026-03-23T09:48:52.195Z] SCOUT: SKIP xyz:HOOD (1 signal, conf 55) — no confluence
[2026-03-23T09:48:52.195Z] SCOUT: SKIP xyz:NVDA (1 signal, conf 55) — no confluence
[2026-03-23T09:48:55.734Z] SIGNAL: ema_cross xyz:SILVER BULLISH
[2026-03-23T09:48:55.735Z] SIGNAL: rsi_extreme xyz:SILVER RSI 77 OVERBOUGHT
[2026-03-23T09:48:56.036Z] SIGNAL: macd_cross xyz:BRENTOIL BULLISH
[2026-03-23T09:48:56.271Z] SIGNAL: macd_cross xyz:GOLD BULLISH
[2026-03-23T09:48:56.271Z] SIGNAL: rsi_extreme xyz:GOLD RSI 75 OVERBOUGHT
[2026-03-23T09:48:56.272Z] SIGNAL: bb_squeeze_breakout xyz:GOLD DOWN
[2026-03-23T09:48:56.561Z] SIGNAL: rsi_extreme xyz:NATGAS RSI 24 OVERSOLD
[2026-03-23T09:48:57.029Z] SIGNAL: rsi_extreme xyz:TSLA RSI 82 OVERBOUGHT
[2026-03-23T09:48:57.277Z] SIGNAL: rsi_extreme xyz:HOOD RSI 79 OVERBOUGHT
[2026-03-23T09:48:57.279Z] SIGNAL: macd_cross xyz:HOOD BULLISH
[2026-03-23T09:48:57.515Z] SIGNAL: rsi_extreme xyz:NVDA RSI 77 OVERBOUGHT
[2026-03-23T09:48:57.762Z] SIGNAL: rsi_extreme xyz:COIN RSI 81 OVERBOUGHT
[2026-03-23T09:48:57.763Z] SIGNAL: macd_cross xyz:COIN BEARISH
[2026-03-23T09:48:58.043Z] SIGNAL: macd_cross xyz:ORCL BULLISH
[2026-03-23T09:49:12.377Z] DECISION: HOLD LINK — Slots full; signal lacks sentiment/whale confirmation 
[2026-03-23T09:49:12.377Z] DECISION: HOLD LINK — Slots full; scout 67% below 70% threshold, no whale data 
[2026-03-23T09:49:12.377Z] DECISION: HOLD LINK — Slots full; LINK scalping historically poor, macro risk-off 
[2026-03-23T09:49:50.628Z] SCOUT: SKIP xyz:SILVER (1 signal, conf 59) — no confluence
[2026-03-23T09:49:50.628Z] SCOUT: SKIP xyz:BRENTOIL (1 signal, conf 62) — no confluence
[2026-03-23T09:49:52.192Z] SCOUT: SKIP xyz:GOLD (2 signals) — Contradictory signals: bullish vs bearish breakdown
[2026-03-23T09:49:53.841Z] SCOUT: SKIP xyz:TSLA (1 signals) — Single overbought RSI signal insufficient
[2026-03-23T09:49:53.841Z] SCOUT: SKIP xyz:HOOD (1 signal, conf 57) — no confluence
[2026-03-23T09:49:55.162Z] SIGNAL: macd_cross xyz:CL BULLISH
[2026-03-23T09:49:55.163Z] SIGNAL: rsi_extreme xyz:CL RSI 21 OVERSOLD
[2026-03-23T09:49:55.574Z] SCOUT: SKIP xyz:COIN (2 signals) — Contradictory signals, overbought vs bearish
[2026-03-23T09:49:55.574Z] SCOUT: SKIP xyz:ORCL (1 signal, conf 59) — no confluence
[2026-03-23T09:49:55.686Z] SIGNAL: rsi_extreme xyz:BRENTOIL RSI 76 OVERBOUGHT
[2026-03-23T09:49:56.694Z] SIGNAL: ema_cross xyz:TSLA BULLISH
[2026-03-23T09:49:56.952Z] SIGNAL: ema_cross xyz:HOOD BULLISH
[2026-03-23T09:50:52.640Z] SCOUT: SKIP xyz:CL (1 signals) — Single weak signal insufficient for trade
[2026-03-23T09:50:52.640Z] SCOUT: SKIP xyz:TSLA (1 signal, conf 59) — no confluence
[2026-03-23T09:50:52.640Z] SCOUT: SKIP xyz:HOOD (1 signal, conf 62) — no confluence
[2026-03-23T09:50:55.295Z] SIGNAL: macd_cross xyz:SILVER BEARISH
[2026-03-23T09:50:56.115Z] SIGNAL: macd_cross xyz:BRENTOIL BULLISH
[2026-03-23T09:50:56.373Z] SIGNAL: rsi_extreme xyz:GOLD RSI 76 OVERBOUGHT
[2026-03-23T09:50:56.374Z] SIGNAL: macd_cross xyz:GOLD BEARISH
[2026-03-23T09:50:56.374Z] SIGNAL: bb_squeeze_breakout xyz:GOLD DOWN
[2026-03-23T09:50:56.609Z] SIGNAL: rsi_extreme xyz:NATGAS RSI 25 OVERSOLD
[2026-03-23T09:50:57.077Z] SIGNAL: rsi_extreme xyz:TSLA RSI 76 OVERBOUGHT
[2026-03-23T09:50:57.357Z] SIGNAL: rsi_extreme xyz:HOOD RSI 82 OVERBOUGHT
[2026-03-23T09:50:57.358Z] SIGNAL: macd_cross xyz:HOOD BULLISH
[2026-03-23T09:50:57.592Z] SIGNAL: rsi_extreme xyz:NVDA RSI 77 OVERBOUGHT
[2026-03-23T09:50:57.830Z] SIGNAL: rsi_extreme xyz:COIN RSI 79 OVERBOUGHT
[2026-03-23T09:50:57.830Z] SIGNAL: macd_cross xyz:COIN BEARISH
[2026-03-23T09:50:58.063Z] SIGNAL: macd_cross xyz:ORCL BULLISH
[2026-03-23T09:51:50.421Z] SCOUT: SKIP xyz:SILVER (1 signal, conf 56) — no confluence
[2026-03-23T09:51:52.611Z] SCOUT: SKIP xyz:BRENTOIL (1 signals) — Single weak signal insufficient for trade
[2026-03-23T09:51:54.202Z] Strategies reloaded: 6 (3 active, 0 dry-run)
[2026-03-23T09:51:54.216Z] SIGNAL: rsi_extreme BTC RSI 76 OVERBOUGHT
[2026-03-23T09:51:54.217Z] SIGNAL: ema_cross BTC BEARISH
[2026-03-23T09:51:54.217Z] SIGNAL: bb_squeeze_breakout BTC DOWN
[2026-03-23T09:51:54.217Z] SIGNAL: macd_cross BTC BULLISH
[2026-03-23T09:51:54.313Z] STATUS: 26 coins | WS: OK | Positions: 7 | Tokens: $7.69 (76.9%)
[2026-03-23T09:51:54.472Z] SIGNAL: rsi_extreme ETH RSI 76 OVERBOUGHT
[2026-03-23T09:51:54.472Z] SIGNAL: ema_cross ETH BULLISH
[2026-03-23T09:51:54.473Z] SIGNAL: bb_squeeze_breakout ETH DOWN
[2026-03-23T09:51:54.473Z] SIGNAL: macd_cross ETH BULLISH
[2026-03-23T09:51:54.517Z] SCOUT: SKIP xyz:GOLD (2 signals) — Weak signals, low confidence threshold breached
[2026-03-23T09:51:54.706Z] SIGNAL: rsi_extreme HYPE RSI 78 OVERBOUGHT
[2026-03-23T09:51:54.706Z] SIGNAL: ema_cross HYPE BULLISH
[2026-03-23T09:51:54.706Z] SIGNAL: vwap_deviation HYPE ABOVE
[2026-03-23T09:51:54.706Z] SIGNAL: macd_cross HYPE BEARISH
[2026-03-23T09:51:54.941Z] SIGNAL: rsi_extreme SOL RSI 78 OVERBOUGHT
[2026-03-23T09:51:54.941Z] SIGNAL: bb_squeeze_breakout SOL UP
[2026-03-23T09:51:54.941Z] SIGNAL: ema_cross SOL BULLISH
[2026-03-23T09:51:55.030Z] SIGNAL: ema_cross xyz:CL BULLISH
[2026-03-23T09:51:55.176Z] SIGNAL: rsi_extreme XRP RSI 82 OVERBOUGHT
[2026-03-23T09:51:55.176Z] SIGNAL: bb_squeeze_breakout XRP UP
[2026-03-23T09:51:55.176Z] SIGNAL: macd_cross XRP BEARISH
[2026-03-23T09:51:55.332Z] SIGNAL: rsi_extreme xyz:SILVER RSI 76 OVERBOUGHT
[2026-03-23T09:51:55.411Z] SIGNAL: rsi_extreme SUI RSI 83 OVERBOUGHT
[2026-03-23T09:51:55.411Z] SIGNAL: ema_cross SUI BULLISH
[2026-03-23T09:51:55.411Z] SIGNAL: bb_squeeze_breakout SUI UP
[2026-03-23T09:51:55.412Z] SIGNAL: macd_cross SUI BEARISH
[2026-03-23T09:51:55.665Z] SIGNAL: rsi_extreme DOGE RSI 76 OVERBOUGHT
[2026-03-23T09:51:55.665Z] SIGNAL: ema_cross DOGE BULLISH
[2026-03-23T09:51:55.666Z] SIGNAL: macd_cross DOGE BULLISH
[2026-03-23T09:51:56.122Z] SIGNAL: rsi_extreme BNB RSI 78 OVERBOUGHT
[2026-03-23T09:51:56.122Z] SIGNAL: ema_cross BNB BULLISH
[2026-03-23T09:51:56.122Z] SIGNAL: bb_squeeze_breakout BNB DOWN
[2026-03-23T09:51:56.368Z] SIGNAL: macd_cross PAXG BULLISH
[2026-03-23T09:51:56.368Z] SIGNAL: vwap_deviation PAXG ABOVE
[2026-03-23T09:51:56.368Z] SIGNAL: rsi_extreme PAXG RSI 76 OVERBOUGHT
[2026-03-23T09:51:56.604Z] SIGNAL: rsi_extreme AVAX RSI 83 OVERBOUGHT
[2026-03-23T09:51:56.604Z] SIGNAL: bb_squeeze_breakout AVAX UP
[2026-03-23T09:51:56.604Z] SIGNAL: ema_cross AVAX BEARISH
[2026-03-23T09:51:56.605Z] SIGNAL: macd_cross AVAX BULLISH
[2026-03-23T09:51:56.858Z] SIGNAL: rsi_extreme LINK RSI 80 OVERBOUGHT
[2026-03-23T09:51:56.858Z] SIGNAL: bb_squeeze_breakout LINK UP
[2026-03-23T09:51:56.858Z] SIGNAL: macd_cross LINK BEARISH
[2026-03-23T09:51:56.858Z] SIGNAL: ema_cross LINK BEARISH
[2026-03-23T09:51:57.019Z] SCOUT: SKIP xyz:HOOD (2 signals) — Overbought RSI contradicts bullish MACD signal
[2026-03-23T09:51:57.019Z] SCOUT: SKIP xyz:COIN (1 signal, conf 56) — no confluence
[2026-03-23T09:51:57.019Z] SCOUT: SKIP xyz:ORCL (1 signal, conf 59) — no confluence
[2026-03-23T09:51:57.182Z] SIGNAL: rsi_extreme AAVE RSI 82 OVERBOUGHT
[2026-03-23T09:51:57.182Z] SIGNAL: ema_cross AAVE BULLISH
[2026-03-23T09:51:57.182Z] SIGNAL: vwap_deviation AAVE ABOVE
[2026-03-23T09:51:57.182Z] SIGNAL: macd_cross AAVE BEARISH
[2026-03-23T09:51:57.428Z] SIGNAL: rsi_extreme ENA RSI 83 OVERBOUGHT
[2026-03-23T09:51:57.428Z] SIGNAL: vwap_deviation ENA ABOVE
[2026-03-23T09:51:57.428Z] SIGNAL: macd_cross ENA BEARISH
[2026-03-23T09:51:57.662Z] SIGNAL: rsi_extreme kPEPE RSI 80 OVERBOUGHT
[2026-03-23T09:51:57.662Z] SIGNAL: bb_squeeze_breakout kPEPE UP
[2026-03-23T09:51:57.662Z] SIGNAL: macd_cross kPEPE BEARISH
[2026-03-23T09:51:57.896Z] SIGNAL: rsi_extreme SEI RSI 87 OVERBOUGHT
[2026-03-23T09:51:57.896Z] SIGNAL: ema_cross SEI BULLISH
[2026-03-23T09:51:57.896Z] SIGNAL: vwap_deviation SEI ABOVE
[2026-03-23T09:51:57.896Z] SIGNAL: macd_cross SEI BEARISH
[2026-03-23T09:51:57.910Z] GEOPOLITICS: updated 26 assets
[2026-03-23T09:52:13.467Z] SIGNAL: price_breakout xyz:ORCL DOWN
[2026-03-23T09:52:52.608Z] SCOUT: SKIP BTC (3 signals) — Contradictory signals, weak confidence spread
[2026-03-23T09:52:54.302Z] SCOUT: SKIP ETH (3 signals) — Contradictory signals, weak consensus
[2026-03-23T09:52:55.027Z] SIGNAL: macd_cross xyz:CL BULLISH
[2026-03-23T09:52:55.027Z] SIGNAL: rsi_extreme xyz:CL RSI 76 OVERBOUGHT
[2026-03-23T09:52:55.774Z] SCOUT: SKIP HYPE (3 signals) — Contradictory signals: bullish cross vs bearish MACD
[2026-03-23T09:52:57.163Z] SIGNAL: rsi_extreme xyz:TSLA RSI 79 OVERBOUGHT
[2026-03-23T09:52:57.404Z] SIGNAL: rsi_extreme xyz:HOOD RSI 84 OVERBOUGHT
[2026-03-23T09:52:57.404Z] SIGNAL: bb_squeeze_breakout xyz:HOOD UP
[2026-03-23T09:52:57.405Z] SIGNAL: macd_cross xyz:HOOD BEARISH
[2026-03-23T09:52:57.639Z] SIGNAL: rsi_extreme xyz:NVDA RSI 77 OVERBOUGHT
[2026-03-23T09:52:57.882Z] SIGNAL: rsi_extreme xyz:COIN RSI 80 OVERBOUGHT
[2026-03-23T09:52:57.884Z] SIGNAL: macd_cross xyz:COIN BULLISH
[2026-03-23T09:52:57.977Z] SCOUT: PASS SOL (2 signals, 69%) — Two aligned bullish signals, strong EMA confirmation [analyst buf: 1]
[2026-03-23T09:52:57.977Z] SCOUT: SKIP xyz:CL (1 signal, conf 57) — no confluence
[2026-03-23T09:52:58.119Z] SIGNAL: rsi_extreme xyz:ORCL RSI 75 OVERBOUGHT
[2026-03-23T09:52:59.501Z] SCOUT: SKIP XRP (3 signals) — Contradictory signals: bullish breakout vs bearish MACD
[2026-03-23T09:53:01.673Z] SCOUT: SKIP SUI (4 signals) — RSI overbought contradicts bullish momentum signals
[2026-03-23T09:53:03.531Z] SCOUT: SKIP DOGE (2 signals) — Weak signals, low confidence, neutral sentiment
[2026-03-23T09:53:05.161Z] SCOUT: SKIP BNB (2 signals) — Contradictory signals, weak bullish bias
[2026-03-23T09:53:07.362Z] SCOUT: SKIP PAXG (2 signals) — Single strong signal insufficient without confirmation
[2026-03-23T09:53:09.001Z] SCOUT: SKIP AVAX (4 signals) — Contradictory signals, overbought RSI warns
[2026-03-23T09:53:10.974Z] SCOUT: SKIP LINK (4 signals) — Contradictory signals, overbought with bearish crossovers
[2026-03-23T09:53:12.660Z] SCOUT: SKIP AAVE (4 signals) — Overbought with bearish MACD contradiction
[2026-03-23T09:53:14.335Z] SCOUT: SKIP ENA (3 signals) — Contradictory signals: overbought vs bearish cross
[2026-03-23T09:53:16.487Z] SCOUT: SKIP kPEPE (2 signals) — Contradictory signals, weak confidence levels
[2026-03-23T09:53:18.107Z] SCOUT: SKIP SEI (4 signals) — Overbought with bearish MACD divergence
[2026-03-23T09:53:18.107Z] SCOUT: SKIP xyz:ORCL (1 signal, conf 61) — no confluence
[2026-03-23T09:53:19.130Z] ANALYST: processing 1 scout-passed signal groups
[2026-03-23T09:53:36.850Z] DECISION: HOLD SOL — Scout 69% below threshold; Sentiment slots full 
[2026-03-23T09:53:36.850Z] DECISION: HOLD SOL — Scout 69% below threshold; Copytrading slots full 
[2026-03-23T09:53:36.850Z] DECISION: HOLD SOL — Scout 69% below threshold; Scalping slots full 
[2026-03-23T09:53:52.730Z] SCOUT: SKIP xyz:CL (1 signals) — Single weak signal insufficient for trade
[2026-03-23T09:53:54.277Z] SCOUT: SKIP xyz:HOOD (3 signals) — Contradictory signals: overbought RSI vs bearish MACD
[2026-03-23T09:53:54.277Z] SCOUT: SKIP xyz:COIN (1 signal, conf 58) — no confluence
[2026-03-23T09:53:55.286Z] SIGNAL: ema_cross xyz:SILVER BULLISH
[2026-03-23T09:53:55.778Z] SIGNAL: volume_spike ENA 4.5x avg
[2026-03-23T09:53:55.904Z] SIGNAL: macd_cross xyz:GOLD BULLISH
[2026-03-23T09:53:55.904Z] SIGNAL: rsi_extreme xyz:GOLD RSI 76 OVERBOUGHT
[2026-03-23T09:53:55.905Z] SIGNAL: bb_squeeze_breakout xyz:GOLD DOWN
[2026-03-23T09:53:56.139Z] SIGNAL: rsi_extreme xyz:NATGAS RSI 24 OVERSOLD
[2026-03-23T09:53:57.959Z] SIGNAL: macd_cross xyz:NVDA BULLISH
[2026-03-23T09:54:05.328Z] SIGNAL: volume_spike DOGE 4.1x avg
[2026-03-23T09:54:09.044Z] SIGNAL: macd_cross BNB BULLISH
[2026-03-23T09:54:30.959Z] SIGNAL: volume_spike SEI 4.2x avg
[2026-03-23T09:54:33.470Z] SIGNAL: price_breakout xyz:ORCL DOWN
[2026-03-23T09:54:50.844Z] SCOUT: SKIP xyz:SILVER (1 signal, conf 62) — no confluence
[2026-03-23T09:54:52.822Z] SCOUT: SKIP xyz:GOLD (2 signals) — Contradictory signals, weak confidence
[2026-03-23T09:54:54.656Z] SCOUT: SKIP xyz:NVDA (1 signals) — Single weak signal, insufficient confluence
[2026-03-23T09:54:54.656Z] SCOUT: SKIP BNB (1 signal, conf 55) — no confluence
[2026-03-23T09:54:54.656Z] SCOUT: SKIP xyz:ORCL (1 signal, conf 58) — no confluence
[2026-03-23T09:54:55.028Z] SIGNAL: macd_cross xyz:CL BULLISH
[2026-03-23T09:54:55.028Z] SIGNAL: rsi_extreme xyz:CL RSI 78 OVERBOUGHT
[2026-03-23T09:54:55.316Z] SIGNAL: rsi_extreme xyz:SILVER RSI 79 OVERBOUGHT
[2026-03-23T09:54:55.316Z] SIGNAL: bb_squeeze_breakout xyz:SILVER UP
[2026-03-23T09:54:55.316Z] SIGNAL: macd_cross xyz:SILVER BEARISH
[2026-03-23T09:54:56.619Z] SIGNAL: macd_cross xyz:TSLA BULLISH
[2026-03-23T09:54:56.854Z] SIGNAL: ema_cross xyz:HOOD BULLISH
[2026-03-23T09:54:58.113Z] SIGNAL: rsi_extreme xyz:COIN RSI 82 OVERBOUGHT
[2026-03-23T09:54:58.113Z] SIGNAL: ema_cross xyz:COIN BULLISH
[2026-03-23T09:54:58.114Z] SIGNAL: macd_cross xyz:COIN BEARISH
[2026-03-23T09:54:58.347Z] SIGNAL: rsi_extreme xyz:ORCL RSI 80 OVERBOUGHT
[2026-03-23T09:55:27.051Z] SIGNAL: volume_spike AVAX 4.4x avg
[2026-03-23T09:55:52.291Z] SCOUT: SKIP xyz:CL (1 signals) — Single weak signal, insufficient confluence
[2026-03-23T09:55:53.842Z] SCOUT: SKIP xyz:SILVER (2 signals) — Contradictory signals, bullish vs bearish
[2026-03-23T09:55:55.029Z] SIGNAL: ema_cross xyz:CL BULLISH
[2026-03-23T09:55:55.291Z] SIGNAL: ema_cross xyz:SILVER BULLISH
[2026-03-23T09:55:55.527Z] SIGNAL: macd_cross xyz:BRENTOIL BULLISH
[2026-03-23T09:55:55.864Z] SCOUT: SKIP xyz:TSLA (1 signals) — Single signal insufficient for trade entry
[2026-03-23T09:55:55.864Z] SCOUT: SKIP xyz:HOOD (1 signal, conf 62) — no confluence
[2026-03-23T09:55:56.565Z] SIGNAL: rsi_extreme xyz:TSLA RSI 77 OVERBOUGHT
[2026-03-23T09:55:56.565Z] SIGNAL: ema_cross xyz:TSLA BULLISH
[2026-03-23T09:55:56.799Z] SIGNAL: rsi_extreme xyz:HOOD RSI 79 OVERBOUGHT
[2026-03-23T09:55:56.799Z] SIGNAL: macd_cross xyz:HOOD BEARISH
[2026-03-23T09:55:56.885Z] SIGNAL: volume_spike LINK 4.0x avg
[2026-03-23T09:55:57.034Z] SIGNAL: rsi_extreme xyz:NVDA RSI 79 OVERBOUGHT
[2026-03-23T09:55:58.016Z] SCOUT: SKIP xyz:COIN (3 signals) — Contradictory signals, overbought RSI warns
[2026-03-23T09:55:59.764Z] SCOUT: SKIP xyz:ORCL (1 signals) — Single overbought signal, insufficient confirmation
[2026-03-23T09:56:05.819Z] SIGNAL: volume_spike DOGE 4.0x avg
[2026-03-23T09:56:18.450Z] SIGNAL: volume_spike AAVE 4.0x avg
[2026-03-23T09:56:38.776Z] SIGNAL: price_breakout xyz:ORCL UP
[2026-03-23T09:56:50.860Z] SCOUT: SKIP xyz:CL (1 signal, conf 56) — no confluence
[2026-03-23T09:56:50.860Z] SCOUT: SKIP xyz:SILVER (1 signal, conf 58) — no confluence
[2026-03-23T09:56:52.697Z] SCOUT: SKIP xyz:BRENTOIL (1 signals) — Single weak signal insufficient for trade
[2026-03-23T09:56:52.697Z] SCOUT: SKIP xyz:TSLA (1 signal, conf 58) — no confluence
[2026-03-23T09:56:52.697Z] SCOUT: SKIP xyz:HOOD (1 signal, conf 57) — no confluence
[2026-03-23T09:56:54.214Z] SIGNAL: rsi_extreme BTC RSI 76 OVERBOUGHT
[2026-03-23T09:56:54.215Z] SIGNAL: ema_cross BTC BEARISH
[2026-03-23T09:56:54.215Z] SIGNAL: bb_squeeze_breakout BTC DOWN
[2026-03-23T09:56:54.215Z] SIGNAL: macd_cross BTC BULLISH
[2026-03-23T09:56:54.312Z] STATUS: 26 coins | WS: OK | Positions: 7 | Tokens: $7.73 (77.3%)
[2026-03-23T09:56:54.477Z] SIGNAL: rsi_extreme ETH RSI 77 OVERBOUGHT
[2026-03-23T09:56:54.478Z] SIGNAL: macd_cross ETH BEARISH
[2026-03-23T09:56:54.478Z] SIGNAL: ema_cross ETH BEARISH
[2026-03-23T09:56:54.478Z] SIGNAL: bb_squeeze_breakout ETH DOWN
[2026-03-23T09:56:54.649Z] SCOUT: SKIP xyz:ORCL (1 signals) — Single signal insufficient for trade decision
[2026-03-23T09:56:54.730Z] SIGNAL: rsi_extreme HYPE RSI 80 OVERBOUGHT
[2026-03-23T09:56:54.730Z] SIGNAL: vwap_deviation HYPE ABOVE
[2026-03-23T09:56:54.731Z] SIGNAL: macd_cross HYPE BEARISH
[2026-03-23T09:56:54.966Z] SIGNAL: rsi_extreme SOL RSI 80 OVERBOUGHT
[2026-03-23T09:56:54.966Z] SIGNAL: bb_squeeze_breakout SOL UP
[2026-03-23T09:56:54.966Z] SIGNAL: ema_cross SOL BEARISH
[2026-03-23T09:56:55.029Z] SIGNAL: rsi_extreme xyz:CL RSI 78 OVERBOUGHT
[2026-03-23T09:56:55.296Z] SIGNAL: rsi_extreme XRP RSI 84 OVERBOUGHT
[2026-03-23T09:56:55.296Z] SIGNAL: ema_cross XRP BULLISH
[2026-03-23T09:56:55.296Z] SIGNAL: bb_squeeze_breakout XRP UP
[2026-03-23T09:56:55.296Z] SIGNAL: macd_cross XRP BEARISH
[2026-03-23T09:56:55.550Z] SIGNAL: rsi_extreme SUI RSI 84 OVERBOUGHT
[2026-03-23T09:56:55.550Z] SIGNAL: ema_cross SUI BULLISH
[2026-03-23T09:56:55.550Z] SIGNAL: bb_squeeze_breakout SUI UP
[2026-03-23T09:56:55.785Z] SIGNAL: rsi_extreme DOGE RSI 77 OVERBOUGHT
[2026-03-23T09:56:55.785Z] SIGNAL: ema_cross DOGE BULLISH
[2026-03-23T09:56:55.785Z] SIGNAL: macd_cross DOGE BEARISH
[2026-03-23T09:56:55.820Z] SIGNAL: rsi_extreme xyz:GOLD RSI 76 OVERBOUGHT
[2026-03-23T09:56:55.820Z] SIGNAL: macd_cross xyz:GOLD BEARISH
[2026-03-23T09:56:55.820Z] SIGNAL: bb_squeeze_breakout xyz:GOLD DOWN
[2026-03-23T09:56:56.024Z] SIGNAL: rsi_extreme BNB RSI 79 OVERBOUGHT
[2026-03-23T09:56:56.024Z] SIGNAL: ema_cross BNB BULLISH
[2026-03-23T09:56:56.025Z] SIGNAL: bb_squeeze_breakout BNB DOWN
[2026-03-23T09:56:56.054Z] SIGNAL: rsi_extreme xyz:NATGAS RSI 21 OVERSOLD
[2026-03-23T09:56:56.259Z] SIGNAL: rsi_extreme PAXG RSI 76 OVERBOUGHT
[2026-03-23T09:56:56.260Z] SIGNAL: macd_cross PAXG BULLISH
[2026-03-23T09:56:56.260Z] SIGNAL: vwap_deviation PAXG ABOVE
[2026-03-23T09:56:56.493Z] SIGNAL: rsi_extreme AVAX RSI 84 OVERBOUGHT
[2026-03-23T09:56:56.493Z] SIGNAL: ema_cross AVAX BULLISH
[2026-03-23T09:56:56.493Z] SIGNAL: bb_squeeze_breakout AVAX UP
[2026-03-23T09:56:56.494Z] SIGNAL: macd_cross AVAX BEARISH
[2026-03-23T09:56:56.730Z] SIGNAL: rsi_extreme LINK RSI 82 OVERBOUGHT
[2026-03-23T09:56:56.730Z] SIGNAL: ema_cross LINK BULLISH
[2026-03-23T09:56:56.730Z] SIGNAL: bb_squeeze_breakout LINK UP
[2026-03-23T09:56:56.977Z] SIGNAL: rsi_extreme AAVE RSI 83 OVERBOUGHT
[2026-03-23T09:56:56.977Z] SIGNAL: ema_cross AAVE BULLISH
[2026-03-23T09:56:56.977Z] SIGNAL: vwap_deviation AAVE ABOVE
[2026-03-23T09:56:56.978Z] SIGNAL: macd_cross AAVE BULLISH
[2026-03-23T09:56:57.211Z] SIGNAL: rsi_extreme ENA RSI 85 OVERBOUGHT
[2026-03-23T09:56:57.211Z] SIGNAL: ema_cross ENA BULLISH
[2026-03-23T09:56:57.211Z] SIGNAL: vwap_deviation ENA ABOVE
[2026-03-23T09:56:57.211Z] SIGNAL: macd_cross ENA BEARISH
[2026-03-23T09:56:57.456Z] SIGNAL: rsi_extreme kPEPE RSI 81 OVERBOUGHT
[2026-03-23T09:56:57.456Z] SIGNAL: ema_cross kPEPE BULLISH
[2026-03-23T09:56:57.457Z] SIGNAL: bb_squeeze_breakout kPEPE UP
[2026-03-23T09:56:57.458Z] SIGNAL: macd_cross kPEPE BULLISH
[2026-03-23T09:56:57.691Z] SIGNAL: rsi_extreme SEI RSI 88 OVERBOUGHT
[2026-03-23T09:56:57.692Z] SIGNAL: ema_cross SEI BULLISH
[2026-03-23T09:56:57.692Z] SIGNAL: vwap_deviation SEI ABOVE
[2026-03-23T09:56:57.692Z] SIGNAL: macd_cross SEI BULLISH
[2026-03-23T09:57:53.339Z] SCOUT: SKIP BTC (3 signals) — Contradictory signals, weak confidence across board
[2026-03-23T09:57:55.348Z] SIGNAL: rsi_extreme xyz:SILVER RSI 76 OVERBOUGHT
[2026-03-23T09:57:55.348Z] SIGNAL: ema_cross xyz:SILVER BULLISH
[2026-03-23T09:57:55.348Z] SIGNAL: bb_squeeze_breakout xyz:SILVER UP
[2026-03-23T09:57:55.348Z] SIGNAL: macd_cross xyz:SILVER BEARISH
[2026-03-23T09:57:55.462Z] SCOUT: SKIP ETH (3 signals) — Weak signals, low confidence scores
[2026-03-23T09:57:56.779Z] SIGNAL: ema_cross xyz:HOOD BULLISH
[2026-03-23T09:57:56.895Z] SCOUT: SKIP HYPE (3 signals) — Conflicting signals, RSI overbought vs MACD bearish
[2026-03-23T09:57:57.279Z] SIGNAL: rsi_extreme xyz:COIN RSI 82 OVERBOUGHT
[2026-03-23T09:57:57.279Z] SIGNAL: ema_cross xyz:COIN BULLISH
[2026-03-23T09:57:57.281Z] SIGNAL: macd_cross xyz:COIN BULLISH
[2026-03-23T09:57:57.580Z] SIGNAL: rsi_extreme xyz:ORCL RSI 77 OVERBOUGHT
[2026-03-23T09:57:58.348Z] SCOUT: SKIP SOL (2 signals) — Contradictory signals, weak individual confidence
[2026-03-23T09:58:00.160Z] SCOUT: SKIP XRP (4 signals) — Contradictory signals: bullish technicals vs bearish MACD
[2026-03-23T09:58:02.070Z] SCOUT: SKIP SUI (3 signals) — RSI overbought contradicts bullish setup
[2026-03-23T09:58:03.659Z] SCOUT: SKIP DOGE (2 signals) — Contradictory signals, neutral sentiment.
[2026-03-23T09:58:05.260Z] SCOUT: SKIP xyz:GOLD (2 signals) — Weak bearish signals, single strong conviction
[2026-03-23T09:58:06.837Z] SCOUT: SKIP BNB (2 signals) — Contradictory signals, mixed sentiment unclear
[2026-03-23T09:58:09.096Z] SCOUT: PASS PAXG (2 signals, 74%) — MACD cross bullish, price above VWAP [analyst buf: 1]
[2026-03-23T09:58:10.698Z] SCOUT: SKIP AVAX (4 signals) — Overbought RSI contradicts bullish momentum signals
[2026-03-23T09:58:12.491Z] SCOUT: SKIP LINK (3 signals) — RSI overbought conflicts with bullish signals
[2026-03-23T09:58:14.167Z] SCOUT: SKIP AAVE (4 signals) — Overbought RSI contradicts bullish momentum signals
[2026-03-23T09:58:16.235Z] SCOUT: SKIP ENA (4 signals) — Contradictory signals: bullish EMA vs bearish MACD
[2026-03-23T09:58:17.821Z] SCOUT: SKIP kPEPE (4 signals) — RSI overbought contradicts bullish momentum signals
[2026-03-23T09:58:19.753Z] SCOUT: SKIP SEI (4 signals) — RSI overbought contradicts bullish signals
[2026-03-23T09:58:51.946Z] SCOUT: SKIP xyz:SILVER (3 signals) — Contradictory signals, weak confidence levels
[2026-03-23T09:58:51.946Z] SCOUT: SKIP xyz:HOOD (1 signal, conf 58) — no confluence
[2026-03-23T09:58:53.459Z] SIGNAL: price_breakout xyz:ORCL UP
[2026-03-23T09:58:53.603Z] SCOUT: SKIP xyz:COIN (3 signals) — RSI overbought contradicts bullish momentum signals
[2026-03-23T09:58:55.455Z] SIGNAL: rsi_extreme xyz:CL RSI 19 OVERSOLD
[2026-03-23T09:58:56.186Z] SIGNAL: rsi_extreme xyz:GOLD RSI 77 OVERBOUGHT
[2026-03-23T09:58:56.187Z] SIGNAL: macd_cross xyz:GOLD BEARISH
[2026-03-23T09:58:56.187Z] SIGNAL: bb_squeeze_breakout xyz:GOLD DOWN
[2026-03-23T09:58:56.421Z] SIGNAL: rsi_extreme xyz:NATGAS RSI 22 OVERSOLD
[2026-03-23T09:58:56.914Z] SIGNAL: rsi_extreme xyz:TSLA RSI 81 OVERBOUGHT
[2026-03-23T09:58:57.149Z] SIGNAL: rsi_extreme xyz:HOOD RSI 83 OVERBOUGHT
[2026-03-23T09:58:57.149Z] SIGNAL: macd_cross xyz:HOOD BULLISH
[2026-03-23T09:58:57.384Z] SIGNAL: rsi_extreme xyz:NVDA RSI 83 OVERBOUGHT
[2026-03-23T09:58:57.854Z] SIGNAL: macd_cross xyz:ORCL BEARISH
[2026-03-23T09:59:19.130Z] ANALYST: processing 1 scout-passed signal groups
[2026-03-23T09:59:38.483Z] SIGNAL: price_breakout xyz:COIN UP
[2026-03-23T09:59:40.457Z] DECISION: HOLD PAXG — Slots full; gold macro bear overrides bullish signal 
[2026-03-23T09:59:40.457Z] DECISION: HOLD PAXG — Slots full; no whale confirm; gold in bear market 
[2026-03-23T09:59:40.457Z] DECISION: HOLD PAXG — Slots full; 6 consecutive losses on PAXG recently 
[2026-03-23T09:59:40.475Z] LEARNER: FAILING | 45 lessons
[2026-03-23T09:59:52.825Z] SCOUT: SKIP xyz:ORCL (2 signals) — Contradictory signals, weak confidence levels
[2026-03-23T09:59:54.291Z] SCOUT: SKIP xyz:CL (1 signals) — Single oversold signal insufficient
[2026-03-23T09:59:55.320Z] SIGNAL: macd_cross xyz:CL BULLISH
[2026-03-23T09:59:55.578Z] SIGNAL: rsi_extreme xyz:SILVER RSI 80 OVERBOUGHT
[2026-03-23T09:59:55.578Z] SIGNAL: bb_squeeze_breakout xyz:SILVER UP
[2026-03-23T09:59:55.579Z] SIGNAL: macd_cross xyz:SILVER BULLISH
[2026-03-23T09:59:55.902Z] SIGNAL: macd_cross xyz:BRENTOIL BULLISH
[2026-03-23T09:59:56.459Z] SCOUT: SKIP xyz:GOLD (2 signals) — Weak signals, low confidence, contradictory
[2026-03-23T09:59:57.190Z] SIGNAL: ema_cross xyz:HOOD BULLISH
[2026-03-23T09:59:57.693Z] SIGNAL: rsi_extreme xyz:COIN RSI 81 OVERBOUGHT
[2026-03-23T09:59:57.693Z] SIGNAL: ema_cross xyz:COIN BULLISH
[2026-03-23T09:59:57.694Z] SIGNAL: macd_cross xyz:COIN BULLISH
[2026-03-23T09:59:57.994Z] SIGNAL: rsi_extreme xyz:ORCL RSI 77 OVERBOUGHT
[2026-03-23T09:59:58.064Z] SCOUT: SKIP xyz:TSLA (1 signals) — Single overbought RSI, insufficient confluence
[2026-03-23T09:59:59.668Z] SCOUT: SKIP xyz:HOOD (2 signals) — Overbought RSI conflicts bullish MACD signal
[2026-03-23T10:00:01.792Z] SCOUT: SKIP xyz:NVDA (1 signals) — Single overbought signal insufficient
[2026-03-23T10:00:01.792Z] SCOUT: SKIP xyz:COIN (1 signal, conf 55) — no confluence
[2026-03-23T10:00:52.366Z] SCOUT: SKIP xyz:CL (1 signals) — Single weak signal, insufficient confirmation
[2026-03-23T10:00:54.120Z] SCOUT: SKIP xyz:SILVER (3 signals) — RSI overbought contradicts bullish signals
[2026-03-23T10:00:54.120Z] SCOUT: SKIP xyz:BRENTOIL (1 signal, conf 55) — no confluence
[2026-03-23T10:00:54.120Z] SCOUT: SKIP xyz:HOOD (1 signal, conf 55) — no confluence
[2026-03-23T10:00:56.140Z] SCOUT: SKIP xyz:COIN (3 signals) — RSI overbought contradicts bullish momentum signals
[2026-03-23T10:00:56.228Z] SIGNAL: rsi_extreme xyz:GOLD RSI 77 OVERBOUGHT
[2026-03-23T10:00:56.229Z] SIGNAL: macd_cross xyz:GOLD BEARISH
[2026-03-23T10:00:56.229Z] SIGNAL: bb_squeeze_breakout xyz:GOLD DOWN
[2026-03-23T10:00:56.479Z] SIGNAL: rsi_extreme xyz:NATGAS RSI 24 OVERSOLD
[2026-03-23T10:00:57.106Z] SIGNAL: rsi_extreme xyz:TSLA RSI 82 OVERBOUGHT
[2026-03-23T10:00:57.345Z] SIGNAL: rsi_extreme xyz:HOOD RSI 86 OVERBOUGHT
[2026-03-23T10:00:57.346Z] SIGNAL: macd_cross xyz:HOOD BEARISH
[2026-03-23T10:00:57.585Z] SIGNAL: rsi_extreme xyz:NVDA RSI 85 OVERBOUGHT
[2026-03-23T10:00:58.462Z] SIGNAL: price_breakout xyz:HOOD DOWN
[2026-03-23T10:01:52.842Z] SCOUT: SKIP xyz:GOLD (2 signals) — Contradictory signals, weak individual confidence
[2026-03-23T10:01:54.214Z] SIGNAL: rsi_extreme BTC RSI 76 OVERBOUGHT
[2026-03-23T10:01:54.215Z] SIGNAL: ema_cross BTC BEARISH
[2026-03-23T10:01:54.215Z] SIGNAL: bb_squeeze_breakout BTC DOWN
[2026-03-23T10:01:54.215Z] SIGNAL: macd_cross BTC BULLISH
[2026-03-23T10:01:54.312Z] STATUS: 26 coins | WS: OK | Positions: 7 | Tokens: $7.78 (77.8%)
[2026-03-23T10:01:54.461Z] SIGNAL: rsi_extreme ETH RSI 78 OVERBOUGHT
[2026-03-23T10:01:54.461Z] SIGNAL: ema_cross ETH BEARISH
[2026-03-23T10:01:54.461Z] SIGNAL: bb_squeeze_breakout ETH DOWN
[2026-03-23T10:01:54.462Z] SIGNAL: macd_cross ETH BULLISH
[2026-03-23T10:01:54.587Z] SCOUT: SKIP xyz:TSLA (1 signals) — Single overbought signal, insufficient confirmation
[2026-03-23T10:01:54.780Z] SIGNAL: rsi_extreme HYPE RSI 82 OVERBOUGHT
[2026-03-23T10:01:54.780Z] SIGNAL: vwap_deviation HYPE ABOVE
[2026-03-23T10:01:54.781Z] SIGNAL: ema_cross HYPE BEARISH
[2026-03-23T10:01:54.782Z] SIGNAL: macd_cross HYPE BEARISH
[2026-03-23T10:01:55.015Z] SIGNAL: rsi_extreme SOL RSI 80 OVERBOUGHT
[2026-03-23T10:01:55.015Z] SIGNAL: ema_cross SOL BULLISH
[2026-03-23T10:01:55.015Z] SIGNAL: bb_squeeze_breakout SOL UP
[2026-03-23T10:01:55.016Z] SIGNAL: macd_cross SOL BEARISH
[2026-03-23T10:01:55.029Z] SIGNAL: rsi_extreme xyz:CL RSI 23 OVERSOLD
[2026-03-23T10:01:55.279Z] SIGNAL: rsi_extreme XRP RSI 85 OVERBOUGHT
[2026-03-23T10:01:55.279Z] SIGNAL: ema_cross XRP BULLISH
[2026-03-23T10:01:55.279Z] SIGNAL: bb_squeeze_breakout XRP UP
[2026-03-23T10:01:55.280Z] SIGNAL: macd_cross XRP BULLISH
[2026-03-23T10:01:55.297Z] SIGNAL: ema_cross xyz:SILVER BULLISH
[2026-03-23T10:01:55.514Z] SIGNAL: rsi_extreme SUI RSI 85 OVERBOUGHT
[2026-03-23T10:01:55.514Z] SIGNAL: bb_squeeze_breakout SUI UP
[2026-03-23T10:01:55.515Z] SIGNAL: macd_cross SUI BEARISH
[2026-03-23T10:01:55.515Z] SIGNAL: ema_cross SUI BEARISH
[2026-03-23T10:01:55.757Z] SIGNAL: rsi_extreme DOGE RSI 78 OVERBOUGHT
[2026-03-23T10:01:55.758Z] SIGNAL: macd_cross DOGE BEARISH
[2026-03-23T10:01:55.975Z] SCOUT: SKIP xyz:HOOD (3 signals) — Contradictory signals: overbought vs bearish momentum
[2026-03-23T10:01:55.993Z] SIGNAL: rsi_extreme BNB RSI 82 OVERBOUGHT
[2026-03-23T10:01:55.993Z] SIGNAL: bb_squeeze_breakout BNB UP
[2026-03-23T10:01:56.312Z] SIGNAL: rsi_extreme PAXG RSI 77 OVERBOUGHT
[2026-03-23T10:01:56.312Z] SIGNAL: macd_cross PAXG BULLISH
[2026-03-23T10:01:56.312Z] SIGNAL: vwap_deviation PAXG ABOVE
[2026-03-23T10:01:56.312Z] SIGNAL: ema_cross PAXG BEARISH
[2026-03-23T10:01:56.548Z] SIGNAL: rsi_extreme AVAX RSI 86 OVERBOUGHT
[2026-03-23T10:01:56.549Z] SIGNAL: ema_cross AVAX BULLISH
[2026-03-23T10:01:56.549Z] SIGNAL: bb_squeeze_breakout AVAX UP
[2026-03-23T10:01:56.549Z] SIGNAL: macd_cross AVAX BEARISH
[2026-03-23T10:01:56.784Z] SIGNAL: rsi_extreme LINK RSI 85 OVERBOUGHT
[2026-03-23T10:01:56.784Z] SIGNAL: ema_cross LINK BULLISH
[2026-03-23T10:01:56.784Z] SIGNAL: bb_squeeze_breakout LINK UP
[2026-03-23T10:01:56.785Z] SIGNAL: macd_cross LINK BEARISH
[2026-03-23T10:01:57.018Z] SIGNAL: rsi_extreme AAVE RSI 86 OVERBOUGHT
[2026-03-23T10:01:57.018Z] SIGNAL: ema_cross AAVE BULLISH
[2026-03-23T10:01:57.018Z] SIGNAL: bb_squeeze_breakout AAVE UP
[2026-03-23T10:01:57.018Z] SIGNAL: vwap_deviation AAVE ABOVE
[2026-03-23T10:01:57.018Z] SIGNAL: macd_cross AAVE BEARISH
[2026-03-23T10:01:57.264Z] SIGNAL: rsi_extreme ENA RSI 86 OVERBOUGHT
[2026-03-23T10:01:57.264Z] SIGNAL: ema_cross ENA BULLISH
[2026-03-23T10:01:57.265Z] SIGNAL: vwap_deviation ENA ABOVE
[2026-03-23T10:01:57.265Z] SIGNAL: macd_cross ENA BEARISH
[2026-03-23T10:01:57.500Z] SIGNAL: rsi_extreme kPEPE RSI 84 OVERBOUGHT
[2026-03-23T10:01:57.500Z] SIGNAL: ema_cross kPEPE BULLISH
[2026-03-23T10:01:57.500Z] SIGNAL: bb_squeeze_breakout kPEPE UP
[2026-03-23T10:01:57.500Z] SIGNAL: macd_cross kPEPE BEARISH
[2026-03-23T10:01:57.545Z] SCOUT: SKIP xyz:NVDA (1 signals) — Single weak overbought signal insufficient
[2026-03-23T10:01:57.736Z] SIGNAL: rsi_extreme SEI RSI 89 OVERBOUGHT
[2026-03-23T10:01:57.736Z] SIGNAL: ema_cross SEI BULLISH
[2026-03-23T10:01:57.736Z] SIGNAL: vwap_deviation SEI ABOVE
[2026-03-23T10:01:57.736Z] SIGNAL: macd_cross SEI BEARISH
[2026-03-23T10:02:17.462Z] SIGNAL: volume_spike DOGE 4.1x avg
[2026-03-23T10:02:18.488Z] SIGNAL: price_breakout xyz:ORCL UP
[2026-03-23T10:02:19.972Z] SIGNAL: volume_spike SEI 4.1x avg
[2026-03-23T10:02:52.830Z] SCOUT: SKIP BTC (3 signals) — Contradictory signals, weak confidence levels
[2026-03-23T10:02:54.660Z] SCOUT: SKIP ETH (3 signals) — Contradictory signals, weak conviction
[2026-03-23T10:02:55.289Z] SIGNAL: rsi_extreme xyz:SILVER RSI 76 OVERBOUGHT
[2026-03-23T10:02:55.290Z] SIGNAL: macd_cross xyz:SILVER BULLISH
[2026-03-23T10:02:57.131Z] SCOUT: SKIP HYPE (4 signals) — Overbought with bearish crossover conflict
[2026-03-23T10:02:57.151Z] SIGNAL: rsi_extreme xyz:TSLA RSI 83 OVERBOUGHT
[2026-03-23T10:02:57.470Z] SIGNAL: rsi_extreme xyz:HOOD RSI 81 OVERBOUGHT
[2026-03-23T10:02:57.470Z] SIGNAL: ema_cross xyz:HOOD BULLISH
[2026-03-23T10:02:57.471Z] SIGNAL: macd_cross xyz:HOOD BEARISH
[2026-03-23T10:02:57.704Z] SIGNAL: rsi_extreme xyz:NVDA RSI 76 OVERBOUGHT
[2026-03-23T10:02:57.981Z] SIGNAL: rsi_extreme xyz:COIN RSI 79 OVERBOUGHT
[2026-03-23T10:02:57.982Z] SIGNAL: macd_cross xyz:COIN BULLISH
[2026-03-23T10:02:58.219Z] SIGNAL: rsi_extreme xyz:ORCL RSI 88 OVERBOUGHT
[2026-03-23T10:02:59.085Z] SCOUT: SKIP SOL (3 signals) — Contradictory signals, weak confidence spread
[2026-03-23T10:03:00.674Z] SCOUT: SKIP XRP (4 signals) — RSI overbought contradicts bullish signals
[2026-03-23T10:03:02.078Z] SCOUT: SKIP xyz:SILVER (1 signals) — Single weak bullish signal, insufficient confirmation
[2026-03-23T10:03:03.761Z] SCOUT: SKIP SUI (4 signals) — Overbought RSI contradicts bearish momentum signals
[2026-03-23T10:03:03.761Z] SCOUT: SKIP DOGE (1 signal, conf 59) — no confluence
[2026-03-23T10:03:05.456Z] SCOUT: SKIP BNB (2 signals) — RSI overbought contradicts breakout signal
[2026-03-23T10:03:09.279Z] SCOUT: SKIP PAXG (3 signals) — Contradictory signals, weak EMA bearish conflict
[2026-03-23T10:03:11.025Z] SCOUT: SKIP AVAX (4 signals) — Overbought RSI contradicts bullish setup
[2026-03-23T10:03:13.482Z] SCOUT: SKIP LINK (4 signals) — Overbought RSI conflicts with bullish signals
[2026-03-23T10:03:15.391Z] SCOUT: SKIP AAVE (5 signals) — RSI overbought conflicts with bullish EMA setup
[2026-03-23T10:03:17.095Z] SCOUT: SKIP ENA (4 signals) — Overbought RSI conflicts with bullish signals
[2026-03-23T10:03:20.262Z] SCOUT: SKIP kPEPE (4 signals) — Overbought RSI conflicts with bullish signals
[2026-03-23T10:03:22.139Z] SCOUT: SKIP SEI (4 signals) — Overbought RSI conflicts with bullish signals
[2026-03-23T10:03:22.139Z] SCOUT: SKIP xyz:ORCL (1 signal, conf 59) — no confluence
[2026-03-23T10:03:38.491Z] SIGNAL: price_breakout xyz:HOOD UP
[2026-03-23T10:03:50.063Z] SCOUT: SKIP xyz:SILVER (1 signal, conf 58) — no confluence
[2026-03-23T10:03:53.153Z] SCOUT: SKIP xyz:TSLA (1 signals) — Single overbought signal insufficient
[2026-03-23T10:03:55.045Z] SCOUT: SKIP xyz:HOOD (4 signals) — Contradictory signals, RSI overbought warning
[2026-03-23T10:03:55.045Z] SCOUT: SKIP xyz:COIN (1 signal, conf 58) — no confluence
[2026-03-23T10:03:55.119Z] SIGNAL: rsi_extreme xyz:CL RSI 23 OVERSOLD
[2026-03-23T10:03:55.612Z] SIGNAL: rsi_extreme xyz:BRENTOIL RSI 25 OVERSOLD
[2026-03-23T10:03:55.871Z] SIGNAL: rsi_extreme xyz:GOLD RSI 76 OVERBOUGHT
[2026-03-23T10:03:55.871Z] SIGNAL: macd_cross xyz:GOLD BEARISH
[2026-03-23T10:03:55.871Z] SIGNAL: bb_squeeze_breakout xyz:GOLD DOWN
[2026-03-23T10:03:56.105Z] SIGNAL: rsi_extreme xyz:NATGAS RSI 24 OVERSOLD
[2026-03-23T10:03:57.146Z] SCOUT: SKIP xyz:ORCL (1 signals) — Single overbought RSI signal insufficient
[2026-03-23T10:04:23.511Z] SIGNAL: price_breakout xyz:ORCL UP
[2026-03-23T10:04:52.762Z] SCOUT: SKIP xyz:GOLD (2 signals) — Weak signals, low confidence threshold
[2026-03-23T10:04:54.619Z] SCOUT: SKIP xyz:ORCL (1 signals) — Single weak signal insufficient confirmation
[2026-03-23T10:04:55.370Z] SIGNAL: macd_cross xyz:SILVER BEARISH
[2026-03-23T10:04:55.371Z] SIGNAL: rsi_extreme xyz:SILVER RSI 82 OVERBOUGHT
[2026-03-23T10:04:56.112Z] SIGNAL: macd_cross xyz:NATGAS BEARISH
[2026-03-23T10:04:56.667Z] SIGNAL: ema_cross xyz:TSLA BULLISH
[2026-03-23T10:05:04.627Z] SIGNAL: ema_cross SEI BULLISH
[2026-03-23T10:05:11.100Z] SIGNAL: volume_spike XRP 4.7x avg
[2026-03-23T10:05:53.385Z] SCOUT: SKIP xyz:SILVER (2 signals) — Weak bearish signal, low MACD confidence
[2026-03-23T10:05:53.386Z] SCOUT: SKIP xyz:NATGAS (1 signal, conf 59) — no confluence
[2026-03-23T10:05:53.386Z] SCOUT: SKIP xyz:TSLA (1 signal, conf 55) — no confluence
[2026-03-23T10:05:53.386Z] SCOUT: SKIP SEI (1 signal, conf 59) — no confluence
[2026-03-23T10:05:55.351Z] SIGNAL: ema_cross xyz:SILVER BULLISH
[2026-03-23T10:05:55.886Z] SIGNAL: rsi_extreme xyz:GOLD RSI 76 OVERBOUGHT
[2026-03-23T10:05:55.887Z] SIGNAL: macd_cross xyz:GOLD BEARISH
[2026-03-23T10:05:55.887Z] SIGNAL: bb_squeeze_breakout xyz:GOLD DOWN
[2026-03-23T10:05:56.637Z] SIGNAL: rsi_extreme xyz:TSLA RSI 88 OVERBOUGHT
[2026-03-23T10:05:56.880Z] SIGNAL: macd_cross xyz:HOOD BEARISH
[2026-03-23T10:05:56.880Z] SIGNAL: rsi_extreme xyz:HOOD RSI 19 OVERSOLD
[2026-03-23T10:05:57.146Z] SIGNAL: rsi_extreme xyz:NVDA RSI 77 OVERBOUGHT
[2026-03-23T10:05:57.400Z] SIGNAL: rsi_extreme xyz:COIN RSI 80 OVERBOUGHT
[2026-03-23T10:05:57.401Z] SIGNAL: macd_cross xyz:COIN BULLISH
[2026-03-23T10:05:57.643Z] SIGNAL: rsi_extreme xyz:ORCL RSI 88 OVERBOUGHT
[2026-03-23T10:06:06.579Z] SIGNAL: rsi_extreme SEI RSI 76 OVERBOUGHT
[2026-03-23T10:06:50.649Z] SCOUT: SKIP xyz:SILVER (1 signal, conf 56) — no confluence
[2026-03-23T10:06:52.644Z] SCOUT: SKIP xyz:GOLD (2 signals) — Weak signals, bearish bias, low confidence
[2026-03-23T10:06:54.312Z] STATUS: 26 coins | WS: OK | Positions: 7 | Tokens: $7.80 (78.0%)
[2026-03-23T10:06:54.449Z] SIGNAL: rsi_extreme BTC RSI 75 OVERBOUGHT
[2026-03-23T10:06:54.449Z] SIGNAL: ema_cross BTC BEARISH
[2026-03-23T10:06:54.449Z] SIGNAL: bb_squeeze_breakout BTC DOWN
[2026-03-23T10:06:54.450Z] SIGNAL: macd_cross BTC BULLISH
[2026-03-23T10:06:54.517Z] SCOUT: SKIP xyz:TSLA (1 signals) — Single overbought RSI, no confirmation
[2026-03-23T10:06:54.682Z] SIGNAL: rsi_extreme ETH RSI 80 OVERBOUGHT
[2026-03-23T10:06:54.683Z] SIGNAL: ema_cross ETH BULLISH
[2026-03-23T10:06:54.683Z] SIGNAL: bb_squeeze_breakout ETH UP
[2026-03-23T10:06:54.683Z] SIGNAL: macd_cross ETH BULLISH
[2026-03-23T10:06:54.922Z] SIGNAL: rsi_extreme HYPE RSI 84 OVERBOUGHT
[2026-03-23T10:06:54.922Z] SIGNAL: ema_cross HYPE BULLISH
[2026-03-23T10:06:54.922Z] SIGNAL: vwap_deviation HYPE ABOVE
[2026-03-23T10:06:54.923Z] SIGNAL: macd_cross HYPE BEARISH
[2026-03-23T10:06:55.047Z] SIGNAL: rsi_extreme xyz:CL RSI 25 OVERSOLD
[2026-03-23T10:06:55.156Z] SIGNAL: rsi_extreme SOL RSI 84 OVERBOUGHT
[2026-03-23T10:06:55.156Z] SIGNAL: ema_cross SOL BULLISH
[2026-03-23T10:06:55.156Z] SIGNAL: bb_squeeze_breakout SOL UP
[2026-03-23T10:06:55.375Z] SIGNAL: rsi_extreme xyz:SILVER RSI 76 OVERBOUGHT
[2026-03-23T10:06:55.375Z] SIGNAL: macd_cross xyz:SILVER BULLISH
[2026-03-23T10:06:55.441Z] SIGNAL: rsi_extreme XRP RSI 86 OVERBOUGHT
[2026-03-23T10:06:55.441Z] SIGNAL: ema_cross XRP BULLISH
[2026-03-23T10:06:55.441Z] SIGNAL: bb_squeeze_breakout XRP UP
[2026-03-23T10:06:55.441Z] SIGNAL: macd_cross XRP BEARISH
[2026-03-23T10:06:55.676Z] SIGNAL: rsi_extreme SUI RSI 86 OVERBOUGHT
[2026-03-23T10:06:55.676Z] SIGNAL: bb_squeeze_breakout SUI UP
[2026-03-23T10:06:55.676Z] SIGNAL: ema_cross SUI BEARISH
[2026-03-23T10:06:55.908Z] SIGNAL: rsi_extreme DOGE RSI 80 OVERBOUGHT
[2026-03-23T10:06:55.909Z] SIGNAL: ema_cross DOGE BULLISH
[2026-03-23T10:06:55.909Z] SIGNAL: bb_squeeze_breakout DOGE UP
[2026-03-23T10:06:55.910Z] SIGNAL: macd_cross DOGE BULLISH
[2026-03-23T10:06:56.143Z] SIGNAL: rsi_extreme BNB RSI 83 OVERBOUGHT
[2026-03-23T10:06:56.144Z] SIGNAL: bb_squeeze_breakout BNB DOWN
[2026-03-23T10:06:56.165Z] SIGNAL: macd_cross xyz:NATGAS BEARISH
[2026-03-23T10:06:56.231Z] SCOUT: SKIP xyz:HOOD (2 signals) — Single weak signal, RSI contradicts MACD direction
[2026-03-23T10:06:56.626Z] SIGNAL: rsi_extreme PAXG RSI 79 OVERBOUGHT
[2026-03-23T10:06:56.626Z] SIGNAL: macd_cross PAXG BULLISH
[2026-03-23T10:06:56.626Z] SIGNAL: vwap_deviation PAXG ABOVE
[2026-03-23T10:06:56.863Z] SIGNAL: rsi_extreme AVAX RSI 87 OVERBOUGHT
[2026-03-23T10:06:56.863Z] SIGNAL: ema_cross AVAX BULLISH
[2026-03-23T10:06:56.863Z] SIGNAL: bb_squeeze_breakout AVAX UP
[2026-03-23T10:06:56.864Z] SIGNAL: macd_cross AVAX BULLISH
[2026-03-23T10:06:56.886Z] SIGNAL: ema_cross xyz:TSLA BULLISH
[2026-03-23T10:06:57.244Z] SIGNAL: rsi_extreme LINK RSI 85 OVERBOUGHT
[2026-03-23T10:06:57.244Z] SIGNAL: ema_cross LINK BULLISH
[2026-03-23T10:06:57.244Z] SIGNAL: bb_squeeze_breakout LINK UP
[2026-03-23T10:06:57.245Z] SIGNAL: macd_cross LINK BULLISH
[2026-03-23T10:06:57.581Z] SIGNAL: rsi_extreme AAVE RSI 87 OVERBOUGHT
[2026-03-23T10:06:57.581Z] SIGNAL: ema_cross AAVE BULLISH
[2026-03-23T10:06:57.581Z] SIGNAL: bb_squeeze_breakout AAVE UP
[2026-03-23T10:06:57.581Z] SIGNAL: vwap_deviation AAVE ABOVE
[2026-03-23T10:06:57.582Z] SIGNAL: macd_cross AAVE BEARISH
[2026-03-23T10:06:57.815Z] SIGNAL: rsi_extreme ENA RSI 86 OVERBOUGHT
[2026-03-23T10:06:57.815Z] SIGNAL: ema_cross ENA BULLISH
[2026-03-23T10:06:57.815Z] SIGNAL: vwap_deviation ENA ABOVE
[2026-03-23T10:06:57.816Z] SIGNAL: macd_cross ENA BEARISH
[2026-03-23T10:06:58.050Z] SIGNAL: rsi_extreme kPEPE RSI 84 OVERBOUGHT
[2026-03-23T10:06:58.050Z] SIGNAL: bb_squeeze_breakout kPEPE UP
[2026-03-23T10:06:58.052Z] SIGNAL: macd_cross kPEPE BULLISH
[2026-03-23T10:06:58.304Z] SIGNAL: vwap_deviation SEI ABOVE
[2026-03-23T10:06:58.305Z] SIGNAL: macd_cross SEI BULLISH
[2026-03-23T10:07:00.208Z] SCOUT: SKIP xyz:COIN (2 signals) — Overbought RSI contradicts bullish MACD
[2026-03-23T10:07:01.701Z] SCOUT: SKIP xyz:ORCL (1 signals) — Single overbought RSI signal insufficient
[2026-03-23T10:07:08.361Z] SIGNAL: ema_cross SEI BULLISH
[2026-03-23T10:07:23.517Z] SIGNAL: price_breakout xyz:ORCL UP
[2026-03-23T10:07:52.311Z] SCOUT: SKIP BTC (3 signals) — Contradictory signals, weak confidence levels
[2026-03-23T10:07:54.620Z] SCOUT: SKIP ETH (4 signals) — RSI overbought conflicts bullish momentum signals
[2026-03-23T10:07:55.032Z] SIGNAL: ema_cross xyz:CL BEARISH
[2026-03-23T10:07:55.366Z] SIGNAL: ema_cross xyz:SILVER BEARISH
[2026-03-23T10:07:55.911Z] SIGNAL: rsi_extreme xyz:GOLD RSI 77 OVERBOUGHT
[2026-03-23T10:07:55.911Z] SIGNAL: macd_cross xyz:GOLD BEARISH
[2026-03-23T10:07:55.913Z] SIGNAL: bb_squeeze_breakout xyz:GOLD DOWN
[2026-03-23T10:07:56.234Z] SCOUT: SKIP HYPE (4 signals) — Contradictory signals: bullish cross vs bearish MACD
[2026-03-23T10:07:56.776Z] SIGNAL: rsi_extreme xyz:TSLA RSI 86 OVERBOUGHT
[2026-03-23T10:07:56.776Z] SIGNAL: macd_cross xyz:TSLA BULLISH
[2026-03-23T10:07:57.016Z] SIGNAL: rsi_extreme xyz:HOOD RSI 75 OVERBOUGHT
[2026-03-23T10:07:57.017Z] SIGNAL: macd_cross xyz:HOOD BEARISH
[2026-03-23T10:07:57.253Z] SIGNAL: rsi_extreme xyz:NVDA RSI 80 OVERBOUGHT
[2026-03-23T10:07:57.553Z] SIGNAL: rsi_extreme xyz:COIN RSI 80 OVERBOUGHT
[2026-03-23T10:07:57.554Z] SIGNAL: macd_cross xyz:COIN BULLISH
[2026-03-23T10:07:57.833Z] SIGNAL: rsi_extreme xyz:ORCL RSI 88 OVERBOUGHT
[2026-03-23T10:07:57.884Z] SCOUT: SKIP SOL (3 signals) — RSI overbought contradicts bullish momentum signals
[2026-03-23T10:07:57.884Z] SCOUT: SKIP xyz:SILVER (1 signal, conf 57) — no confluence
[2026-03-23T10:07:58.475Z] SIGNAL: price_breakout xyz:NATGAS DOWN
[2026-03-23T10:07:59.609Z] SCOUT: SKIP XRP (4 signals) — Overbought RSI contradicts bullish signals
[2026-03-23T10:08:01.216Z] SCOUT: SKIP SUI (3 signals) — Overbought with bearish cross conflict
[2026-03-23T10:08:02.949Z] SCOUT: SKIP DOGE (3 signals) — Weak signals, low conviction across board
[2026-03-23T10:08:04.677Z] SCOUT: SKIP BNB (2 signals) — Contradictory signals, overbought RSI vs breakout
[2026-03-23T10:08:04.677Z] SCOUT: SKIP xyz:NATGAS (1 signal, conf 64) — no confluence
[2026-03-23T10:08:06.950Z] SCOUT: SKIP PAXG (2 signals) — Single strong signal insufficient without confirmation
[2026-03-23T10:08:08.566Z] SCOUT: SKIP AVAX (4 signals) — RSI overbought conflicts with bullish signals
[2026-03-23T10:08:08.566Z] SCOUT: SKIP xyz:TSLA (1 signal, conf 59) — no confluence
[2026-03-23T10:08:10.282Z] SCOUT: SKIP LINK (4 signals) — RSI overbought conflicts bullish signals
[2026-03-23T10:08:12.330Z] SCOUT: SKIP AAVE (5 signals) — Overbought with bearish MACD contradiction
[2026-03-23T10:08:13.872Z] SCOUT: SKIP ENA (4 signals) — Contradictory signals: bullish EMA cross vs bearish MACD
[2026-03-23T10:08:15.986Z] SCOUT: SKIP kPEPE (3 signals) — RSI overbought contradicts breakout strength
[2026-03-23T10:08:17.516Z] SCOUT: PASS SEI (3 signals, 65%) — Three aligned bullish signals, moderate confluence [analyst buf: 1]
[2026-03-23T10:08:19.112Z] SCOUT: SKIP xyz:ORCL (1 signals) — Single weak signal insufficient for trade
[2026-03-23T10:08:19.131Z] ANALYST: processing 1 scout-passed signal groups
[2026-03-23T10:08:38.238Z] DECISION: HOLD SEI — Strategy full 2/2, scout below 70% threshold 
[2026-03-23T10:08:38.238Z] DECISION: HOLD SEI — Strategy full 2/2, scout below 70% threshold 
[2026-03-23T10:08:38.238Z] DECISION: HOLD SEI — Strategy full 3/3, only 1 signal clears 70% 
[2026-03-23T10:08:50.856Z] SCOUT: SKIP xyz:CL (1 signal, conf 59) — no confluence
[2026-03-23T10:08:50.856Z] SCOUT: SKIP xyz:SILVER (1 signal, conf 58) — no confluence
[2026-03-23T10:08:52.866Z] SCOUT: SKIP xyz:GOLD (2 signals) — Weak signals, low confidence, bearish bias
[2026-03-23T10:08:54.627Z] SCOUT: SKIP xyz:TSLA (2 signals) — RSI overbought conflicts with bullish MACD
[2026-03-23T10:08:54.627Z] SCOUT: SKIP xyz:HOOD (1 signal, conf 62) — no confluence
[2026-03-23T10:08:55.580Z] SIGNAL: rsi_extreme xyz:CL RSI 24 OVERSOLD
[2026-03-23T10:08:55.850Z] SIGNAL: rsi_extreme xyz:SILVER RSI 78 OVERBOUGHT
[2026-03-23T10:08:55.850Z] SIGNAL: macd_cross xyz:SILVER BEARISH
[2026-03-23T10:08:58.495Z] SCOUT: SKIP xyz:COIN (2 signals) — RSI overbought contradicts bullish MACD signal
[2026-03-23T10:09:00.371Z] SCOUT: SKIP xyz:ORCL (1 signals) — Single overbought signal, insufficient confirmation
[2026-03-23T10:09:00.371Z] SCOUT: SKIP xyz:NATGAS (1 signal, conf 60) — no confluence
[2026-03-23T10:09:07.872Z] SIGNAL: rsi_extreme SEI RSI 76 OVERBOUGHT
[2026-03-23T10:09:10.303Z] SIGNAL: ema_cross SEI BULLISH
[2026-03-23T10:09:13.732Z] SIGNAL: rsi_extreme XRP RSI 75 OVERBOUGHT
[2026-03-23T10:09:13.732Z] SIGNAL: ema_cross kPEPE BULLISH
[2026-03-23T10:09:14.601Z] SIGNAL: rsi_extreme SUI RSI 76 OVERBOUGHT
[2026-03-23T10:09:23.517Z] SIGNAL: price_breakout xyz:ORCL UP
[2026-03-23T10:09:40.479Z] SIGNAL: volume_spike ENA 4.3x avg
[2026-03-23T10:09:40.983Z] SIGNAL: volume_spike kPEPE 4.1x avg
[2026-03-23T10:09:44.913Z] SIGNAL: volume_spike DOGE 4.4x avg
[2026-03-23T10:09:50.863Z] SCOUT: SKIP xyz:SILVER (1 signal, conf 61) — no confluence
[2026-03-23T10:09:52.530Z] SCOUT: SKIP SEI (1 signals) — Single weak bullish signal insufficient
[2026-03-23T10:09:52.530Z] SCOUT: SKIP kPEPE (1 signal, conf 55) — no confluence
[2026-03-23T10:09:54.051Z] SCOUT: SKIP xyz:ORCL (1 signals) — Single weak signal, insufficient confluence
[2026-03-23T10:09:55.043Z] SIGNAL: ema_cross xyz:CL BEARISH
[2026-03-23T10:09:56.341Z] SIGNAL: rsi_extreme xyz:GOLD RSI 78 OVERBOUGHT
[2026-03-23T10:09:56.341Z] SIGNAL: macd_cross xyz:GOLD BEARISH
[2026-03-23T10:09:56.341Z] SIGNAL: ema_cross xyz:GOLD BEARISH
[2026-03-23T10:09:56.341Z] SIGNAL: bb_squeeze_breakout xyz:GOLD DOWN
[2026-03-23T10:09:56.600Z] SIGNAL: rsi_extreme xyz:NATGAS RSI 22 OVERSOLD
[2026-03-23T10:09:57.161Z] SIGNAL: rsi_extreme xyz:TSLA RSI 83 OVERBOUGHT
[2026-03-23T10:09:57.161Z] SIGNAL: ema_cross xyz:TSLA BULLISH
[2026-03-23T10:09:57.161Z] SIGNAL: macd_cross xyz:TSLA BULLISH
[2026-03-23T10:09:57.399Z] SIGNAL: rsi_extreme xyz:HOOD RSI 76 OVERBOUGHT
[2026-03-23T10:09:57.400Z] SIGNAL: macd_cross xyz:HOOD BULLISH
[2026-03-23T10:09:57.634Z] SIGNAL: rsi_extreme xyz:NVDA RSI 79 OVERBOUGHT
[2026-03-23T10:09:57.868Z] SIGNAL: rsi_extreme xyz:COIN RSI 80 OVERBOUGHT
[2026-03-23T10:09:57.869Z] SIGNAL: macd_cross xyz:COIN BULLISH
[2026-03-23T10:09:58.105Z] SIGNAL: rsi_extreme xyz:ORCL RSI 88 OVERBOUGHT
[2026-03-23T10:10:50.854Z] SCOUT: SKIP xyz:CL (1 signal, conf 57) — no confluence
[2026-03-23T10:10:53.712Z] SCOUT: SKIP xyz:GOLD (3 signals) — Multiple bearish signals but weak confidence levels
[2026-03-23T10:10:55.290Z] SIGNAL: ema_cross xyz:SILVER BEARISH
[2026-03-23T10:10:55.385Z] SCOUT: SKIP xyz:TSLA (3 signals) — Overbought RSI contradicts bullish momentum signals
[2026-03-23T10:10:55.385Z] SCOUT: SKIP xyz:HOOD (1 signal, conf 56) — no confluence
[2026-03-23T10:10:57.017Z] SCOUT: SKIP xyz:COIN (2 signals) — Overbought RSI contradicts bullish MACD signal
[2026-03-23T10:10:57.804Z] SIGNAL: rsi_extreme BNB RSI 75 OVERBOUGHT
[2026-03-23T10:10:58.989Z] SCOUT: SKIP xyz:ORCL (1 signals) — Single overbought signal, insufficient confirmation
[2026-03-23T10:11:50.009Z] SIGNAL: bb_squeeze_breakout SUI UP
[2026-03-23T10:11:50.423Z] SCOUT: SKIP xyz:SILVER (1 signal, conf 57) — no confluence
[2026-03-23T10:11:54.224Z] SIGNAL: rsi_extreme BTC RSI 76 OVERBOUGHT
[2026-03-23T10:11:54.224Z] SIGNAL: ema_cross BTC BEARISH
[2026-03-23T10:11:54.224Z] SIGNAL: bb_squeeze_breakout BTC DOWN
[2026-03-23T10:11:54.224Z] SIGNAL: macd_cross BTC BULLISH
[2026-03-23T10:11:54.312Z] STATUS: 26 coins | WS: OK | Positions: 7 | Tokens: $7.85 (78.5%)
[2026-03-23T10:11:54.465Z] SIGNAL: rsi_extreme ETH RSI 83 OVERBOUGHT
[2026-03-23T10:11:54.465Z] SIGNAL: bb_squeeze_breakout ETH UP
[2026-03-23T10:11:54.466Z] SIGNAL: ema_cross ETH BEARISH
[2026-03-23T10:11:54.466Z] SIGNAL: macd_cross ETH BULLISH
[2026-03-23T10:11:54.701Z] SIGNAL: rsi_extreme HYPE RSI 85 OVERBOUGHT
[2026-03-23T10:11:54.701Z] SIGNAL: ema_cross HYPE BULLISH
[2026-03-23T10:11:54.702Z] SIGNAL: vwap_deviation HYPE ABOVE
[2026-03-23T10:11:54.702Z] SIGNAL: macd_cross HYPE BEARISH
[2026-03-23T10:11:54.937Z] SIGNAL: rsi_extreme SOL RSI 86 OVERBOUGHT
[2026-03-23T10:11:54.937Z] SIGNAL: bb_squeeze_breakout SOL UP
[2026-03-23T10:11:54.938Z] SIGNAL: macd_cross SOL BEARISH
[2026-03-23T10:11:55.032Z] SIGNAL: rsi_extreme xyz:CL RSI 23 OVERSOLD
[2026-03-23T10:11:55.174Z] SIGNAL: bb_squeeze_breakout XRP UP
[2026-03-23T10:11:55.174Z] SIGNAL: rsi_extreme XRP RSI 24 OVERSOLD
[2026-03-23T10:11:55.175Z] SIGNAL: macd_cross XRP BULLISH
[2026-03-23T10:11:55.333Z] SIGNAL: rsi_extreme xyz:SILVER RSI 76 OVERBOUGHT
[2026-03-23T10:11:55.333Z] SIGNAL: macd_cross xyz:SILVER BULLISH
[2026-03-23T10:11:55.409Z] SIGNAL: macd_cross SUI BEARISH
[2026-03-23T10:11:55.410Z] SIGNAL: ema_cross SUI BEARISH
[2026-03-23T10:11:55.410Z] SIGNAL: rsi_extreme SUI RSI 16 OVERSOLD
[2026-03-23T10:11:55.647Z] SIGNAL: rsi_extreme DOGE RSI 80 OVERBOUGHT
[2026-03-23T10:11:55.647Z] SIGNAL: bb_squeeze_breakout DOGE UP
[2026-03-23T10:11:55.648Z] SIGNAL: macd_cross DOGE BULLISH
[2026-03-23T10:11:55.961Z] SIGNAL: bb_squeeze_breakout BNB DOWN
[2026-03-23T10:11:56.196Z] SIGNAL: rsi_extreme PAXG RSI 80 OVERBOUGHT
[2026-03-23T10:11:56.196Z] SIGNAL: vwap_deviation PAXG ABOVE
[2026-03-23T10:11:56.197Z] SIGNAL: macd_cross PAXG BEARISH
[2026-03-23T10:11:56.197Z] SIGNAL: ema_cross PAXG BEARISH
[2026-03-23T10:11:56.444Z] SIGNAL: rsi_extreme AVAX RSI 87 OVERBOUGHT
[2026-03-23T10:11:56.444Z] SIGNAL: bb_squeeze_breakout AVAX UP
[2026-03-23T10:11:56.445Z] SIGNAL: macd_cross AVAX BULLISH
[2026-03-23T10:11:56.680Z] SIGNAL: rsi_extreme LINK RSI 87 OVERBOUGHT
[2026-03-23T10:11:56.680Z] SIGNAL: bb_squeeze_breakout LINK UP
[2026-03-23T10:11:56.681Z] SIGNAL: macd_cross LINK BULLISH
[2026-03-23T10:11:57.376Z] SIGNAL: rsi_extreme AAVE RSI 88 OVERBOUGHT
[2026-03-23T10:11:57.376Z] SIGNAL: bb_squeeze_breakout AAVE UP
[2026-03-23T10:11:57.376Z] SIGNAL: vwap_deviation AAVE ABOVE
[2026-03-23T10:11:57.376Z] SIGNAL: macd_cross AAVE BEARISH
[2026-03-23T10:11:57.377Z] SIGNAL: ema_cross AAVE BEARISH
[2026-03-23T10:11:57.636Z] SIGNAL: rsi_extreme ENA RSI 88 OVERBOUGHT
[2026-03-23T10:11:57.636Z] SIGNAL: vwap_deviation ENA ABOVE
[2026-03-23T10:11:57.636Z] SIGNAL: macd_cross ENA BEARISH
[2026-03-23T10:11:57.871Z] SIGNAL: rsi_extreme kPEPE RSI 83 OVERBOUGHT
[2026-03-23T10:11:57.873Z] SIGNAL: macd_cross kPEPE BULLISH
[2026-03-23T10:11:57.873Z] SIGNAL: ema_cross kPEPE BULLISH
[2026-03-23T10:11:58.197Z] SIGNAL: vwap_deviation SEI ABOVE
[2026-03-23T10:11:58.198Z] SIGNAL: rsi_extreme SEI RSI 16 OVERSOLD
[2026-03-23T10:11:58.198Z] SIGNAL: macd_cross SEI BULLISH
[2026-03-23T10:11:58.199Z] SIGNAL: ema_cross SEI BULLISH
[2026-03-23T10:12:28.591Z] SIGNAL: price_breakout xyz:ORCL DOWN
[2026-03-23T10:12:52.691Z] SCOUT: SKIP SUI (4 signals) — Contradictory signals, bearish momentum dominates
[2026-03-23T10:12:54.421Z] SCOUT: SKIP BTC (3 signals) — Contradictory signals, weak confidence levels
[2026-03-23T10:12:55.839Z] SIGNAL: macd_cross xyz:GOLD BULLISH
[2026-03-23T10:12:55.839Z] SIGNAL: rsi_extreme xyz:GOLD RSI 75 OVERBOUGHT
[2026-03-23T10:12:55.840Z] SIGNAL: ema_cross xyz:GOLD BEARISH
[2026-03-23T10:12:55.841Z] SIGNAL: bb_squeeze_breakout xyz:GOLD DOWN
[2026-03-23T10:12:56.009Z] SCOUT: SKIP ETH (4 signals) — Contradictory signals, extreme RSI warns reversal
[2026-03-23T10:12:56.620Z] SIGNAL: rsi_extreme xyz:TSLA RSI 84 OVERBOUGHT
[2026-03-23T10:12:56.854Z] SIGNAL: rsi_extreme xyz:HOOD RSI 78 OVERBOUGHT
[2026-03-23T10:12:56.855Z] SIGNAL: macd_cross xyz:HOOD BULLISH
[2026-03-23T10:12:57.107Z] SIGNAL: rsi_extreme xyz:NVDA RSI 76 OVERBOUGHT
[2026-03-23T10:12:57.651Z] SCOUT: SKIP HYPE (4 signals) — Overbought RSI contradicts bullish signals
[2026-03-23T10:12:57.977Z] SIGNAL: rsi_extreme xyz:COIN RSI 23 OVERSOLD
[2026-03-23T10:12:57.977Z] SIGNAL: macd_cross xyz:COIN BULLISH
[2026-03-23T10:12:58.212Z] SIGNAL: rsi_extreme xyz:ORCL RSI 88 OVERBOUGHT
[2026-03-23T10:12:59.696Z] SCOUT: SKIP SOL (3 signals) — Conflicting signals, overbought RSI warns pullback
[2026-03-23T10:13:01.775Z] SCOUT: SKIP XRP (2 signals) — Weak signals, low MACD confidence threshold
[2026-03-23T10:13:01.775Z] SCOUT: SKIP xyz:SILVER (1 signal, conf 63) — no confluence
[2026-03-23T10:13:03.596Z] SCOUT: SKIP DOGE (3 signals) — RSI overbought conflicts bullish momentum signals
[2026-03-23T10:13:03.596Z] SCOUT: SKIP BNB (1 signal, conf 60) — no confluence
[2026-03-23T10:13:05.300Z] SCOUT: SKIP PAXG (4 signals) — Overbought with bearish technicals, bullish news conflict
[2026-03-23T10:13:06.972Z] SCOUT: SKIP AVAX (3 signals) — RSI overbought contradicts bullish breakout
[2026-03-23T10:13:08.834Z] SCOUT: SKIP LINK (3 signals) — RSI overbought conflicts bullish signals
[2026-03-23T10:13:10.393Z] SCOUT: SKIP AAVE (5 signals) — Overbought with bearish crossover contradictions
[2026-03-23T10:13:11.979Z] SCOUT: SKIP ENA (3 signals) — RSI overbought conflicts with bearish MACD cross
[2026-03-23T10:13:13.481Z] SCOUT: SKIP kPEPE (3 signals) — RSI overbought contradicts bullish momentum signals
[2026-03-23T10:13:15.287Z] SCOUT: PASS SEI (4 signals, 68%) — Strong bullish convergence, RSI oversold confirms entry [analyst buf: 1]
[2026-03-23T10:13:15.287Z] SCOUT: SKIP xyz:ORCL (1 signal, conf 58) — no confluence
[2026-03-23T10:13:54.373Z] SCOUT: SKIP xyz:GOLD (3 signals) — Contradictory signals, weak conviction overall
[2026-03-23T10:13:55.032Z] SIGNAL: rsi_extreme xyz:CL RSI 24 OVERSOLD
[2026-03-23T10:13:55.032Z] SIGNAL: macd_cross xyz:CL BULLISH
[2026-03-23T10:13:55.294Z] SIGNAL: ema_cross xyz:SILVER BEARISH
[2026-03-23T10:13:56.219Z] SCOUT: SKIP xyz:TSLA (1 signals) — Single overbought RSI signal insufficient
[2026-03-23T10:13:56.219Z] SCOUT: SKIP xyz:HOOD (1 signal, conf 56) — no confluence
[2026-03-23T10:13:56.219Z] SCOUT: SKIP xyz:COIN (1 signal, conf 58) — no confluence
[2026-03-23T10:13:58.150Z] SCOUT: SKIP xyz:ORCL (1 signals) — Single extreme RSI signal insufficient
[2026-03-23T10:14:00.839Z] SIGNAL: rsi_extreme SEI RSI 75 OVERBOUGHT
[2026-03-23T10:14:13.466Z] SIGNAL: volume_spike SEI 4.7x avg
[2026-03-23T10:14:19.131Z] ANALYST: processing 1 scout-passed signal groups
[2026-03-23T10:14:29.144Z] DECISION: HOLD SEI — No analyst response 
[2026-03-23T10:14:33.873Z] WebSocket disconnected
[2026-03-23T10:14:35.336Z] WebSocket connected
[2026-03-23T10:14:36.211Z] FILL: Open Short xyz:ORCL 0.504@148.07 PnL=0.0
[2026-03-23T10:14:36.212Z] FILL: Open Long xyz:GOLD 0.0024@4436.0 PnL=0.0
[2026-03-23T10:14:36.212Z] FILL: Open Long xyz:GOLD 0.0145@4436.0 PnL=0.0
[2026-03-23T10:14:36.212Z] FILL: Close Short LINK 8.2@8.6842 PnL=3.5588
[2026-03-23T10:14:36.212Z] FILL: Close Long xyz:BRENTOIL 0.71@106.91 PnL=0.4047
[2026-03-23T10:14:36.212Z] FILL: Close Long xyz:GOLD 0.0169@4364.0 PnL=-1.2168
[2026-03-23T10:14:36.212Z] FILL: Open Long xyz:GOLD 0.004@4347.3 PnL=0.0
[2026-03-23T10:14:36.212Z] FILL: Open Long xyz:GOLD 0.0031@4347.3 PnL=0.0
[2026-03-23T10:14:36.212Z] FILL: Open Long xyz:GOLD 0.0102@4348.0 PnL=0.0
[2026-03-23T10:14:36.212Z] FILL: Close Long xyz:GOLD 0.0173@4405.0 PnL=0.991117
[2026-03-23T10:14:36.212Z] FILL: Close Short xyz:ORCL 0.504@148.61 PnL=-0.27216
[2026-03-23T10:14:36.212Z] FILL: Open Short xyz:COPPER 14.07@5.331 PnL=0.0
[2026-03-23T10:14:36.212Z] FILL: Open Short xyz:COIN 0.391@191.98 PnL=0.0
[2026-03-23T10:14:36.212Z] FILL: Open Long PAXG 0.017@4420.5 PnL=0.0
[2026-03-23T10:14:36.212Z] FILL: Close Short xyz:COPPER 14.07@5.3139 PnL=0.240597
[2026-03-23T10:14:36.212Z] FILL: Close Short xyz:COIN 0.391@193.18 PnL=-0.4692
[2026-03-23T10:14:36.212Z] FILL: Close Long PAXG 0.017@4353.4 PnL=-1.1407
[2026-03-23T10:14:36.212Z] FILL: Open Short SEI 1242.0@0.060402 PnL=0.0
[2026-03-23T10:14:36.212Z] FILL: Open Short AVAX 8.23@9.11 PnL=0.0
[2026-03-23T10:14:36.212Z] FILL: Open Short AAVE 0.7@107.31 PnL=0.0
[2026-03-23T10:14:36.212Z] FILL: Close Short SEI 1242.0@0.060312 PnL=0.11178
[2026-03-23T10:14:36.212Z] FILL: Close Short AVAX 8.23@9.1526 PnL=-0.350598
[2026-03-23T10:14:36.212Z] FILL: Close Short AAVE 0.7@107.05 PnL=0.182
[2026-03-23T10:14:36.212Z] FILL: Open Short xyz:SILVER 1.16@64.719 PnL=0.0
[2026-03-23T10:14:36.212Z] FILL: Open Long xyz:CL 0.197@99.858 PnL=0.0
[2026-03-23T10:14:36.212Z] FILL: Open Long xyz:CL 0.554@99.861 PnL=0.0
[2026-03-23T10:14:36.212Z] FILL: Open Long HYPE 2.01@37.303 PnL=0.0
[2026-03-23T10:14:36.212Z] FILL: Open Long AAVE 0.71@105.63 PnL=0.0
[2026-03-23T10:14:36.212Z] FILL: Close Long xyz:CL 0.751@98.34 PnL=-1.14152
[2026-03-23T10:14:36.212Z] FILL: Open Long xyz:TSLA 0.209@358.16 PnL=0.0
[2026-03-23T10:14:50.682Z] SIGNAL: volume_spike AVAX 4.0x avg
[2026-03-23T10:14:50.845Z] SCOUT: SKIP xyz:CL (1 signal, conf 56) — no confluence
[2026-03-23T10:14:50.845Z] SCOUT: SKIP xyz:SILVER (1 signal, conf 58) — no confluence
[2026-03-23T10:14:55.340Z] SIGNAL: rsi_extreme xyz:SILVER RSI 77 OVERBOUGHT
[2026-03-23T10:14:55.340Z] SIGNAL: macd_cross xyz:SILVER BULLISH
[2026-03-23T10:14:55.851Z] SIGNAL: macd_cross xyz:GOLD BULLISH
[2026-03-23T10:14:55.851Z] SIGNAL: rsi_extreme xyz:GOLD RSI 75 OVERBOUGHT
[2026-03-23T10:14:55.852Z] SIGNAL: ema_cross xyz:GOLD BEARISH
[2026-03-23T10:14:55.852Z] SIGNAL: bb_squeeze_breakout xyz:GOLD DOWN
[2026-03-23T10:14:56.586Z] SIGNAL: macd_cross xyz:TSLA BULLISH
[2026-03-23T10:15:14.713Z] SIGNAL: rsi_extreme XRP RSI 75 OVERBOUGHT
[2026-03-23T10:15:21.816Z] SIGNAL: volume_spike HYPE 4.0x avg
[2026-03-23T10:15:50.849Z] SCOUT: SKIP xyz:SILVER (1 signal, conf 57) — no confluence
[2026-03-23T10:15:52.568Z] SCOUT: SKIP xyz:GOLD (3 signals) — Contradictory signals, weak bullish confidence
[2026-03-23T10:15:54.484Z] SCOUT: SKIP xyz:TSLA (1 signals) — Single weak signal insufficient for trade
[2026-03-23T10:15:55.032Z] SIGNAL: rsi_extreme xyz:CL RSI 22 OVERSOLD
[2026-03-23T10:15:55.032Z] SIGNAL: ema_cross xyz:CL BEARISH
[2026-03-23T10:15:55.304Z] SIGNAL: ema_cross xyz:SILVER BEARISH
[2026-03-23T10:15:56.573Z] SIGNAL: rsi_extreme xyz:TSLA RSI 77 OVERBOUGHT
[2026-03-23T10:15:56.833Z] SIGNAL: rsi_extreme xyz:HOOD RSI 78 OVERBOUGHT
[2026-03-23T10:15:56.833Z] SIGNAL: macd_cross xyz:HOOD BEARISH
[2026-03-23T10:15:57.071Z] SIGNAL: rsi_extreme xyz:NVDA RSI 75 OVERBOUGHT
[2026-03-23T10:15:57.308Z] SIGNAL: macd_cross xyz:COIN BEARISH
[2026-03-23T10:15:57.308Z] SIGNAL: rsi_extreme xyz:COIN RSI 25 OVERSOLD
[2026-03-23T10:15:57.544Z] SIGNAL: rsi_extreme xyz:ORCL RSI 88 OVERBOUGHT
[2026-03-23T10:16:03.508Z] SIGNAL: price_breakout xyz:ORCL DOWN
[2026-03-23T10:16:31.940Z] SIGNAL: volume_spike XRP 4.6x avg
[2026-03-23T10:16:50.901Z] SCOUT: SKIP xyz:CL (1 signal, conf 56) — no confluence
[2026-03-23T10:16:50.902Z] SCOUT: SKIP xyz:SILVER (1 signal, conf 58) — no confluence
[2026-03-23T10:16:50.902Z] SCOUT: SKIP xyz:HOOD (1 signal, conf 63) — no confluence
[2026-03-23T10:16:50.902Z] SCOUT: SKIP xyz:COIN (1 signal, conf 59) — no confluence
[2026-03-23T10:16:53.680Z] SCOUT: SKIP xyz:ORCL (2 signals) — Contradictory signals: overbought vs downside breakout
[2026-03-23T10:16:54.313Z] STATUS: 26 coins | WS: OK | Positions: 7 | Tokens: $7.87 (78.7%)
[2026-03-23T10:16:54.478Z] SIGNAL: rsi_extreme BTC RSI 77 OVERBOUGHT
[2026-03-23T10:16:54.478Z] SIGNAL: ema_cross BTC BEARISH
[2026-03-23T10:16:54.478Z] SIGNAL: bb_squeeze_breakout BTC DOWN
[2026-03-23T10:16:54.479Z] SIGNAL: macd_cross BTC BULLISH
[2026-03-23T10:16:54.836Z] SIGNAL: rsi_extreme ETH RSI 80 OVERBOUGHT
[2026-03-23T10:16:54.837Z] SIGNAL: bb_squeeze_breakout ETH DOWN
[2026-03-23T10:16:54.837Z] SIGNAL: macd_cross ETH BULLISH
[2026-03-23T10:16:55.070Z] SIGNAL: rsi_extreme HYPE RSI 83 OVERBOUGHT
[2026-03-23T10:16:55.070Z] SIGNAL: ema_cross HYPE BULLISH
[2026-03-23T10:16:55.070Z] SIGNAL: bb_squeeze_breakout HYPE UP
[2026-03-23T10:16:55.070Z] SIGNAL: vwap_deviation HYPE ABOVE
[2026-03-23T10:16:55.070Z] SIGNAL: macd_cross HYPE BEARISH
[2026-03-23T10:16:55.352Z] SIGNAL: rsi_extreme SOL RSI 85 OVERBOUGHT
[2026-03-23T10:16:55.352Z] SIGNAL: bb_squeeze_breakout SOL UP
[2026-03-23T10:16:55.352Z] SIGNAL: macd_cross SOL BEARISH
[2026-03-23T10:16:55.417Z] SIGNAL: rsi_extreme xyz:SILVER RSI 76 OVERBOUGHT
[2026-03-23T10:16:55.417Z] SIGNAL: macd_cross xyz:SILVER BULLISH
[2026-03-23T10:16:55.587Z] SIGNAL: bb_squeeze_breakout XRP UP
[2026-03-23T10:16:55.587Z] SIGNAL: macd_cross XRP BULLISH
[2026-03-23T10:16:55.954Z] SIGNAL: rsi_extreme xyz:GOLD RSI 77 OVERBOUGHT
[2026-03-23T10:16:55.954Z] SIGNAL: macd_cross xyz:GOLD BULLISH
[2026-03-23T10:16:55.954Z] SIGNAL: ema_cross xyz:GOLD BEARISH
[2026-03-23T10:16:55.955Z] SIGNAL: bb_squeeze_breakout xyz:GOLD DOWN
[2026-03-23T10:16:55.970Z] SIGNAL: rsi_extreme SUI RSI 85 OVERBOUGHT
[2026-03-23T10:16:55.970Z] SIGNAL: macd_cross SUI BEARISH
[2026-03-23T10:16:56.205Z] SIGNAL: rsi_extreme DOGE RSI 78 OVERBOUGHT
[2026-03-23T10:16:56.205Z] SIGNAL: bb_squeeze_breakout DOGE UP
[2026-03-23T10:16:56.207Z] SIGNAL: macd_cross DOGE BULLISH
[2026-03-23T10:16:56.521Z] SIGNAL: rsi_extreme BNB RSI 84 OVERBOUGHT
[2026-03-23T10:16:56.521Z] SIGNAL: bb_squeeze_breakout BNB DOWN
[2026-03-23T10:16:56.665Z] SIGNAL: macd_cross xyz:TSLA BULLISH
[2026-03-23T10:16:56.755Z] SIGNAL: rsi_extreme PAXG RSI 81 OVERBOUGHT
[2026-03-23T10:16:56.755Z] SIGNAL: vwap_deviation PAXG ABOVE
[2026-03-23T10:16:56.755Z] SIGNAL: macd_cross PAXG BEARISH
[2026-03-23T10:16:56.755Z] SIGNAL: ema_cross PAXG BEARISH
[2026-03-23T10:16:57.025Z] SIGNAL: rsi_extreme AVAX RSI 83 OVERBOUGHT
[2026-03-23T10:16:57.025Z] SIGNAL: bb_squeeze_breakout AVAX UP
[2026-03-23T10:16:57.026Z] SIGNAL: macd_cross AVAX BEARISH
[2026-03-23T10:16:57.260Z] SIGNAL: rsi_extreme LINK RSI 83 OVERBOUGHT
[2026-03-23T10:16:57.260Z] SIGNAL: bb_squeeze_breakout LINK UP
[2026-03-23T10:16:57.261Z] SIGNAL: macd_cross LINK BULLISH
[2026-03-23T10:16:57.652Z] SIGNAL: rsi_extreme AAVE RSI 86 OVERBOUGHT
[2026-03-23T10:16:57.652Z] SIGNAL: bb_squeeze_breakout AAVE UP
[2026-03-23T10:16:57.653Z] SIGNAL: macd_cross AAVE BEARISH
[2026-03-23T10:16:57.886Z] SIGNAL: rsi_extreme ENA RSI 86 OVERBOUGHT
[2026-03-23T10:16:57.886Z] SIGNAL: vwap_deviation ENA ABOVE
[2026-03-23T10:16:57.887Z] SIGNAL: macd_cross ENA BEARISH
[2026-03-23T10:16:58.137Z] SIGNAL: rsi_extreme kPEPE RSI 80 OVERBOUGHT
[2026-03-23T10:16:58.139Z] SIGNAL: macd_cross kPEPE BULLISH
[2026-03-23T10:16:58.139Z] SIGNAL: ema_cross kPEPE BULLISH
[2026-03-23T10:16:58.372Z] SIGNAL: rsi_extreme SEI RSI 89 OVERBOUGHT
[2026-03-23T10:16:58.372Z] SIGNAL: vwap_deviation SEI ABOVE
[2026-03-23T10:16:58.372Z] SIGNAL: ema_cross SEI BEARISH
[2026-03-23T10:16:58.372Z] SIGNAL: macd_cross SEI BULLISH
[2026-03-23T10:17:53.283Z] SCOUT: SKIP BTC (3 signals) — Contradictory signals, weak confidence levels
[2026-03-23T10:17:55.032Z] SIGNAL: rsi_extreme xyz:CL RSI 21 OVERSOLD
[2026-03-23T10:17:55.032Z] SIGNAL: ema_cross xyz:CL BEARISH
[2026-03-23T10:17:55.033Z] SIGNAL: macd_cross xyz:CL BEARISH
[2026-03-23T10:17:55.223Z] SCOUT: SKIP ETH (2 signals) — Contradictory signals, weak confidence levels
[2026-03-23T10:17:55.325Z] SIGNAL: ema_cross xyz:SILVER BEARISH
[2026-03-23T10:17:56.055Z] SIGNAL: macd_cross xyz:NATGAS BEARISH
[2026-03-23T10:17:56.816Z] SCOUT: SKIP HYPE (5 signals) — Overbought with bearish MACD contradiction
[2026-03-23T10:17:58.552Z] SCOUT: SKIP SOL (3 signals) — Contradictory signals, overbought exhaustion risk
[2026-03-23T10:17:58.552Z] SCOUT: SKIP xyz:SILVER (1 signal, conf 58) — no confluence
[2026-03-23T10:18:00.366Z] SCOUT: SKIP XRP (2 signals) — Weak signals, low confluence, mixed quality
[2026-03-23T10:18:02.013Z] SCOUT: SKIP xyz:GOLD (3 signals) — Contradictory signals, weak confidence overall
[2026-03-23T10:18:03.650Z] SCOUT: SKIP SUI (2 signals) — Overbought RSI conflicts with bearish MACD
[2026-03-23T10:18:05.574Z] SCOUT: SKIP DOGE (2 signals) — Weak signals, low confidence, neutral sentiment
[2026-03-23T10:18:07.814Z] SCOUT: SKIP BNB (2 signals) — Contradictory signals, overbought RSI conflicts
[2026-03-23T10:18:09.419Z] SCOUT: SKIP xyz:TSLA (1 signals) — Single weak signal, insufficient confluence
[2026-03-23T10:18:11.036Z] SCOUT: SKIP PAXG (4 signals) — Contradictory signals, overbought RSI vs bullish news
[2026-03-23T10:18:12.465Z] SCOUT: SKIP AVAX (3 signals) — Contradictory signals, overbought conditions
[2026-03-23T10:18:14.188Z] SCOUT: SKIP LINK (3 signals) — RSI overbought contradicts bullish breakout setup
[2026-03-23T10:18:15.894Z] SCOUT: SKIP AAVE (3 signals) — Contradictory signals: bullish breakout vs bearish MACD
[2026-03-23T10:18:17.743Z] SCOUT: SKIP ENA (3 signals) — RSI overbought contradicts bullish VWAP signal
[2026-03-23T10:18:19.622Z] SCOUT: SKIP kPEPE (2 signals) — Weak signals, low confidence, minimal conviction
[2026-03-23T10:18:21.274Z] SCOUT: SKIP SEI (4 signals) — Contradictory signals: bullish MACD vs bearish EMA
[2026-03-23T10:18:38.532Z] SIGNAL: price_breakout xyz:ORCL UP
[2026-03-23T10:18:52.464Z] SCOUT: SKIP xyz:CL (2 signals) — Weak signals, low confidence convergence
[2026-03-23T10:18:52.464Z] SCOUT: SKIP xyz:SILVER (1 signal, conf 56) — no confluence
[2026-03-23T10:18:52.464Z] SCOUT: SKIP xyz:NATGAS (1 signal, conf 58) — no confluence
[2026-03-23T10:18:54.538Z] SCOUT: SKIP xyz:ORCL (1 signals) — Single weak signal insufficient for trade
[2026-03-23T10:18:56.632Z] SIGNAL: rsi_extreme xyz:TSLA RSI 76 OVERBOUGHT
[2026-03-23T10:18:56.932Z] SIGNAL: rsi_extreme xyz:HOOD RSI 77 OVERBOUGHT
[2026-03-23T10:18:56.932Z] SIGNAL: macd_cross xyz:HOOD BEARISH
[2026-03-23T10:18:57.166Z] SIGNAL: rsi_extreme xyz:NVDA RSI 79 OVERBOUGHT
[2026-03-23T10:18:57.402Z] SIGNAL: rsi_extreme xyz:COIN RSI 25 OVERSOLD
[2026-03-23T10:18:57.402Z] SIGNAL: macd_cross xyz:COIN BULLISH
[2026-03-23T10:18:57.649Z] SIGNAL: rsi_extreme xyz:ORCL RSI 88 OVERBOUGHT
[2026-03-23T10:19:41.727Z] LIVE CLOSE: HYPE hold_time_stoploss — 1 positions, total PnL $-0.73
[2026-03-23T10:19:41.758Z] FILL: Close Long HYPE 2.01@36.967 PnL=-0.67536
[2026-03-23T10:19:41.758Z] ORDER: A HYPE status=open
[2026-03-23T10:19:41.758Z] ORDER: A HYPE status=filled
[2026-03-23T10:19:50.857Z] SCOUT: SKIP xyz:HOOD (1 signal, conf 57) — no confluence
[2026-03-23T10:19:50.857Z] SCOUT: SKIP xyz:COIN (1 signal, conf 58) — no confluence
[2026-03-23T10:19:53.015Z] SCOUT: SKIP xyz:ORCL (1 signals) — Single overbought RSI signal, insufficient confirmation
[2026-03-23T10:19:55.060Z] SIGNAL: rsi_extreme xyz:CL RSI 18 OVERSOLD
[2026-03-23T10:19:55.061Z] SIGNAL: macd_cross xyz:CL BULLISH
[2026-03-23T10:19:55.319Z] SIGNAL: rsi_extreme xyz:SILVER RSI 78 OVERBOUGHT
[2026-03-23T10:19:55.833Z] SIGNAL: rsi_extreme xyz:GOLD RSI 78 OVERBOUGHT
[2026-03-23T10:19:55.834Z] SIGNAL: bb_squeeze_breakout xyz:GOLD DOWN
[2026-03-23T10:19:56.568Z] SIGNAL: macd_cross xyz:TSLA BULLISH
[2026-03-23T10:20:52.015Z] SIGNAL: volume_spike AVAX 4.2x avg
[2026-03-23T10:20:52.495Z] SCOUT: SKIP xyz:CL (2 signals) — Contradictory signals, weak MACD confidence
[2026-03-23T10:20:52.495Z] SCOUT: SKIP xyz:GOLD (1 signal, conf 62) — no confluence
[2026-03-23T10:20:54.352Z] SCOUT: SKIP xyz:TSLA (1 signals) — Single weak signal insufficient for entry
[2026-03-23T10:20:55.378Z] SIGNAL: macd_cross xyz:SILVER BULLISH
[2026-03-23T10:20:55.877Z] SIGNAL: macd_cross xyz:GOLD BULLISH
[2026-03-23T10:20:56.112Z] SIGNAL: macd_cross xyz:NATGAS BEARISH
[2026-03-23T10:20:57.273Z] SIGNAL: rsi_extreme xyz:TSLA RSI 82 OVERBOUGHT
[2026-03-23T10:20:57.273Z] SIGNAL: ema_cross xyz:TSLA BULLISH
[2026-03-23T10:20:57.516Z] SIGNAL: rsi_extreme xyz:HOOD RSI 25 OVERSOLD
[2026-03-23T10:20:57.778Z] SIGNAL: rsi_extreme xyz:NVDA RSI 76 OVERBOUGHT
[2026-03-23T10:20:58.015Z] SIGNAL: rsi_extreme xyz:COIN RSI 23 OVERSOLD
[2026-03-23T10:20:58.015Z] SIGNAL: macd_cross xyz:COIN BULLISH
[2026-03-23T10:20:58.333Z] SIGNAL: rsi_extreme xyz:ORCL RSI 88 OVERBOUGHT
[2026-03-23T10:21:03.628Z] SIGNAL: price_breakout xyz:ORCL DOWN
[2026-03-23T10:21:35.770Z] SIGNAL: volume_spike BNB 4.4x avg
[2026-03-23T10:21:51.064Z] SCOUT: SKIP xyz:SILVER (1 signal, conf 64) — no confluence
[2026-03-23T10:21:52.769Z] SCOUT: SKIP xyz:GOLD (1 signals) — Single weak signal insufficient for trade
[2026-03-23T10:21:52.769Z] SCOUT: SKIP xyz:NATGAS (1 signal, conf 56) — no confluence
[2026-03-23T10:21:54.202Z] Strategies reloaded: 6 (3 active, 0 dry-run)
[2026-03-23T10:21:54.236Z] SIGNAL: rsi_extreme BTC RSI 24 OVERSOLD
[2026-03-23T10:21:54.236Z] SIGNAL: bb_squeeze_breakout BTC DOWN
[2026-03-23T10:21:54.236Z] SIGNAL: macd_cross BTC BULLISH
[2026-03-23T10:21:54.314Z] STATUS: 26 coins | WS: OK | Positions: 6 | Tokens: $7.89 (78.9%)
[2026-03-23T10:21:54.471Z] SIGNAL: bb_squeeze_breakout ETH UP
[2026-03-23T10:21:54.471Z] SIGNAL: macd_cross ETH BEARISH
[2026-03-23T10:21:54.474Z] SIGNAL: rsi_extreme ETH RSI 22 OVERSOLD
[2026-03-23T10:21:54.586Z] SCOUT: SKIP xyz:TSLA (2 signals) — RSI overbought contradicts bullish EMA cross
[2026-03-23T10:21:54.586Z] SCOUT: SKIP xyz:COIN (1 signal, conf 58) — no confluence
[2026-03-23T10:21:54.709Z] SIGNAL: rsi_extreme HYPE RSI 83 OVERBOUGHT
[2026-03-23T10:21:54.709Z] SIGNAL: ema_cross HYPE BULLISH
[2026-03-23T10:21:54.709Z] SIGNAL: bb_squeeze_breakout HYPE UP
[2026-03-23T10:21:54.709Z] SIGNAL: vwap_deviation HYPE ABOVE
[2026-03-23T10:21:54.709Z] SIGNAL: macd_cross HYPE BEARISH
[2026-03-23T10:21:54.957Z] SIGNAL: rsi_extreme SOL RSI 80 OVERBOUGHT
[2026-03-23T10:21:54.957Z] SIGNAL: bb_squeeze_breakout SOL UP
[2026-03-23T10:21:54.958Z] SIGNAL: ema_cross SOL BEARISH
[2026-03-23T10:21:55.034Z] SIGNAL: ema_cross xyz:CL BEARISH
[2026-03-23T10:21:55.210Z] SIGNAL: rsi_extreme XRP RSI 81 OVERBOUGHT
[2026-03-23T10:21:55.210Z] SIGNAL: bb_squeeze_breakout XRP UP
[2026-03-23T10:21:55.210Z] SIGNAL: ema_cross XRP BEARISH
[2026-03-23T10:21:55.212Z] SIGNAL: macd_cross XRP BEARISH
[2026-03-23T10:21:55.297Z] SIGNAL: bb_squeeze_breakout xyz:SILVER UP
[2026-03-23T10:21:55.444Z] SIGNAL: rsi_extreme SUI RSI 79 OVERBOUGHT
[2026-03-23T10:21:55.680Z] SIGNAL: bb_squeeze_breakout DOGE UP
[2026-03-23T10:21:55.681Z] SIGNAL: rsi_extreme DOGE RSI 23 OVERSOLD
[2026-03-23T10:21:55.681Z] SIGNAL: macd_cross DOGE BULLISH
[2026-03-23T10:21:55.914Z] SIGNAL: rsi_extreme BNB RSI 79 OVERBOUGHT
[2026-03-23T10:21:56.092Z] SCOUT: SKIP xyz:ORCL (2 signals) — Contradictory signals, overbought RSI vs bearish breakout
[2026-03-23T10:21:56.149Z] SIGNAL: rsi_extreme PAXG RSI 79 OVERBOUGHT
[2026-03-23T10:21:56.149Z] SIGNAL: vwap_deviation PAXG ABOVE
[2026-03-23T10:21:56.149Z] SIGNAL: macd_cross PAXG BEARISH
[2026-03-23T10:21:56.409Z] SIGNAL: rsi_extreme AVAX RSI 79 OVERBOUGHT
[2026-03-23T10:21:56.409Z] SIGNAL: bb_squeeze_breakout AVAX UP
[2026-03-23T10:21:56.410Z] SIGNAL: ema_cross AVAX BEARISH
[2026-03-23T10:21:56.410Z] SIGNAL: macd_cross AVAX BEARISH
[2026-03-23T10:21:56.607Z] SIGNAL: macd_cross xyz:TSLA BULLISH
[2026-03-23T10:21:56.643Z] SIGNAL: rsi_extreme LINK RSI 76 OVERBOUGHT
[2026-03-23T10:21:56.643Z] SIGNAL: bb_squeeze_breakout LINK UP
[2026-03-23T10:21:56.644Z] SIGNAL: ema_cross LINK BEARISH
[2026-03-23T10:21:56.644Z] SIGNAL: macd_cross LINK BULLISH
[2026-03-23T10:21:56.844Z] SIGNAL: macd_cross xyz:HOOD BULLISH
[2026-03-23T10:21:56.882Z] SIGNAL: rsi_extreme AAVE RSI 81 OVERBOUGHT
[2026-03-23T10:21:56.882Z] SIGNAL: bb_squeeze_breakout AAVE UP
[2026-03-23T10:21:56.883Z] SIGNAL: macd_cross AAVE BEARISH
[2026-03-23T10:21:57.193Z] SIGNAL: rsi_extreme ENA RSI 84 OVERBOUGHT
[2026-03-23T10:21:57.193Z] SIGNAL: vwap_deviation ENA ABOVE
[2026-03-23T10:21:57.195Z] SIGNAL: macd_cross ENA BEARISH
[2026-03-23T10:21:57.441Z] SIGNAL: rsi_extreme kPEPE RSI 75 OVERBOUGHT
[2026-03-23T10:21:57.441Z] SIGNAL: macd_cross kPEPE BEARISH
[2026-03-23T10:21:57.443Z] SIGNAL: ema_cross kPEPE BULLISH
[2026-03-23T10:21:57.736Z] SIGNAL: rsi_extreme SEI RSI 87 OVERBOUGHT
[2026-03-23T10:21:57.736Z] SIGNAL: vwap_deviation SEI ABOVE
[2026-03-23T10:21:57.737Z] SIGNAL: macd_cross SEI BULLISH
[2026-03-23T10:21:57.737Z] SIGNAL: ema_cross SEI BULLISH
[2026-03-23T10:22:13.035Z] SIGNAL: volume_spike SEI 4.5x avg
[2026-03-23T10:22:36.585Z] SIGNAL: volume_spike ENA 4.4x avg
[2026-03-23T10:22:53.395Z] SCOUT: SKIP BTC (2 signals) — Contradictory signals, weak confidence levels
[2026-03-23T10:22:55.035Z] SIGNAL: macd_cross xyz:CL BEARISH
[2026-03-23T10:22:55.090Z] SCOUT: SKIP ETH (2 signals) — Contradictory signals, weak confidence levels
[2026-03-23T10:22:55.297Z] SIGNAL: ema_cross xyz:SILVER BEARISH
[2026-03-23T10:22:55.297Z] SIGNAL: rsi_extreme xyz:SILVER RSI 21 OVERSOLD
[2026-03-23T10:22:55.846Z] SIGNAL: rsi_extreme xyz:GOLD RSI 20 OVERSOLD
[2026-03-23T10:22:56.723Z] SCOUT: SKIP HYPE (5 signals) — Overbought RSI conflicts with bullish signals
[2026-03-23T10:22:57.043Z] SIGNAL: ema_cross xyz:HOOD BULLISH
[2026-03-23T10:22:57.277Z] SIGNAL: macd_cross xyz:NVDA BULLISH
[2026-03-23T10:22:58.146Z] SCOUT: SKIP SOL (3 signals) — Contradictory signals, RSI overbought warns against long
[2026-03-23T10:22:59.605Z] SCOUT: SKIP xyz:CL (1 signals) — Single weak bearish signal insufficient
[2026-03-23T10:23:03.892Z] SCOUT: SKIP XRP (4 signals) — Contradictory signals: bullish breakout vs bearish crosses
[2026-03-23T10:23:03.892Z] SCOUT: SKIP xyz:SILVER (1 signal, conf 62) — no confluence
[2026-03-23T10:23:06.065Z] SCOUT: SKIP DOGE (2 signals) — Weak signals, low confidence, neutral sentiment
[2026-03-23T10:23:08.417Z] SCOUT: SKIP PAXG (2 signals) — Contradictory signals, bearish technicals vs bullish news
[2026-03-23T10:23:09.879Z] SCOUT: SKIP AVAX (3 signals) — Contradictory signals, weak confirmation levels
[2026-03-23T10:23:11.414Z] SCOUT: SKIP xyz:TSLA (1 signals) — Single weak signal insufficient for trade
[2026-03-23T10:23:13.230Z] SCOUT: SKIP LINK (3 signals) — Contradictory signals, bearish EMA overrides
[2026-03-23T10:23:13.230Z] SCOUT: SKIP xyz:HOOD (1 signal, conf 56) — no confluence
[2026-03-23T10:23:14.790Z] SCOUT: SKIP AAVE (3 signals) — Overbought RSI conflicts with bearish MACD
[2026-03-23T10:23:16.437Z] SCOUT: SKIP ENA (3 signals) — Contradictory signals: overbought vs bearish cross
[2026-03-23T10:23:18.544Z] SIGNAL: price_breakout xyz:ORCL DOWN
[2026-03-23T10:23:18.692Z] SCOUT: SKIP kPEPE (2 signals) — Contradictory signals, weak bullish confirmation
[2026-03-23T10:23:20.613Z] SCOUT: SKIP SEI (4 signals) — RSI overbought contradicts bullish momentum signals
[2026-03-23T10:23:38.539Z] SIGNAL: price_breakout xyz:COIN DOWN
[2026-03-23T10:23:48.976Z] SIGNAL: volume_spike AAVE 4.5x avg
[2026-03-23T10:23:52.083Z] SCOUT: SKIP xyz:CL (1 signals) — Single weak signal, insufficient confirmation
[2026-03-23T10:23:52.083Z] SCOUT: SKIP xyz:SILVER (1 signal, conf 57) — no confluence
[2026-03-23T10:23:53.970Z] SCOUT: SKIP xyz:GOLD (1 signals) — Single oversold signal insufficient confirmation
[2026-03-23T10:23:53.970Z] SCOUT: SKIP xyz:HOOD (1 signal, conf 58) — no confluence
[2026-03-23T10:23:53.970Z] SCOUT: SKIP xyz:NVDA (1 signal, conf 58) — no confluence
[2026-03-23T10:23:53.970Z] SCOUT: SKIP xyz:ORCL (1 signal, conf 56) — no confluence
[2026-03-23T10:23:53.970Z] SCOUT: SKIP xyz:COIN (1 signal, conf 59) — no confluence
[2026-03-23T10:23:55.433Z] SIGNAL: macd_cross xyz:SILVER BULLISH
[2026-03-23T10:23:55.972Z] SIGNAL: macd_cross xyz:GOLD BULLISH
[2026-03-23T10:23:56.800Z] SIGNAL: rsi_extreme xyz:TSLA RSI 78 OVERBOUGHT
[2026-03-23T10:23:56.800Z] SIGNAL: macd_cross xyz:TSLA BULLISH
[2026-03-23T10:23:57.042Z] SIGNAL: macd_cross xyz:HOOD BULLISH
[2026-03-23T10:23:57.043Z] SIGNAL: rsi_extreme xyz:HOOD RSI 80 OVERBOUGHT
[2026-03-23T10:23:57.322Z] SIGNAL: rsi_extreme xyz:NVDA RSI 76 OVERBOUGHT
[2026-03-23T10:23:57.562Z] SIGNAL: macd_cross xyz:COIN BULLISH
[2026-03-23T10:23:57.562Z] SIGNAL: rsi_extreme xyz:COIN RSI 23 OVERSOLD
[2026-03-23T10:23:57.798Z] SIGNAL: rsi_extreme xyz:ORCL RSI 87 OVERBOUGHT
[2026-03-23T10:24:52.586Z] SCOUT: SKIP xyz:SILVER (1 signals) — Single weak signal, insufficient confirmation.
[2026-03-23T10:24:54.414Z] SCOUT: SKIP xyz:GOLD (1 signals) — Single weak signal insufficient for trade
[2026-03-23T10:24:55.035Z] SIGNAL: macd_cross xyz:CL BEARISH
[2026-03-23T10:24:55.311Z] SIGNAL: rsi_extreme xyz:SILVER RSI 76 OVERBOUGHT
[2026-03-23T10:24:55.805Z] SIGNAL: ema_cross xyz:GOLD BEARISH
[2026-03-23T10:24:56.439Z] SCOUT: SKIP xyz:TSLA (1 signals) — Single weak signal insufficient for entry
[2026-03-23T10:24:58.278Z] SCOUT: SKIP xyz:HOOD (2 signals) — Bullish signal contradicted by overbought RSI
[2026-03-23T10:24:58.278Z] SCOUT: SKIP xyz:COIN (1 signal, conf 57) — no confluence
[2026-03-23T10:25:00.227Z] SCOUT: SKIP xyz:ORCL (1 signals) — Single overbought RSI signal insufficient
[2026-03-23T10:25:16.061Z] SIGNAL: macd_cross ENA BEARISH
[2026-03-23T10:25:43.623Z] SIGNAL: macd_cross AVAX BEARISH
[2026-03-23T10:25:52.164Z] SCOUT: SKIP xyz:CL (1 signals) — Single weak bearish signal insufficient
[2026-03-23T10:25:52.164Z] SCOUT: SKIP xyz:GOLD (1 signal, conf 57) — no confluence
[2026-03-23T10:25:52.164Z] SCOUT: SKIP ENA (1 signal, conf 57) — no confluence
[2026-03-23T10:25:52.164Z] SCOUT: SKIP AVAX (1 signal, conf 56) — no confluence
[2026-03-23T10:25:53.474Z] SIGNAL: volume_spike AVAX 4.5x avg
[2026-03-23T10:25:53.525Z] SIGNAL: price_breakout xyz:ORCL UP
[2026-03-23T10:25:55.798Z] SIGNAL: rsi_extreme xyz:GOLD RSI 75 OVERBOUGHT
[2026-03-23T10:25:57.121Z] SIGNAL: macd_cross xyz:NVDA BULLISH
[2026-03-23T10:26:48.551Z] SIGNAL: price_breakout xyz:COIN UP
[2026-03-23T10:26:50.860Z] SCOUT: SKIP xyz:ORCL (1 signal, conf 63) — no confluence
[2026-03-23T10:26:50.860Z] SCOUT: SKIP xyz:NVDA (1 signal, conf 55) — no confluence
[2026-03-23T10:26:50.860Z] SCOUT: SKIP xyz:COIN (1 signal, conf 59) — no confluence
[2026-03-23T10:26:54.215Z] SIGNAL: rsi_extreme BTC RSI 24 OVERSOLD
[2026-03-23T10:26:54.215Z] SIGNAL: bb_squeeze_breakout BTC DOWN
[2026-03-23T10:26:54.215Z] SIGNAL: macd_cross BTC BULLISH
[2026-03-23T10:26:54.314Z] STATUS: 26 coins | WS: OK | Positions: 6 | Tokens: $7.90 (79.0%)
[2026-03-23T10:26:54.450Z] SIGNAL: rsi_extreme ETH RSI 76 OVERBOUGHT
[2026-03-23T10:26:54.450Z] SIGNAL: bb_squeeze_breakout ETH UP
[2026-03-23T10:26:54.700Z] SIGNAL: rsi_extreme HYPE RSI 85 OVERBOUGHT
[2026-03-23T10:26:54.700Z] SIGNAL: ema_cross HYPE BULLISH
[2026-03-23T10:26:54.701Z] SIGNAL: bb_squeeze_breakout HYPE UP
[2026-03-23T10:26:54.701Z] SIGNAL: vwap_deviation HYPE ABOVE
[2026-03-23T10:26:54.703Z] SIGNAL: macd_cross HYPE BEARISH
[2026-03-23T10:26:55.036Z] SIGNAL: macd_cross xyz:CL BEARISH
[2026-03-23T10:26:55.093Z] SIGNAL: rsi_extreme SOL RSI 82 OVERBOUGHT
[2026-03-23T10:26:55.093Z] SIGNAL: bb_squeeze_breakout SOL UP
[2026-03-23T10:26:55.093Z] SIGNAL: macd_cross SOL BEARISH
[2026-03-23T10:26:55.094Z] SIGNAL: ema_cross SOL BEARISH
[2026-03-23T10:26:55.298Z] SIGNAL: macd_cross xyz:SILVER BULLISH
[2026-03-23T10:26:55.327Z] SIGNAL: rsi_extreme XRP RSI 82 OVERBOUGHT
[2026-03-23T10:26:55.327Z] SIGNAL: bb_squeeze_breakout XRP UP
[2026-03-23T10:26:55.328Z] SIGNAL: ema_cross XRP BEARISH
[2026-03-23T10:26:55.328Z] SIGNAL: macd_cross XRP BEARISH
[2026-03-23T10:26:55.562Z] SIGNAL: rsi_extreme SUI RSI 79 OVERBOUGHT
[2026-03-23T10:26:55.562Z] SIGNAL: macd_cross SUI BULLISH
[2026-03-23T10:26:55.563Z] SIGNAL: ema_cross SUI BEARISH
[2026-03-23T10:26:55.794Z] SIGNAL: macd_cross xyz:GOLD BEARISH
[2026-03-23T10:26:55.797Z] SIGNAL: macd_cross DOGE BULLISH
[2026-03-23T10:26:55.798Z] SIGNAL: rsi_extreme DOGE RSI 23 OVERSOLD
[2026-03-23T10:26:56.038Z] SIGNAL: rsi_extreme BNB RSI 79 OVERBOUGHT
[2026-03-23T10:26:56.038Z] SIGNAL: macd_cross BNB BULLISH
[2026-03-23T10:26:56.163Z] SIGNAL: macd_cross xyz:NATGAS BULLISH
[2026-03-23T10:26:56.289Z] SIGNAL: rsi_extreme PAXG RSI 80 OVERBOUGHT
[2026-03-23T10:26:56.289Z] SIGNAL: vwap_deviation PAXG ABOVE
[2026-03-23T10:26:56.289Z] SIGNAL: macd_cross PAXG BEARISH
[2026-03-23T10:26:56.290Z] SIGNAL: ema_cross PAXG BULLISH
[2026-03-23T10:26:56.577Z] SIGNAL: rsi_extreme AVAX RSI 78 OVERBOUGHT
[2026-03-23T10:26:56.577Z] SIGNAL: bb_squeeze_breakout AVAX UP
[2026-03-23T10:26:56.646Z] SIGNAL: rsi_extreme xyz:TSLA RSI 80 OVERBOUGHT
[2026-03-23T10:26:56.646Z] SIGNAL: macd_cross xyz:TSLA BEARISH
[2026-03-23T10:26:56.933Z] SIGNAL: rsi_extreme LINK RSI 76 OVERBOUGHT
[2026-03-23T10:26:56.933Z] SIGNAL: macd_cross LINK BULLISH
[2026-03-23T10:26:56.933Z] SIGNAL: bb_squeeze_breakout LINK UP
[2026-03-23T10:26:56.934Z] SIGNAL: ema_cross LINK BEARISH
[2026-03-23T10:26:56.939Z] SIGNAL: macd_cross xyz:HOOD BULLISH
[2026-03-23T10:26:56.940Z] SIGNAL: rsi_extreme xyz:HOOD RSI 80 OVERBOUGHT
[2026-03-23T10:26:57.174Z] SIGNAL: rsi_extreme xyz:NVDA RSI 77 OVERBOUGHT
[2026-03-23T10:26:57.177Z] SIGNAL: rsi_extreme AAVE RSI 82 OVERBOUGHT
[2026-03-23T10:26:57.177Z] SIGNAL: macd_cross AAVE BULLISH
[2026-03-23T10:26:57.177Z] SIGNAL: bb_squeeze_breakout AAVE UP
[2026-03-23T10:26:57.177Z] SIGNAL: ema_cross AAVE BEARISH
[2026-03-23T10:26:57.413Z] SIGNAL: rsi_extreme ENA RSI 81 OVERBOUGHT
[2026-03-23T10:26:57.413Z] SIGNAL: vwap_deviation ENA ABOVE
[2026-03-23T10:26:57.433Z] SIGNAL: rsi_extreme xyz:COIN RSI 24 OVERSOLD
[2026-03-23T10:26:57.433Z] SIGNAL: macd_cross xyz:COIN BULLISH
[2026-03-23T10:26:57.647Z] SIGNAL: macd_cross kPEPE BULLISH
[2026-03-23T10:26:57.648Z] SIGNAL: rsi_extreme kPEPE RSI 77 OVERBOUGHT
[2026-03-23T10:26:57.649Z] SIGNAL: ema_cross kPEPE BULLISH
[2026-03-23T10:26:57.680Z] SIGNAL: rsi_extreme xyz:ORCL RSI 88 OVERBOUGHT
[2026-03-23T10:26:57.882Z] SIGNAL: rsi_extreme SEI RSI 84 OVERBOUGHT
[2026-03-23T10:26:57.882Z] SIGNAL: macd_cross SEI BULLISH
[2026-03-23T10:26:57.882Z] SIGNAL: vwap_deviation SEI ABOVE
[2026-03-23T10:26:57.884Z] SIGNAL: ema_cross SEI BULLISH
[2026-03-23T10:27:32.091Z] SIGNAL: macd_cross ENA BEARISH
[2026-03-23T10:27:55.315Z] SIGNAL: bb_squeeze_breakout xyz:SILVER UP
[2026-03-23T10:27:55.315Z] SIGNAL: ema_cross xyz:SILVER BEARISH
[2026-03-23T10:27:55.316Z] SIGNAL: rsi_extreme xyz:SILVER RSI 78 OVERBOUGHT
[2026-03-23T10:27:55.693Z] SIGNAL: rsi_extreme xyz:BRENTOIL RSI 75 OVERBOUGHT
[2026-03-23T10:27:55.951Z] SIGNAL: rsi_extreme xyz:GOLD RSI 75 OVERBOUGHT
[2026-03-23T10:27:57.043Z] SCOUT: SKIP BTC (2 signals) — Contradictory signals, weak confidence levels
[2026-03-23T10:27:57.043Z] SCOUT: SKIP ETH (1 signal, conf 60) — no confluence
[2026-03-23T10:27:58.911Z] SCOUT: SKIP HYPE (5 signals) — Overbought RSI + bearish MACD contradicts bullish setup
[2026-03-23T10:27:58.911Z] SCOUT: SKIP xyz:CL (1 signal, conf 56) — no confluence
[2026-03-23T10:28:00.445Z] SCOUT: SKIP SOL (4 signals) — Contradictory signals, overbought RSI weakens upside
[2026-03-23T10:28:02.593Z] SCOUT: SKIP xyz:SILVER (1 signals) — Single weak signal, insufficient confirmation
[2026-03-23T10:28:04.126Z] SCOUT: SKIP XRP (4 signals) — Overbought with contradictory bearish technicals
[2026-03-23T10:28:05.858Z] SCOUT: SKIP SUI (2 signals) — Contradictory signals, weak EMA confirmation
[2026-03-23T10:28:05.858Z] SCOUT: SKIP xyz:GOLD (1 signal, conf 57) — no confluence
[2026-03-23T10:28:07.609Z] SCOUT: SKIP DOGE (1 signals) — Single weak signal, neutral sentiment
[2026-03-23T10:28:08.499Z] SIGNAL: macd_cross AVAX BEARISH
[2026-03-23T10:28:09.420Z] SCOUT: SKIP BNB (1 signals) — Single weak signal, neutral news weighs down
[2026-03-23T10:28:09.420Z] SCOUT: SKIP xyz:NATGAS (1 signal, conf 56) — no confluence
[2026-03-23T10:28:10.963Z] SCOUT: SKIP PAXG (4 signals) — Contradictory signals: bearish MACD vs bullish EMA
[2026-03-23T10:28:12.725Z] SCOUT: SKIP AVAX (1 signals) — Single weak signal, neutral sentiment
[2026-03-23T10:28:14.417Z] SCOUT: SKIP xyz:TSLA (2 signals) — Contradictory signals, overbought with bearish cross
[2026-03-23T10:28:15.757Z] SCOUT: SKIP LINK (3 signals) — Contradictory signals: bullish vs bearish crossovers
[2026-03-23T10:28:17.823Z] SCOUT: SKIP xyz:HOOD (2 signals) — Bullish momentum contradicted by overbought RSI
[2026-03-23T10:28:19.545Z] SCOUT: SKIP AAVE (4 signals) — Overbought RSI conflicts with bullish momentum signals
[2026-03-23T10:28:23.497Z] SCOUT: SKIP ENA (3 signals) — Contradictory signals: overbought vs bearish MACD
[2026-03-23T10:28:23.497Z] SCOUT: SKIP xyz:COIN (1 signal, conf 55) — no confluence
[2026-03-23T10:28:25.711Z] SCOUT: SKIP kPEPE (2 signals) — Single strong signal insufficient for entry
[2026-03-23T10:28:28.975Z] SCOUT: SKIP xyz:ORCL (1 signals) — Single overbought signal, insufficient confluence
[2026-03-23T10:28:30.666Z] SCOUT: SKIP SEI (4 signals) — RSI overbought conflicts bullish signals
[2026-03-23T10:28:49.308Z] SIGNAL: volume_spike SEI 4.3x avg
[2026-03-23T10:28:52.624Z] SCOUT: SKIP xyz:SILVER (2 signals) — Contradictory signals, weak confluence
[2026-03-23T10:28:52.624Z] SCOUT: SKIP AVAX (1 signal, conf 59) — no confluence
[2026-03-23T10:28:55.872Z] SIGNAL: macd_cross xyz:GOLD BULLISH
[2026-03-23T10:28:56.686Z] SIGNAL: rsi_extreme xyz:TSLA RSI 82 OVERBOUGHT
[2026-03-23T10:28:56.686Z] SIGNAL: macd_cross xyz:TSLA BEARISH
[2026-03-23T10:28:56.941Z] SIGNAL: macd_cross xyz:HOOD BULLISH
[2026-03-23T10:28:56.942Z] SIGNAL: rsi_extreme xyz:HOOD RSI 80 OVERBOUGHT
[2026-03-23T10:28:57.174Z] SIGNAL: macd_cross xyz:NVDA BULLISH
[2026-03-23T10:28:57.176Z] SIGNAL: rsi_extreme xyz:NVDA RSI 77 OVERBOUGHT
[2026-03-23T10:29:30.858Z] SIGNAL: macd_cross SUI BEARISH
[2026-03-23T10:29:52.641Z] SCOUT: SKIP xyz:GOLD (1 signals) — Single weak signal, insufficient confluence
[2026-03-23T10:29:54.356Z] SCOUT: SKIP xyz:TSLA (2 signals) — Contradictory signals, overbought RSI conflicts bearish MACD
[2026-03-23T10:29:55.035Z] SIGNAL: macd_cross xyz:CL BEARISH
[2026-03-23T10:29:55.293Z] SIGNAL: macd_cross xyz:SILVER BULLISH
[2026-03-23T10:29:55.534Z] SIGNAL: macd_cross xyz:BRENTOIL BEARISH
[2026-03-23T10:29:57.349Z] SCOUT: SKIP xyz:HOOD (2 signals) — Bullish signal contradicted by overbought RSI
[2026-03-23T10:29:57.349Z] SCOUT: SKIP xyz:NVDA (1 signal, conf 60) — no confluence
[2026-03-23T10:29:57.349Z] SCOUT: SKIP SUI (1 signal, conf 56) — no confluence
[2026-03-23T10:29:57.673Z] SIGNAL: rsi_extreme xyz:COIN RSI 24 OVERSOLD
[2026-03-23T10:29:57.674Z] SIGNAL: macd_cross xyz:COIN BULLISH
[2026-03-23T10:29:57.907Z] SIGNAL: rsi_extreme xyz:ORCL RSI 88 OVERBOUGHT
[2026-03-23T10:30:02.526Z] SIGNAL: macd_cross SEI BEARISH
[2026-03-23T10:30:28.542Z] SIGNAL: price_breakout xyz:NATGAS DOWN
[2026-03-23T10:30:50.849Z] SCOUT: SKIP xyz:CL (1 signal, conf 57) — no confluence
[2026-03-23T10:30:52.805Z] SCOUT: SKIP xyz:SILVER (1 signals) — Single weak signal, insufficient confirmation
[2026-03-23T10:30:52.805Z] SCOUT: SKIP xyz:BRENTOIL (1 signal, conf 55) — no confluence
[2026-03-23T10:30:52.805Z] SCOUT: SKIP xyz:COIN (1 signal, conf 56) — no confluence
[2026-03-23T10:30:54.419Z] SCOUT: SKIP xyz:ORCL (1 signals) — Single overbought signal insufficient
[2026-03-23T10:30:54.419Z] SCOUT: SKIP SEI (1 signal, conf 55) — no confluence
[2026-03-23T10:30:54.419Z] SCOUT: SKIP xyz:NATGAS (1 signal, conf 55) — no confluence
[2026-03-23T10:30:55.408Z] SIGNAL: rsi_extreme xyz:SILVER RSI 77 OVERBOUGHT
[2026-03-23T10:30:55.643Z] SIGNAL: rsi_extreme xyz:BRENTOIL RSI 75 OVERBOUGHT
[2026-03-23T10:30:56.064Z] SIGNAL: rsi_extreme xyz:GOLD RSI 82 OVERBOUGHT
[2026-03-23T10:30:56.064Z] SIGNAL: macd_cross xyz:GOLD BULLISH
[2026-03-23T10:30:56.319Z] SIGNAL: rsi_extreme xyz:NATGAS RSI 24 OVERSOLD
[2026-03-23T10:30:56.766Z] SIGNAL: macd_cross xyz:COPPER BULLISH
[2026-03-23T10:30:57.655Z] SIGNAL: rsi_extreme xyz:TSLA RSI 80 OVERBOUGHT
[2026-03-23T10:30:57.655Z] SIGNAL: macd_cross xyz:TSLA BEARISH
[2026-03-23T10:30:57.891Z] SIGNAL: macd_cross xyz:HOOD BULLISH
[2026-03-23T10:30:57.892Z] SIGNAL: rsi_extreme xyz:HOOD RSI 81 OVERBOUGHT
[2026-03-23T10:30:58.126Z] SIGNAL: macd_cross xyz:NVDA BULLISH
[2026-03-23T10:30:58.127Z] SIGNAL: rsi_extreme xyz:NVDA RSI 77 OVERBOUGHT
[2026-03-23T10:31:02.635Z] SIGNAL: volume_spike ENA 4.1x avg
[2026-03-23T10:31:18.197Z] SIGNAL: volume_spike DOGE 4.1x avg
[2026-03-23T10:31:23.566Z] SIGNAL: price_breakout xyz:ORCL UP
[2026-03-23T10:31:33.021Z] SIGNAL: volume_spike LINK 4.1x avg
[2026-03-23T10:31:52.316Z] SCOUT: SKIP xyz:GOLD (2 signals) — RSI overbought conflicts with bullish MACD
[2026-03-23T10:31:52.316Z] SCOUT: SKIP xyz:COPPER (1 signal, conf 57) — no confluence
[2026-03-23T10:31:52.316Z] SCOUT: SKIP xyz:TSLA (1 signal, conf 59) — no confluence
[2026-03-23T10:31:52.783Z] SIGNAL: volume_spike AAVE 4.1x avg
[2026-03-23T10:31:54.280Z] SIGNAL: rsi_extreme BTC RSI 19 OVERSOLD
[2026-03-23T10:31:54.280Z] SIGNAL: bb_squeeze_breakout BTC DOWN
[2026-03-23T10:31:54.280Z] SIGNAL: macd_cross BTC BULLISH
[2026-03-23T10:31:54.283Z] SCOUT: SKIP xyz:HOOD (2 signals) — BULLISH MACD contradicted by overbought RSI
[2026-03-23T10:31:54.283Z] SCOUT: SKIP xyz:NVDA (1 signal, conf 61) — no confluence
[2026-03-23T10:31:54.283Z] SCOUT: SKIP xyz:ORCL (1 signal, conf 58) — no confluence
[2026-03-23T10:31:54.314Z] STATUS: 26 coins | WS: OK | Positions: 6 | Tokens: $7.92 (79.2%)
[2026-03-23T10:31:54.514Z] SIGNAL: rsi_extreme ETH RSI 76 OVERBOUGHT
[2026-03-23T10:31:54.514Z] SIGNAL: macd_cross ETH BULLISH
[2026-03-23T10:31:54.514Z] SIGNAL: bb_squeeze_breakout ETH UP
[2026-03-23T10:31:54.514Z] SIGNAL: ema_cross ETH BEARISH
[2026-03-23T10:31:54.749Z] SIGNAL: rsi_extreme HYPE RSI 85 OVERBOUGHT
[2026-03-23T10:31:54.749Z] SIGNAL: ema_cross HYPE BULLISH
[2026-03-23T10:31:54.749Z] SIGNAL: bb_squeeze_breakout HYPE UP
[2026-03-23T10:31:54.749Z] SIGNAL: vwap_deviation HYPE ABOVE
[2026-03-23T10:31:54.749Z] SIGNAL: macd_cross HYPE BEARISH
[2026-03-23T10:31:54.984Z] SIGNAL: rsi_extreme SOL RSI 82 OVERBOUGHT
[2026-03-23T10:31:54.984Z] SIGNAL: bb_squeeze_breakout SOL UP
[2026-03-23T10:31:54.984Z] SIGNAL: ema_cross SOL BEARISH
[2026-03-23T10:31:55.219Z] SIGNAL: rsi_extreme XRP RSI 79 OVERBOUGHT
[2026-03-23T10:31:55.219Z] SIGNAL: macd_cross XRP BULLISH
[2026-03-23T10:31:55.219Z] SIGNAL: bb_squeeze_breakout XRP UP
[2026-03-23T10:31:55.334Z] SIGNAL: ema_cross xyz:SILVER BULLISH
[2026-03-23T10:31:55.334Z] SIGNAL: macd_cross xyz:SILVER BULLISH
[2026-03-23T10:31:55.496Z] SIGNAL: rsi_extreme SUI RSI 77 OVERBOUGHT
[2026-03-23T10:31:55.496Z] SIGNAL: macd_cross SUI BULLISH
[2026-03-23T10:31:55.497Z] SIGNAL: ema_cross SUI BEARISH
[2026-03-23T10:31:55.732Z] SIGNAL: ema_cross DOGE BULLISH
[2026-03-23T10:31:55.732Z] SIGNAL: macd_cross DOGE BULLISH
[2026-03-23T10:31:55.734Z] SIGNAL: rsi_extreme DOGE RSI 23 OVERSOLD
[2026-03-23T10:31:55.972Z] SIGNAL: rsi_extreme BNB RSI 80 OVERBOUGHT
[2026-03-23T10:31:55.972Z] SIGNAL: macd_cross BNB BULLISH
[2026-03-23T10:31:55.972Z] SIGNAL: ema_cross BNB BEARISH
[2026-03-23T10:31:56.087Z] SIGNAL: macd_cross xyz:NATGAS BULLISH
[2026-03-23T10:31:56.206Z] SIGNAL: rsi_extreme PAXG RSI 78 OVERBOUGHT
[2026-03-23T10:31:56.206Z] SIGNAL: vwap_deviation PAXG ABOVE
[2026-03-23T10:31:56.206Z] SIGNAL: ema_cross PAXG BEARISH
[2026-03-23T10:31:56.207Z] SIGNAL: macd_cross PAXG BULLISH
[2026-03-23T10:31:56.572Z] SIGNAL: rsi_extreme AVAX RSI 77 OVERBOUGHT
[2026-03-23T10:31:56.572Z] SIGNAL: macd_cross AVAX BULLISH
[2026-03-23T10:31:56.572Z] SIGNAL: bb_squeeze_breakout AVAX UP
[2026-03-23T10:31:56.804Z] SIGNAL: rsi_extreme LINK RSI 76 OVERBOUGHT
[2026-03-23T10:31:56.804Z] SIGNAL: macd_cross LINK BULLISH
[2026-03-23T10:31:56.804Z] SIGNAL: bb_squeeze_breakout LINK UP
[2026-03-23T10:31:56.805Z] SIGNAL: ema_cross LINK BEARISH
[2026-03-23T10:31:57.041Z] SIGNAL: rsi_extreme AAVE RSI 79 OVERBOUGHT
[2026-03-23T10:31:57.041Z] SIGNAL: macd_cross AAVE BULLISH
[2026-03-23T10:31:57.041Z] SIGNAL: bb_squeeze_breakout AAVE UP
[2026-03-23T10:31:57.290Z] SIGNAL: rsi_extreme ENA RSI 79 OVERBOUGHT
[2026-03-23T10:31:57.290Z] SIGNAL: macd_cross ENA BULLISH
[2026-03-23T10:31:57.290Z] SIGNAL: vwap_deviation ENA ABOVE
[2026-03-23T10:31:57.533Z] SIGNAL: macd_cross kPEPE BULLISH
[2026-03-23T10:31:57.533Z] SIGNAL: rsi_extreme kPEPE RSI 76 OVERBOUGHT
[2026-03-23T10:31:57.535Z] SIGNAL: ema_cross kPEPE BULLISH
[2026-03-23T10:31:57.768Z] SIGNAL: rsi_extreme SEI RSI 82 OVERBOUGHT
[2026-03-23T10:31:57.768Z] SIGNAL: vwap_deviation SEI ABOVE
[2026-03-23T10:31:57.769Z] SIGNAL: ema_cross SEI BULLISH
[2026-03-23T10:32:21.663Z] SIGNAL: macd_cross SEI BEARISH
[2026-03-23T10:32:33.584Z] SIGNAL: price_breakout xyz:NATGAS DOWN
[2026-03-23T10:32:52.532Z] SCOUT: SKIP BTC (3 signals) — Contradictory signals, weak BB confidence
[2026-03-23T10:32:54.068Z] SCOUT: SKIP ETH (3 signals) — Contradictory signals, bearish EMA vs bullish MACD
[2026-03-23T10:32:55.617Z] SCOUT: SKIP HYPE (5 signals) — Overbought RSI contradicts bullish signals
[2026-03-23T10:32:55.791Z] SIGNAL: ema_cross xyz:GOLD BEARISH
[2026-03-23T10:32:57.137Z] SCOUT: SKIP SOL (3 signals) — Conflicting signals, overbought RSI warns pullback
[2026-03-23T10:32:57.205Z] SIGNAL: rsi_extreme xyz:COIN RSI 25 OVERSOLD
[2026-03-23T10:32:57.205Z] SIGNAL: macd_cross xyz:COIN BULLISH
[2026-03-23T10:32:57.442Z] SIGNAL: rsi_extreme xyz:ORCL RSI 88 OVERBOUGHT
[2026-03-23T10:32:59.126Z] SCOUT: PASS XRP (2 signals, 75%) — Strong MACD cross, confirmed by BB squeeze [analyst buf: 1]
[2026-03-23T10:33:01.204Z] SCOUT: SKIP xyz:SILVER (2 signals) — Bullish signals conflict with short position
[2026-03-23T10:33:02.859Z] SCOUT: SKIP SUI (2 signals) — Contradictory signals, weak bearish confirmation
[2026-03-23T10:33:04.440Z] SCOUT: PASS DOGE (2 signals, 71%) — Dual bullish signals aligned, moderate conviction [analyst buf: 2]
[2026-03-23T10:33:06.112Z] SCOUT: SKIP BNB (2 signals) — Contradictory signals, weak sentiment support
[2026-03-23T10:33:07.806Z] SCOUT: SKIP xyz:NATGAS (2 signals) — Contradictory signals, conflicting directions
[2026-03-23T10:33:09.365Z] SCOUT: SKIP PAXG (3 signals) — Contradictory signals, weak vwap confidence
[2026-03-23T10:33:11.278Z] SCOUT: PASS AVAX (2 signals, 74%) — MACD cross confirms BB breakout signal [analyst buf: 3]
[2026-03-23T10:33:12.824Z] SCOUT: SKIP LINK (3 signals) — Conflicting signals, weak conviction
[2026-03-23T10:33:14.753Z] SCOUT: PASS AAVE (2 signals, 77%) — MACD cross + BB breakout alignment [analyst buf: 4]
[2026-03-23T10:33:16.399Z] SCOUT: SKIP ENA (2 signals) — Single strong signal insufficient for trade
[2026-03-23T10:33:18.066Z] SCOUT: SKIP kPEPE (2 signals) — Single strong signal insufficient without confirmation
[2026-03-23T10:33:19.558Z] SCOUT: SKIP SEI (4 signals) — Contradictory signals: bullish EMA vs bearish MACD
[2026-03-23T10:33:49.136Z] ANALYST: processing 4 scout-passed signal groups
[2026-03-23T10:33:50.862Z] SCOUT: SKIP xyz:GOLD (1 signal, conf 62) — no confluence
[2026-03-23T10:33:50.862Z] SCOUT: SKIP xyz:COIN (1 signal, conf 58) — no confluence
[2026-03-23T10:33:53.514Z] SCOUT: SKIP xyz:ORCL (1 signals) — Single overbought RSI signal insufficient
[2026-03-23T10:33:55.092Z] SIGNAL: rsi_extreme xyz:CL RSI 24 OVERSOLD
[2026-03-23T10:33:55.366Z] SIGNAL: ema_cross xyz:SILVER BULLISH
[2026-03-23T10:33:55.366Z] SIGNAL: macd_cross xyz:SILVER BULLISH
[2026-03-23T10:33:55.367Z] SIGNAL: rsi_extreme xyz:SILVER RSI 79 OVERBOUGHT
[2026-03-23T10:33:55.609Z] SIGNAL: rsi_extreme xyz:BRENTOIL RSI 75 OVERBOUGHT
[2026-03-23T10:33:55.864Z] SIGNAL: macd_cross xyz:GOLD BULLISH
[2026-03-23T10:33:55.864Z] SIGNAL: rsi_extreme xyz:GOLD RSI 24 OVERSOLD
[2026-03-23T10:33:56.120Z] SIGNAL: rsi_extreme xyz:NATGAS RSI 24 OVERSOLD
[2026-03-23T10:33:56.120Z] SIGNAL: bb_squeeze_breakout xyz:NATGAS DOWN
[2026-03-23T10:33:56.599Z] SIGNAL: rsi_extreme xyz:TSLA RSI 79 OVERBOUGHT
[2026-03-23T10:33:56.842Z] SIGNAL: rsi_extreme xyz:HOOD RSI 75 OVERBOUGHT
[2026-03-23T10:33:57.122Z] SIGNAL: rsi_extreme xyz:NVDA RSI 77 OVERBOUGHT
[2026-03-23T10:34:33.281Z] DECISION: [Scalping-v2] RISK_BLOCKED XRP — Confidence 60% < 70% 
[2026-03-23T10:34:33.281Z] DECISION: HOLD DOGE — No Scalping-v2 slots remaining after XRP 
[2026-03-23T10:34:33.281Z] DECISION: HOLD DOGE — Copytrading-v2 at max capacity, 2/2 full 
[2026-03-23T10:34:33.281Z] DECISION: HOLD DOGE — Sentiment-v2 at max capacity, 2/2 full 
[2026-03-23T10:34:33.281Z] DECISION: HOLD AVAX — No slots left; recent consecutive AVAX SL hits 
[2026-03-23T10:34:33.281Z] DECISION: HOLD AVAX — Copytrading-v2 at max capacity, 2/2 full 
[2026-03-23T10:34:49.423Z] LIVE CLOSE: AAVE hold_time_stoploss — 1 positions, total PnL $-0.24
[2026-03-23T10:34:49.611Z] FILL: Close Long AAVE 0.71@105.37 PnL=-0.1846
[2026-03-23T10:34:49.611Z] ORDER: A AAVE status=open
[2026-03-23T10:34:49.611Z] ORDER: A AAVE status=filled
[2026-03-23T10:34:51.501Z] SIGNAL: macd_cross XRP BEARISH
[2026-03-23T10:34:52.655Z] SCOUT: SKIP xyz:SILVER (2 signals) — Two bullish signals conflict with short position
[2026-03-23T10:34:52.655Z] SCOUT: SKIP xyz:GOLD (1 signal, conf 63) — no confluence
[2026-03-23T10:34:52.655Z] SCOUT: SKIP xyz:NATGAS (1 signal, conf 60) — no confluence
[2026-03-23T10:34:55.066Z] SIGNAL: macd_cross xyz:CL BULLISH
[2026-03-23T10:34:55.068Z] SIGNAL: ema_cross xyz:CL BEARISH
[2026-03-23T10:34:56.186Z] SIGNAL: macd_cross xyz:NATGAS BULLISH
[2026-03-23T10:34:57.474Z] SIGNAL: rsi_extreme xyz:COIN RSI 19 OVERSOLD
[2026-03-23T10:34:57.474Z] SIGNAL: macd_cross xyz:COIN BULLISH
[2026-03-23T10:34:57.731Z] SIGNAL: rsi_extreme xyz:ORCL RSI 90 OVERBOUGHT
[2026-03-23T10:35:04.308Z] SIGNAL: volume_spike AVAX 4.5x avg
[2026-03-23T10:35:07.438Z] SIGNAL: volume_spike kPEPE 4.6x avg
[2026-03-23T10:35:51.119Z] SCOUT: SKIP XRP (1 signal, conf 55) — no confluence
[2026-03-23T10:35:52.848Z] SCOUT: SKIP xyz:CL (2 signals) — Contradictory signals, weak bearish confirmation
[2026-03-23T10:35:52.848Z] SCOUT: SKIP xyz:NATGAS (1 signal, conf 62) — no confluence
[2026-03-23T10:35:54.402Z] SCOUT: SKIP xyz:COIN (2 signals) — Weak oversold + weak bullish confluence
[2026-03-23T10:35:55.293Z] SIGNAL: rsi_extreme xyz:CL RSI 24 OVERSOLD
[2026-03-23T10:35:55.548Z] SIGNAL: macd_cross xyz:SILVER BEARISH
[2026-03-23T10:35:55.550Z] SIGNAL: rsi_extreme xyz:SILVER RSI 79 OVERBOUGHT
[2026-03-23T10:35:55.785Z] SIGNAL: rsi_extreme xyz:BRENTOIL RSI 75 OVERBOUGHT
[2026-03-23T10:35:56.018Z] SIGNAL: macd_cross xyz:GOLD BULLISH
[2026-03-23T10:35:56.019Z] SIGNAL: rsi_extreme xyz:GOLD RSI 76 OVERBOUGHT
[2026-03-23T10:35:56.138Z] SCOUT: SKIP xyz:ORCL (1 signals) — Single extreme RSI signal insufficient
[2026-03-23T10:35:56.259Z] SIGNAL: rsi_extreme xyz:NATGAS RSI 24 OVERSOLD
[2026-03-23T10:35:56.259Z] SIGNAL: bb_squeeze_breakout xyz:NATGAS DOWN
[2026-03-23T10:35:56.727Z] SIGNAL: rsi_extreme xyz:TSLA RSI 25 OVERSOLD
[2026-03-23T10:35:57.005Z] SIGNAL: rsi_extreme xyz:HOOD RSI 75 OVERBOUGHT
[2026-03-23T10:35:57.241Z] SIGNAL: rsi_extreme xyz:NVDA RSI 77 OVERBOUGHT
[2026-03-23T10:36:07.314Z] SIGNAL: volume_spike BNB 4.4x avg
[2026-03-23T10:36:50.851Z] SCOUT: SKIP xyz:SILVER (1 signal, conf 58) — no confluence
[2026-03-23T10:36:50.851Z] SCOUT: SKIP xyz:GOLD (1 signal, conf 57) — no confluence
[2026-03-23T10:36:50.851Z] SCOUT: SKIP xyz:NATGAS (1 signal, conf 60) — no confluence
[2026-03-23T10:36:53.836Z] SIGNAL: volume_spike AAVE 4.5x avg
[2026-03-23T10:36:54.215Z] SIGNAL: rsi_extreme BTC RSI 19 OVERSOLD
[2026-03-23T10:36:54.215Z] SIGNAL: bb_squeeze_breakout BTC DOWN
[2026-03-23T10:36:54.215Z] SIGNAL: macd_cross BTC BULLISH
[2026-03-23T10:36:54.315Z] STATUS: 26 coins | WS: OK | Positions: 5 | Tokens: $7.99 (79.9%)
[2026-03-23T10:36:54.448Z] SIGNAL: rsi_extreme ETH RSI 77 OVERBOUGHT
[2026-03-23T10:36:54.448Z] SIGNAL: ema_cross ETH BULLISH
[2026-03-23T10:36:54.448Z] SIGNAL: macd_cross ETH BULLISH
[2026-03-23T10:36:54.681Z] SIGNAL: rsi_extreme HYPE RSI 82 OVERBOUGHT
[2026-03-23T10:36:54.681Z] SIGNAL: ema_cross HYPE BULLISH
[2026-03-23T10:36:54.681Z] SIGNAL: macd_cross HYPE BULLISH
[2026-03-23T10:36:54.681Z] SIGNAL: bb_squeeze_breakout HYPE UP
[2026-03-23T10:36:54.681Z] SIGNAL: vwap_deviation HYPE ABOVE
[2026-03-23T10:36:54.916Z] SIGNAL: rsi_extreme SOL RSI 83 OVERBOUGHT
[2026-03-23T10:36:54.916Z] SIGNAL: macd_cross SOL BULLISH
[2026-03-23T10:36:54.916Z] SIGNAL: bb_squeeze_breakout SOL UP
[2026-03-23T10:36:55.150Z] SIGNAL: rsi_extreme XRP RSI 80 OVERBOUGHT
[2026-03-23T10:36:55.150Z] SIGNAL: macd_cross XRP BULLISH
[2026-03-23T10:36:55.150Z] SIGNAL: bb_squeeze_breakout XRP UP
[2026-03-23T10:36:55.384Z] SIGNAL: rsi_extreme SUI RSI 77 OVERBOUGHT
[2026-03-23T10:36:55.384Z] SIGNAL: macd_cross SUI BULLISH
[2026-03-23T10:36:55.641Z] SIGNAL: ema_cross DOGE BULLISH
[2026-03-23T10:36:55.641Z] SIGNAL: macd_cross DOGE BULLISH
[2026-03-23T10:36:55.641Z] SIGNAL: rsi_extreme DOGE RSI 75 OVERBOUGHT
[2026-03-23T10:36:56.234Z] SIGNAL: rsi_extreme BNB RSI 78 OVERBOUGHT
[2026-03-23T10:36:56.234Z] SIGNAL: macd_cross BNB BULLISH
[2026-03-23T10:36:56.234Z] SIGNAL: ema_cross BNB BEARISH
[2026-03-23T10:36:56.469Z] SIGNAL: rsi_extreme PAXG RSI 76 OVERBOUGHT
[2026-03-23T10:36:56.469Z] SIGNAL: macd_cross PAXG BULLISH
[2026-03-23T10:36:56.469Z] SIGNAL: vwap_deviation PAXG ABOVE
[2026-03-23T10:36:56.470Z] SIGNAL: ema_cross PAXG BULLISH
[2026-03-23T10:36:56.704Z] SIGNAL: rsi_extreme AVAX RSI 79 OVERBOUGHT
[2026-03-23T10:36:56.704Z] SIGNAL: macd_cross AVAX BULLISH
[2026-03-23T10:36:56.704Z] SIGNAL: bb_squeeze_breakout AVAX UP
[2026-03-23T10:36:56.883Z] SIGNAL: macd_cross xyz:NATGAS BULLISH
[2026-03-23T10:36:56.939Z] SIGNAL: rsi_extreme LINK RSI 77 OVERBOUGHT
[2026-03-23T10:36:56.939Z] SIGNAL: macd_cross LINK BULLISH
[2026-03-23T10:36:56.939Z] SIGNAL: bb_squeeze_breakout LINK UP
[2026-03-23T10:36:56.939Z] SIGNAL: ema_cross LINK BEARISH
[2026-03-23T10:36:57.204Z] SIGNAL: rsi_extreme AAVE RSI 79 OVERBOUGHT
[2026-03-23T10:36:57.204Z] SIGNAL: ema_cross AAVE BULLISH
[2026-03-23T10:36:57.204Z] SIGNAL: macd_cross AAVE BULLISH
[2026-03-23T10:36:57.204Z] SIGNAL: bb_squeeze_breakout AAVE UP
[2026-03-23T10:36:57.439Z] SIGNAL: rsi_extreme ENA RSI 80 OVERBOUGHT
[2026-03-23T10:36:57.439Z] SIGNAL: ema_cross ENA BULLISH
[2026-03-23T10:36:57.439Z] SIGNAL: macd_cross ENA BULLISH
[2026-03-23T10:36:57.439Z] SIGNAL: vwap_deviation ENA ABOVE
[2026-03-23T10:36:57.692Z] SIGNAL: rsi_extreme kPEPE RSI 77 OVERBOUGHT
[2026-03-23T10:36:57.692Z] SIGNAL: macd_cross kPEPE BULLISH
[2026-03-23T10:36:57.693Z] SIGNAL: ema_cross kPEPE BEARISH
[2026-03-23T10:36:57.928Z] SIGNAL: rsi_extreme SEI RSI 81 OVERBOUGHT
[2026-03-23T10:36:57.928Z] SIGNAL: macd_cross SEI BULLISH
[2026-03-23T10:36:57.928Z] SIGNAL: vwap_deviation SEI ABOVE
[2026-03-23T10:36:57.929Z] SIGNAL: ema_cross SEI BULLISH
[2026-03-23T10:36:58.147Z] SIGNAL: rsi_extreme xyz:COIN RSI 18 OVERSOLD
[2026-03-23T10:36:58.147Z] SIGNAL: macd_cross xyz:COIN BEARISH
[2026-03-23T10:36:58.384Z] SIGNAL: rsi_extreme xyz:ORCL RSI 90 OVERBOUGHT
[2026-03-23T10:37:33.009Z] SIGNAL: volume_spike DOGE 4.3x avg
[2026-03-23T10:37:33.772Z] SIGNAL: price_breakout xyz:GOLD DOWN
[2026-03-23T10:37:48.581Z] SIGNAL: price_breakout xyz:COIN DOWN
[2026-03-23T10:37:52.811Z] SCOUT: SKIP BTC (3 signals) — Contradictory signals, RSI oversold vs BB breakdown
[2026-03-23T10:37:54.742Z] SCOUT: PASS ETH (2 signals, 79%) — Strong dual bullish crossover confirmation [analyst buf: 1]
[2026-03-23T10:37:55.036Z] SIGNAL: macd_cross xyz:CL BULLISH
[2026-03-23T10:37:55.763Z] SIGNAL: macd_cross xyz:BRENTOIL BULLISH
[2026-03-23T10:37:56.580Z] SIGNAL: rsi_extreme xyz:NATGAS RSI 24 OVERSOLD
[2026-03-23T10:37:56.581Z] SIGNAL: bb_squeeze_breakout xyz:NATGAS DOWN
[2026-03-23T10:37:56.631Z] SCOUT: SKIP HYPE (5 signals) — RSI overbought contradicts bullish momentum signals
[2026-03-23T10:37:57.056Z] SIGNAL: rsi_extreme xyz:TSLA RSI 25 OVERSOLD
[2026-03-23T10:37:57.321Z] SIGNAL: rsi_extreme xyz:HOOD RSI 76 OVERBOUGHT
[2026-03-23T10:37:57.556Z] SIGNAL: rsi_extreme xyz:NVDA RSI 76 OVERBOUGHT
[2026-03-23T10:37:58.201Z] SCOUT: SKIP SOL (3 signals) — RSI overbought contradicts bullish signals
[2026-03-23T10:38:00.999Z] SCOUT: PASS XRP (2 signals, 75%) — Two aligned bullish signals, MACD strong [analyst buf: 2]
[2026-03-23T10:38:02.648Z] SCOUT: SKIP SUI (1 signals) — Single weak signal, insufficient confirmation
[2026-03-23T10:38:04.580Z] SCOUT: PASS DOGE (2 signals, 75%) — Two aligned bullish signals, strong MACD confirmation [analyst buf: 3]
[2026-03-23T10:38:06.218Z] SCOUT: SKIP BNB (2 signals) — Contradictory signals, weak sentiment
[2026-03-23T10:38:07.723Z] SCOUT: PASS PAXG (3 signals, 75%) — Strong MACD cross, confirmed by EMA bullish [analyst buf: 4]
[2026-03-23T10:38:09.680Z] SCOUT: PASS AVAX (2 signals, 76%) — MACD cross bullish, BB squeeze confirmation [analyst buf: 5]
[2026-03-23T10:38:11.504Z] SCOUT: SKIP xyz:NATGAS (1 signals) — Single weak signal insufficient for trade
[2026-03-23T10:38:13.080Z] SCOUT: SKIP LINK (3 signals) — Contradictory signals, weak bearish EMA cross
[2026-03-23T10:38:15.320Z] SCOUT: PASS AAVE (3 signals, 81%) — Strong bullish confluence, BB squeeze breakout confirmation [analyst buf: 6]
[2026-03-23T10:38:17.031Z] SCOUT: PASS ENA (3 signals, 88%) — Strong bullish confluence, weak VWAP support [analyst buf: 7]
[2026-03-23T10:38:18.764Z] SCOUT: SKIP kPEPE (2 signals) — Contradictory signals, weak EMA confirmation
[2026-03-23T10:38:19.138Z] ANALYST: processing 7 scout-passed signal groups
[2026-03-23T10:38:20.621Z] SCOUT: SKIP SEI (4 signals) — RSI overbought contradicts bullish momentum signals
[2026-03-23T10:38:22.358Z] SCOUT: SKIP xyz:COIN (3 signals) — Oversold RSI contradicts bearish MACD/breakdown
[2026-03-23T10:38:24.223Z] SCOUT: SKIP xyz:ORCL (1 signals) — Single overbought RSI signal insufficient
[2026-03-23T10:38:24.223Z] SCOUT: SKIP xyz:GOLD (1 signal, conf 56) — no confluence
[2026-03-23T10:38:55.115Z] SIGNAL: rsi_extreme xyz:CL RSI 24 OVERSOLD
[2026-03-23T10:38:55.431Z] SIGNAL: rsi_extreme xyz:SILVER RSI 79 OVERBOUGHT
[2026-03-23T10:38:55.433Z] SIGNAL: macd_cross xyz:SILVER BEARISH
[2026-03-23T10:38:55.688Z] SIGNAL: rsi_extreme xyz:BRENTOIL RSI 75 OVERBOUGHT
[2026-03-23T10:38:55.922Z] SIGNAL: rsi_extreme xyz:GOLD RSI 23 OVERSOLD
[2026-03-23T10:38:55.922Z] SIGNAL: macd_cross xyz:GOLD BULLISH
[2026-03-23T10:38:56.839Z] SIGNAL: macd_cross PAXG BEARISH
[2026-03-23T10:39:06.507Z] SCOUT: SKIP xyz:CL (1 signals) — Single weak signal, insufficient confirmation
[2026-03-23T10:39:06.507Z] SCOUT: SKIP xyz:BRENTOIL (1 signal, conf 55) — no confluence
[2026-03-23T10:39:06.507Z] SCOUT: SKIP xyz:NATGAS (1 signal, conf 60) — no confluence
[2026-03-23T10:39:16.859Z] DECISION: HOLD ETH — Parse failed 
[2026-03-23T10:39:16.859Z] DECISION: HOLD XRP — Parse failed 
[2026-03-23T10:39:16.859Z] DECISION: HOLD DOGE — Parse failed 
[2026-03-23T10:39:16.859Z] DECISION: HOLD PAXG — Parse failed 
[2026-03-23T10:39:16.859Z] DECISION: HOLD AVAX — Parse failed 
[2026-03-23T10:39:16.859Z] DECISION: HOLD AAVE — Parse failed 
[2026-03-23T10:39:16.859Z] DECISION: HOLD ENA — Parse failed 
[2026-03-23T10:39:23.583Z] SIGNAL: price_breakout xyz:ORCL DOWN
[2026-03-23T10:39:28.562Z] SIGNAL: price_breakout xyz:HOOD DOWN
[2026-03-23T10:39:50.319Z] SIGNAL: volume_spike ENA 4.3x avg
[2026-03-23T10:39:52.898Z] SCOUT: SKIP xyz:SILVER (1 signals) — Single weak signal insufficient for trade
[2026-03-23T10:39:52.898Z] SCOUT: SKIP xyz:GOLD (1 signal, conf 55) — no confluence
[2026-03-23T10:39:52.898Z] SCOUT: SKIP PAXG (1 signal, conf 63) — no confluence
[2026-03-23T10:39:52.898Z] SCOUT: SKIP xyz:ORCL (1 signal, conf 62) — no confluence
[2026-03-23T10:39:52.898Z] SCOUT: SKIP xyz:HOOD (1 signal, conf 56) — no confluence
[2026-03-23T10:39:57.445Z] SIGNAL: rsi_extreme xyz:COIN RSI 18 OVERSOLD
[2026-03-23T10:39:57.446Z] SIGNAL: macd_cross xyz:COIN BULLISH
[2026-03-23T10:39:57.683Z] SIGNAL: rsi_extreme xyz:ORCL RSI 18 OVERSOLD
[2026-03-23T10:40:14.204Z] SIGNAL: volume_spike BTC 4.1x avg
[2026-03-23T10:40:52.671Z] SCOUT: SKIP xyz:COIN (2 signals) — Weak signals, low MACD confidence insufficient
[2026-03-23T10:40:54.875Z] SCOUT: SKIP xyz:ORCL (1 signals) — Single weak oversold signal insufficient
[2026-03-23T10:40:56.103Z] SIGNAL: rsi_extreme xyz:NATGAS RSI 24 OVERSOLD
[2026-03-23T10:40:56.103Z] SIGNAL: bb_squeeze_breakout xyz:NATGAS DOWN
[2026-03-23T10:40:56.686Z] SIGNAL: macd_cross xyz:TSLA BULLISH
[2026-03-23T10:40:56.688Z] SIGNAL: rsi_extreme xyz:TSLA RSI 25 OVERSOLD
[2026-03-23T10:40:56.923Z] SIGNAL: rsi_extreme xyz:HOOD RSI 81 OVERBOUGHT
[2026-03-23T10:40:57.157Z] SIGNAL: rsi_extreme xyz:NVDA RSI 76 OVERBOUGHT
[2026-03-23T10:41:38.586Z] SIGNAL: price_breakout xyz:HOOD UP
[2026-03-23T10:41:50.852Z] SCOUT: SKIP xyz:NATGAS (1 signal, conf 60) — no confluence
[2026-03-23T10:41:50.852Z] SCOUT: SKIP xyz:TSLA (1 signal, conf 56) — no confluence
[2026-03-23T10:41:52.851Z] SCOUT: SKIP xyz:HOOD (2 signals) — Overbought RSI contradicts breakout strength
[2026-03-23T10:41:54.220Z] SIGNAL: rsi_extreme BTC RSI 76 OVERBOUGHT
[2026-03-23T10:41:54.315Z] STATUS: 26 coins | WS: OK | Positions: 5 | Tokens: $8.07 (80.7%)
[2026-03-23T10:41:54.502Z] SIGNAL: ema_cross ETH BULLISH
[2026-03-23T10:41:54.502Z] SIGNAL: macd_cross ETH BULLISH
[2026-03-23T10:41:54.502Z] SIGNAL: rsi_extreme ETH RSI 78 OVERBOUGHT
[2026-03-23T10:41:54.937Z] SIGNAL: rsi_extreme HYPE RSI 83 OVERBOUGHT
[2026-03-23T10:41:54.937Z] SIGNAL: macd_cross HYPE BULLISH
[2026-03-23T10:41:54.937Z] SIGNAL: bb_squeeze_breakout HYPE UP
[2026-03-23T10:41:54.937Z] SIGNAL: vwap_deviation HYPE ABOVE
[2026-03-23T10:41:54.939Z] SIGNAL: ema_cross HYPE BEARISH
[2026-03-23T10:41:55.044Z] SIGNAL: rsi_extreme xyz:CL RSI 24 OVERSOLD
[2026-03-23T10:41:55.176Z] SIGNAL: rsi_extreme SOL RSI 80 OVERBOUGHT
[2026-03-23T10:41:55.176Z] SIGNAL: macd_cross SOL BULLISH
[2026-03-23T10:41:55.176Z] SIGNAL: bb_squeeze_breakout SOL UP
[2026-03-23T10:41:55.321Z] SIGNAL: rsi_extreme xyz:SILVER RSI 79 OVERBOUGHT
[2026-03-23T10:41:55.323Z] SIGNAL: macd_cross xyz:SILVER BEARISH
[2026-03-23T10:41:55.432Z] SIGNAL: rsi_extreme XRP RSI 80 OVERBOUGHT
[2026-03-23T10:41:55.432Z] SIGNAL: macd_cross XRP BULLISH
[2026-03-23T10:41:55.432Z] SIGNAL: bb_squeeze_breakout XRP UP
[2026-03-23T10:41:55.433Z] SIGNAL: ema_cross XRP BEARISH
[2026-03-23T10:41:55.654Z] SIGNAL: rsi_extreme xyz:BRENTOIL RSI 75 OVERBOUGHT
[2026-03-23T10:41:55.668Z] SIGNAL: rsi_extreme SUI RSI 76 OVERBOUGHT
[2026-03-23T10:41:55.668Z] SIGNAL: macd_cross SUI BULLISH
[2026-03-23T10:41:55.903Z] SIGNAL: ema_cross DOGE BULLISH
[2026-03-23T10:41:55.903Z] SIGNAL: macd_cross DOGE BULLISH
[2026-03-23T10:41:55.904Z] SIGNAL: rsi_extreme DOGE RSI 23 OVERSOLD
[2026-03-23T10:41:55.909Z] SIGNAL: rsi_extreme xyz:GOLD RSI 19 OVERSOLD
[2026-03-23T10:41:56.138Z] SIGNAL: rsi_extreme BNB RSI 78 OVERBOUGHT
[2026-03-23T10:41:56.138Z] SIGNAL: macd_cross BNB BULLISH
[2026-03-23T10:41:56.139Z] SIGNAL: ema_cross BNB BEARISH
[2026-03-23T10:41:56.377Z] SIGNAL: macd_cross PAXG BULLISH
[2026-03-23T10:41:56.377Z] SIGNAL: vwap_deviation PAXG ABOVE
[2026-03-23T10:41:56.377Z] SIGNAL: rsi_extreme PAXG RSI 25 OVERSOLD
[2026-03-23T10:41:56.378Z] SIGNAL: ema_cross PAXG BULLISH
[2026-03-23T10:41:56.656Z] SIGNAL: rsi_extreme AVAX RSI 78 OVERBOUGHT
[2026-03-23T10:41:56.657Z] SIGNAL: ema_cross AVAX BULLISH
[2026-03-23T10:41:56.657Z] SIGNAL: macd_cross AVAX BULLISH
[2026-03-23T10:41:56.657Z] SIGNAL: bb_squeeze_breakout AVAX UP
[2026-03-23T10:41:56.903Z] SIGNAL: macd_cross xyz:HOOD BULLISH
[2026-03-23T10:41:56.911Z] SIGNAL: ema_cross LINK BULLISH
[2026-03-23T10:41:56.911Z] SIGNAL: macd_cross LINK BULLISH
[2026-03-23T10:41:56.911Z] SIGNAL: rsi_extreme LINK RSI 76 OVERBOUGHT
[2026-03-23T10:41:57.145Z] SIGNAL: rsi_extreme AAVE RSI 78 OVERBOUGHT
[2026-03-23T10:41:57.145Z] SIGNAL: ema_cross AAVE BULLISH
[2026-03-23T10:41:57.145Z] SIGNAL: macd_cross AAVE BULLISH
[2026-03-23T10:41:57.145Z] SIGNAL: bb_squeeze_breakout AAVE UP
[2026-03-23T10:41:57.381Z] SIGNAL: rsi_extreme ENA RSI 80 OVERBOUGHT
[2026-03-23T10:41:57.381Z] SIGNAL: ema_cross ENA BULLISH
[2026-03-23T10:41:57.381Z] SIGNAL: macd_cross ENA BULLISH
[2026-03-23T10:41:57.381Z] SIGNAL: vwap_deviation ENA ABOVE
[2026-03-23T10:41:57.615Z] SIGNAL: rsi_extreme kPEPE RSI 77 OVERBOUGHT
[2026-03-23T10:41:57.615Z] SIGNAL: ema_cross kPEPE BULLISH
[2026-03-23T10:41:57.615Z] SIGNAL: macd_cross kPEPE BULLISH
[2026-03-23T10:41:58.067Z] SIGNAL: rsi_extreme SEI RSI 81 OVERBOUGHT
[2026-03-23T10:41:58.067Z] SIGNAL: macd_cross SEI BULLISH
[2026-03-23T10:41:58.067Z] SIGNAL: vwap_deviation SEI ABOVE
[2026-03-23T10:42:52.366Z] SCOUT: PASS ETH (2 signals, 78%) — Strong bullish convergence, high MACD confidence [analyst buf: 1]
[2026-03-23T10:42:53.958Z] SCOUT: SKIP HYPE (5 signals) — RSI overbought conflicts with bullish momentum signals
[2026-03-23T10:42:55.792Z] SCOUT: SKIP SOL (2 signals) — Single strong signal insufficient without confirmation
[2026-03-23T10:42:56.741Z] SIGNAL: macd_cross xyz:TSLA BULLISH
[2026-03-23T10:42:56.743Z] SIGNAL: rsi_extreme xyz:TSLA RSI 25 OVERSOLD
[2026-03-23T10:42:57.098Z] SIGNAL: rsi_extreme xyz:HOOD RSI 81 OVERBOUGHT
[2026-03-23T10:42:57.337Z] SIGNAL: rsi_extreme xyz:NVDA RSI 76 OVERBOUGHT
[2026-03-23T10:42:57.497Z] SCOUT: SKIP xyz:SILVER (1 signals) — Single weak signal, insufficient confirmation
[2026-03-23T10:42:57.571Z] SIGNAL: rsi_extreme xyz:COIN RSI 19 OVERSOLD
[2026-03-23T10:42:57.571Z] SIGNAL: macd_cross xyz:COIN BULLISH
[2026-03-23T10:42:57.805Z] SIGNAL: rsi_extreme xyz:ORCL RSI 20 OVERSOLD
[2026-03-23T10:42:59.315Z] SCOUT: SKIP XRP (3 signals) — Contradictory signals, bearish EMA cross conflicts
[2026-03-23T10:43:00.946Z] SCOUT: SKIP SUI (1 signals) — Single weak signal, insufficient confirmation
[2026-03-23T10:43:03.909Z] SCOUT: PASS DOGE (2 signals, 75%) — Strong MACD cross confirms EMA bullish setup [analyst buf: 2]
[2026-03-23T10:43:04.458Z] SIGNAL: volume_spike BNB 4.6x avg
[2026-03-23T10:43:05.722Z] SCOUT: SKIP xyz:GOLD (1 signals) — Single weak RSI signal, insufficient confirmation
[2026-03-23T10:43:07.660Z] SCOUT: SKIP BNB (2 signals) — Contradictory signals, weak bearish conviction
[2026-03-23T10:43:09.168Z] SCOUT: PASS PAXG (3 signals, 71%) — Strong MACD cross with EMA confirmation [analyst buf: 3]
[2026-03-23T10:43:10.902Z] SCOUT: PASS AVAX (3 signals, 83%) — Strong convergence: EMA + MACD bullish [analyst buf: 4]
[2026-03-23T10:43:12.945Z] SCOUT: SKIP xyz:HOOD (1 signals) — Single weak signal insufficient for trade
[2026-03-23T10:43:15.629Z] SCOUT: PASS LINK (2 signals, 78%) — Strong bullish alignment, both signals confirm [analyst buf: 5]
[2026-03-23T10:43:17.279Z] SCOUT: PASS AAVE (3 signals, 78%) — Three aligned bullish signals, strong momentum confluence [analyst buf: 6]
[2026-03-23T10:43:18.786Z] SCOUT: PASS ENA (3 signals, 77%) — Strong bullish crossovers with volume confirmation [analyst buf: 7]
[2026-03-23T10:43:20.782Z] SCOUT: PASS kPEPE (2 signals, 87%) — Dual bullish signals converge, strong momentum [analyst buf: 8]
[2026-03-23T10:43:22.438Z] SCOUT: SKIP SEI (3 signals) — RSI overbought contradicts bullish continuation
[2026-03-23T10:43:23.593Z] SIGNAL: price_breakout xyz:ORCL DOWN
[2026-03-23T10:43:50.851Z] SCOUT: SKIP xyz:TSLA (1 signal, conf 58) — no confluence
[2026-03-23T10:43:52.666Z] SCOUT: SKIP xyz:HOOD (1 signals) — Single overbought signal, insufficient confirmation
[2026-03-23T10:43:54.643Z] SCOUT: SKIP xyz:COIN (2 signals) — Weak confirmation, single oversold signal insufficient
[2026-03-23T10:43:54.643Z] SCOUT: SKIP xyz:ORCL (1 signal, conf 56) — no confluence
[2026-03-23T10:43:55.679Z] SIGNAL: macd_cross xyz:BRENTOIL BULLISH
[2026-03-23T10:43:55.680Z] SIGNAL: rsi_extreme xyz:BRENTOIL RSI 75 OVERBOUGHT
[2026-03-23T10:43:55.937Z] SIGNAL: macd_cross xyz:GOLD BEARISH
[2026-03-23T10:43:55.937Z] SIGNAL: rsi_extreme xyz:GOLD RSI 76 OVERBOUGHT
[2026-03-23T10:43:56.171Z] SIGNAL: rsi_extreme xyz:NATGAS RSI 24 OVERSOLD
[2026-03-23T10:43:56.172Z] SIGNAL: bb_squeeze_breakout xyz:NATGAS DOWN
[2026-03-23T10:44:19.140Z] ANALYST: processing 8 scout-passed signal groups
[2026-03-23T10:44:52.967Z] SCOUT: SKIP xyz:BRENTOIL (1 signals) — Single weak signal, insufficient confirmation
[2026-03-23T10:44:54.396Z] SCOUT: SKIP xyz:GOLD (1 signals) — Single weak bearish signal insufficient
[2026-03-23T10:44:54.396Z] SCOUT: SKIP xyz:NATGAS (1 signal, conf 60) — no confluence
[2026-03-23T10:44:55.451Z] SIGNAL: rsi_extreme xyz:CL RSI 24 OVERSOLD
[2026-03-23T10:44:55.711Z] SIGNAL: rsi_extreme xyz:SILVER RSI 79 OVERBOUGHT
[2026-03-23T10:44:55.712Z] SIGNAL: macd_cross xyz:SILVER BEARISH
[2026-03-23T10:44:56.974Z] SIGNAL: rsi_extreme xyz:TSLA RSI 77 OVERBOUGHT
[2026-03-23T10:44:57.208Z] SIGNAL: macd_cross xyz:HOOD BULLISH
[2026-03-23T10:44:57.209Z] SIGNAL: rsi_extreme xyz:HOOD RSI 75 OVERBOUGHT
[2026-03-23T10:44:57.470Z] SIGNAL: rsi_extreme xyz:NVDA RSI 77 OVERBOUGHT
[2026-03-23T10:44:57.712Z] SIGNAL: rsi_extreme xyz:COIN RSI 19 OVERSOLD
[2026-03-23T10:44:57.713Z] SIGNAL: macd_cross xyz:COIN BULLISH
[2026-03-23T10:44:57.978Z] SIGNAL: rsi_extreme xyz:ORCL RSI 21 OVERSOLD
[2026-03-23T10:45:13.660Z] DECISION: [Scalping-v2] RISK_BLOCKED AVAX — Confidence 61% < 70% 
[2026-03-23T10:45:13.660Z] DECISION: [Scalping-v2] BUY ETH — 78% scout, strong MACD 85 confirms EMA bullish cross (EXECUTED)
[2026-03-23T10:45:13.749Z] FILL: Open Long ETH 0.0367@2042.9 PnL=0.0
[2026-03-23T10:45:13.749Z] ORDER: B ETH status=open
[2026-03-23T10:45:13.749Z] ORDER: B ETH status=filled
[2026-03-23T10:45:52.834Z] SCOUT: SKIP xyz:SILVER (1 signals) — Single weak signal, insufficient confluence
[2026-03-23T10:45:54.454Z] SCOUT: SKIP xyz:HOOD (1 signals) — Single weak signal insufficient for trade
[2026-03-23T10:45:55.036Z] SIGNAL: macd_cross xyz:CL BULLISH
[2026-03-23T10:45:56.119Z] SIGNAL: macd_cross xyz:BRENTOIL BULLISH
[2026-03-23T10:45:56.120Z] SIGNAL: rsi_extreme xyz:BRENTOIL RSI 75 OVERBOUGHT
[2026-03-23T10:45:56.361Z] SIGNAL: macd_cross xyz:GOLD BEARISH
[2026-03-23T10:45:56.362Z] SIGNAL: rsi_extreme xyz:GOLD RSI 75 OVERBOUGHT
[2026-03-23T10:45:56.385Z] SCOUT: SKIP xyz:COIN (2 signals) — Oversold RSI with weak MACD confirmation
[2026-03-23T10:45:56.608Z] SIGNAL: rsi_extreme xyz:NATGAS RSI 24 OVERSOLD
[2026-03-23T10:45:56.608Z] SIGNAL: bb_squeeze_breakout xyz:NATGAS DOWN
[2026-03-23T10:46:52.954Z] SCOUT: SKIP xyz:CL (1 signals) — Single weak signal, insufficient confirmation
[2026-03-23T10:46:52.954Z] SCOUT: SKIP xyz:BRENTOIL (1 signal, conf 56) — no confluence
[2026-03-23T10:46:52.954Z] SCOUT: SKIP xyz:GOLD (1 signal, conf 62) — no confluence
[2026-03-23T10:46:52.954Z] SCOUT: SKIP xyz:NATGAS (1 signal, conf 60) — no confluence
[2026-03-23T10:46:54.316Z] STATUS: 26 coins | WS: OK | Positions: 6 | Tokens: $8.15 (81.5%)
[2026-03-23T10:46:54.354Z] SIGNAL: rsi_extreme BTC RSI 76 OVERBOUGHT
[2026-03-23T10:46:54.599Z] SIGNAL: rsi_extreme ETH RSI 75 OVERBOUGHT
[2026-03-23T10:46:54.599Z] SIGNAL: ema_cross ETH BULLISH
[2026-03-23T10:46:54.599Z] SIGNAL: macd_cross ETH BULLISH
[2026-03-23T10:46:54.599Z] SIGNAL: bb_squeeze_breakout ETH UP
[2026-03-23T10:46:54.853Z] SIGNAL: rsi_extreme HYPE RSI 84 OVERBOUGHT
[2026-03-23T10:46:54.853Z] SIGNAL: ema_cross HYPE BULLISH
[2026-03-23T10:46:54.853Z] SIGNAL: bb_squeeze_breakout HYPE UP
[2026-03-23T10:46:54.853Z] SIGNAL: vwap_deviation HYPE ABOVE
[2026-03-23T10:46:54.853Z] SIGNAL: macd_cross HYPE BEARISH
[2026-03-23T10:46:55.097Z] SIGNAL: rsi_extreme SOL RSI 80 OVERBOUGHT
[2026-03-23T10:46:55.097Z] SIGNAL: macd_cross SOL BULLISH
[2026-03-23T10:46:55.097Z] SIGNAL: bb_squeeze_breakout SOL UP
[2026-03-23T10:46:55.097Z] SIGNAL: ema_cross SOL BEARISH
[2026-03-23T10:46:55.449Z] SIGNAL: rsi_extreme XRP RSI 79 OVERBOUGHT
[2026-03-23T10:46:55.449Z] SIGNAL: macd_cross XRP BULLISH
[2026-03-23T10:46:55.449Z] SIGNAL: bb_squeeze_breakout XRP UP
[2026-03-23T10:46:55.795Z] SIGNAL: rsi_extreme SUI RSI 77 OVERBOUGHT
[2026-03-23T10:46:55.796Z] SIGNAL: macd_cross SUI BULLISH
[2026-03-23T10:46:55.798Z] SIGNAL: ema_cross SUI BULLISH
[2026-03-23T10:46:56.377Z] SIGNAL: ema_cross DOGE BULLISH
[2026-03-23T10:46:56.377Z] SIGNAL: macd_cross DOGE BULLISH
[2026-03-23T10:46:56.377Z] SIGNAL: bb_squeeze_breakout DOGE UP
[2026-03-23T10:46:56.377Z] SIGNAL: rsi_extreme DOGE RSI 76 OVERBOUGHT
[2026-03-23T10:46:56.636Z] SIGNAL: rsi_extreme BNB RSI 79 OVERBOUGHT
[2026-03-23T10:46:56.636Z] SIGNAL: macd_cross BNB BULLISH
[2026-03-23T10:46:56.636Z] SIGNAL: ema_cross BNB BEARISH
[2026-03-23T10:46:56.905Z] SIGNAL: macd_cross PAXG BULLISH
[2026-03-23T10:46:56.905Z] SIGNAL: vwap_deviation PAXG ABOVE
[2026-03-23T10:46:56.905Z] SIGNAL: ema_cross PAXG BEARISH
[2026-03-23T10:46:56.905Z] SIGNAL: rsi_extreme PAXG RSI 23 OVERSOLD
[2026-03-23T10:46:57.218Z] SIGNAL: rsi_extreme AVAX RSI 78 OVERBOUGHT
[2026-03-23T10:46:57.218Z] SIGNAL: ema_cross AVAX BULLISH
[2026-03-23T10:46:57.218Z] SIGNAL: macd_cross AVAX BULLISH
[2026-03-23T10:46:57.218Z] SIGNAL: bb_squeeze_breakout AVAX UP
[2026-03-23T10:46:57.457Z] SIGNAL: macd_cross xyz:HOOD BULLISH
[2026-03-23T10:46:57.457Z] SIGNAL: rsi_extreme xyz:HOOD RSI 76 OVERBOUGHT
[2026-03-23T10:46:57.480Z] SIGNAL: rsi_extreme LINK RSI 76 OVERBOUGHT
[2026-03-23T10:46:57.480Z] SIGNAL: ema_cross LINK BULLISH
[2026-03-23T10:46:57.480Z] SIGNAL: macd_cross LINK BULLISH
[2026-03-23T10:46:57.480Z] SIGNAL: bb_squeeze_breakout LINK UP
[2026-03-23T10:46:57.710Z] SIGNAL: rsi_extreme xyz:NVDA RSI 77 OVERBOUGHT
[2026-03-23T10:46:57.724Z] SIGNAL: rsi_extreme AAVE RSI 79 OVERBOUGHT
[2026-03-23T10:46:57.724Z] SIGNAL: ema_cross AAVE BULLISH
[2026-03-23T10:46:57.724Z] SIGNAL: macd_cross AAVE BULLISH
[2026-03-23T10:46:57.724Z] SIGNAL: bb_squeeze_breakout AAVE UP
[2026-03-23T10:46:57.952Z] SIGNAL: rsi_extreme xyz:COIN RSI 75 OVERBOUGHT
[2026-03-23T10:46:57.952Z] SIGNAL: macd_cross xyz:COIN BULLISH
[2026-03-23T10:46:57.968Z] SIGNAL: rsi_extreme ENA RSI 80 OVERBOUGHT
[2026-03-23T10:46:57.968Z] SIGNAL: ema_cross ENA BULLISH
[2026-03-23T10:46:57.968Z] SIGNAL: macd_cross ENA BULLISH
[2026-03-23T10:46:57.968Z] SIGNAL: vwap_deviation ENA ABOVE
[2026-03-23T10:46:58.212Z] SIGNAL: rsi_extreme kPEPE RSI 78 OVERBOUGHT
[2026-03-23T10:46:58.212Z] SIGNAL: ema_cross kPEPE BULLISH
[2026-03-23T10:46:58.212Z] SIGNAL: macd_cross kPEPE BULLISH
[2026-03-23T10:46:58.287Z] SIGNAL: rsi_extreme xyz:ORCL RSI 87 OVERBOUGHT
[2026-03-23T10:46:58.477Z] SIGNAL: rsi_extreme SEI RSI 82 OVERBOUGHT
[2026-03-23T10:46:58.477Z] SIGNAL: macd_cross SEI BULLISH
[2026-03-23T10:46:58.477Z] SIGNAL: vwap_deviation SEI ABOVE
[2026-03-23T10:47:52.913Z] SCOUT: PASS ETH (3 signals, 70%) — Strong MACD cross, EMA alignment, breakout confirmation [analyst buf: 1]
[2026-03-23T10:47:55.045Z] SIGNAL: macd_cross xyz:CL BULLISH
[2026-03-23T10:47:55.047Z] SIGNAL: rsi_extreme xyz:CL RSI 24 OVERSOLD
[2026-03-23T10:47:55.371Z] SIGNAL: rsi_extreme xyz:SILVER RSI 79 OVERBOUGHT
[2026-03-23T10:47:55.373Z] SIGNAL: macd_cross xyz:SILVER BEARISH
[2026-03-23T10:47:55.966Z] SCOUT: SKIP HYPE (5 signals) — RSI overbought conflicts bullish signals
[2026-03-23T10:47:56.120Z] SIGNAL: ema_cross xyz:NATGAS BULLISH
[2026-03-23T10:47:58.033Z] SCOUT: SKIP SOL (3 signals) — Contradictory signals, bearish EMA conflicts bullish MACD
[2026-03-23T10:48:00.313Z] SCOUT: PASS XRP (2 signals, 75%) — MACD cross bullish, BB squeeze confirmation [analyst buf: 2]
[2026-03-23T10:48:01.811Z] SIGNAL: volume_spike DOGE 4.6x avg
[2026-03-23T10:48:02.003Z] SCOUT: PASS SUI (2 signals, 72%) — Strong MACD cross, weak EMA confirmation [analyst buf: 3]
[2026-03-23T10:48:03.627Z] SCOUT: PASS DOGE (3 signals, 72%) — MACD strong, EMA weak, BB confirms breakout [analyst buf: 4]
[2026-03-23T10:48:05.620Z] SCOUT: SKIP BNB (2 signals) — Contradictory signals, weak EMA confirmation
[2026-03-23T10:48:07.469Z] SCOUT: SKIP PAXG (3 signals) — Contradictory signals, weak vwap confirmation
[2026-03-23T10:48:09.024Z] SCOUT: PASS AVAX (3 signals, 77%) — Strong bullish convergence, momentum aligned upside [analyst buf: 5]
[2026-03-23T10:48:10.703Z] SCOUT: SKIP xyz:HOOD (1 signals) — Single weak signal insufficient for trade
[2026-03-23T10:48:12.663Z] SCOUT: PASS LINK (3 signals, 78%) — Strong bullish momentum, MACD confirms EMA cross [analyst buf: 6]
[2026-03-23T10:48:14.706Z] SCOUT: PASS AAVE (3 signals, 76%) — Three aligned bullish signals, strong momentum [analyst buf: 7]
[2026-03-23T10:48:14.706Z] SCOUT: SKIP xyz:COIN (1 signal, conf 56) — no confluence
[2026-03-23T10:48:16.326Z] SCOUT: PASS ENA (3 signals, 85%) — Strong bullish momentum, EMA/MACD aligned [analyst buf: 8]
[2026-03-23T10:48:19.318Z] SCOUT: PASS kPEPE (2 signals, 87%) — Dual bullish confirmation, strong alignment [analyst buf: 9]
[2026-03-23T10:48:20.999Z] SCOUT: SKIP xyz:ORCL (1 signals) — Single overbought signal, insufficient confirmation
[2026-03-23T10:48:23.251Z] SCOUT: SKIP SEI (3 signals) — RSI overbought contradicts bullish signals
[2026-03-23T10:48:38.615Z] SIGNAL: price_breakout xyz:ORCL DOWN
[2026-03-23T10:48:49.140Z] ANALYST: processing 9 scout-passed signal groups
[2026-03-23T10:48:52.172Z] SCOUT: SKIP xyz:CL (1 signals) — Single weak signal insufficient for trade
[2026-03-23T10:48:53.887Z] SCOUT: SKIP xyz:SILVER (1 signals) — Single weak signal insufficient for trade
[2026-03-23T10:48:53.887Z] SCOUT: SKIP xyz:NATGAS (1 signal, conf 58) — no confluence
[2026-03-23T10:48:55.264Z] SCOUT: SKIP xyz:ORCL (1 signals) — Single weak signal insufficient
[2026-03-23T10:48:55.655Z] SIGNAL: macd_cross xyz:BRENTOIL BULLISH
[2026-03-23T10:48:55.656Z] SIGNAL: rsi_extreme xyz:BRENTOIL RSI 75 OVERBOUGHT
[2026-03-23T10:48:55.912Z] SIGNAL: macd_cross xyz:GOLD BEARISH
[2026-03-23T10:48:55.912Z] SIGNAL: rsi_extreme xyz:GOLD RSI 75 OVERBOUGHT
[2026-03-23T10:48:56.441Z] SIGNAL: rsi_extreme xyz:NATGAS RSI 75 OVERBOUGHT
[2026-03-23T10:48:56.443Z] SIGNAL: bb_squeeze_breakout xyz:NATGAS DOWN
[2026-03-23T10:48:57.920Z] SIGNAL: ema_cross xyz:HOOD BULLISH
[2026-03-23T10:48:57.920Z] SIGNAL: rsi_extreme xyz:HOOD RSI 76 OVERBOUGHT
[2026-03-23T10:48:58.202Z] SIGNAL: rsi_extreme xyz:NVDA RSI 77 OVERBOUGHT
[2026-03-23T10:48:58.545Z] SIGNAL: rsi_extreme xyz:COIN RSI 76 OVERBOUGHT
[2026-03-23T10:48:58.792Z] SIGNAL: rsi_extreme xyz:ORCL RSI 87 OVERBOUGHT
[2026-03-23T10:49:02.053Z] SIGNAL: volume_spike SUI 4.2x avg
[2026-03-23T10:49:33.611Z] SIGNAL: price_breakout xyz:COIN DOWN
[2026-03-23T10:49:38.615Z] SIGNAL: price_breakout xyz:BRENTOIL DOWN
[2026-03-23T10:49:38.615Z] SIGNAL: price_breakout xyz:CL DOWN
[2026-03-23T10:49:38.649Z] DECISION: HOLD ETH — Duplicate position already open Scalping-v2 
[2026-03-23T10:49:38.649Z] DECISION: HOLD ETH — Copytrading-v2 slots full, no capacity 
[2026-03-23T10:49:52.662Z] SCOUT: SKIP xyz:BRENTOIL (2 signals) — Contradictory signals, weak confidence levels
[2026-03-23T10:49:52.662Z] SCOUT: SKIP xyz:GOLD (1 signal, conf 56) — no confluence
[2026-03-23T10:49:52.662Z] SCOUT: SKIP xyz:NATGAS (1 signal, conf 60) — no confluence
[2026-03-23T10:49:52.662Z] SCOUT: SKIP xyz:HOOD (1 signal, conf 56) — no confluence
[2026-03-23T10:49:54.644Z] SCOUT: SKIP xyz:ORCL (1 signals) — Single overbought signal, insufficient confluence
[2026-03-23T10:49:54.644Z] SCOUT: SKIP xyz:COIN (1 signal, conf 57) — no confluence
[2026-03-23T10:49:54.644Z] SCOUT: SKIP xyz:CL (1 signal, conf 57) — no confluence
[2026-03-23T10:49:56.082Z] SIGNAL: macd_cross xyz:NATGAS BULLISH
[2026-03-23T10:50:25.638Z] SIGNAL: volume_spike AAVE 4.8x avg
[2026-03-23T10:50:27.109Z] SIGNAL: macd_cross HYPE BULLISH
[2026-03-23T10:50:28.212Z] SIGNAL: volume_spike LINK 4.0x avg
[2026-03-23T10:50:28.593Z] SIGNAL: price_breakout xyz:COPPER UP
[2026-03-23T10:50:28.593Z] SIGNAL: price_breakout xyz:HOOD UP
[2026-03-23T10:50:28.593Z] SIGNAL: price_breakout xyz:NVDA UP
[2026-03-23T10:50:28.593Z] SIGNAL: price_breakout xyz:TSLA UP
[2026-03-23T10:50:30.259Z] SIGNAL: macd_cross PAXG BULLISH
[2026-03-23T10:50:47.311Z] SIGNAL: volume_spike ETH 4.3x avg
[2026-03-23T10:50:52.711Z] SCOUT: SKIP xyz:NATGAS (1 signals) — Single weak signal, insufficient confluence
[2026-03-23T10:50:52.711Z] SCOUT: SKIP HYPE (1 signal, conf 55) — no confluence
[2026-03-23T10:50:54.171Z] SCOUT: SKIP xyz:COPPER (1 signals) — Single weak signal, insufficient confirmation
[2026-03-23T10:50:55.150Z] SIGNAL: macd_cross xyz:CL BULLISH
[2026-03-23T10:50:55.152Z] SIGNAL: rsi_extreme xyz:CL RSI 24 OVERSOLD
[2026-03-23T10:50:55.419Z] SIGNAL: rsi_extreme xyz:SILVER RSI 78 OVERBOUGHT
[2026-03-23T10:50:55.420Z] SIGNAL: macd_cross xyz:SILVER BEARISH
[2026-03-23T10:50:55.676Z] SIGNAL: macd_cross xyz:BRENTOIL BULLISH
[2026-03-23T10:50:55.678Z] SIGNAL: rsi_extreme xyz:BRENTOIL RSI 16 OVERSOLD
[2026-03-23T10:50:55.912Z] SIGNAL: rsi_extreme xyz:GOLD RSI 76 OVERBOUGHT
[2026-03-23T10:50:55.913Z] SIGNAL: macd_cross xyz:GOLD BEARISH
[2026-03-23T10:50:55.925Z] SCOUT: SKIP xyz:HOOD (1 signals) — Single weak signal insufficient for entry
[2026-03-23T10:50:56.146Z] SIGNAL: ema_cross xyz:NATGAS BULLISH
[2026-03-23T10:50:56.621Z] SIGNAL: macd_cross xyz:TSLA BULLISH
[2026-03-23T10:50:57.121Z] SIGNAL: macd_cross xyz:NVDA BULLISH
[2026-03-23T10:50:57.324Z] SCOUT: SKIP xyz:NVDA (1 signals) — Single weak signal, insufficient confluence
[2026-03-23T10:50:57.354Z] SIGNAL: macd_cross xyz:COIN BULLISH
[2026-03-23T10:50:59.090Z] SCOUT: SKIP xyz:TSLA (1 signals) — Single weak signal insufficient for trade
[2026-03-23T10:50:59.090Z] SCOUT: SKIP PAXG (1 signal, conf 58) — no confluence
[2026-03-23T10:51:09.733Z] SIGNAL: volume_spike ENA 4.5x avg
[2026-03-23T10:51:10.699Z] SIGNAL: volume_spike kPEPE 4.1x avg
[2026-03-23T10:51:38.621Z] SIGNAL: price_breakout xyz:ORCL DOWN
[2026-03-23T10:51:52.581Z] SCOUT: SKIP xyz:CL (1 signals) — Single weak signal insufficient for trade
[2026-03-23T10:51:54.202Z] Strategies reloaded: 6 (3 active, 0 dry-run)
[2026-03-23T10:51:54.234Z] SIGNAL: macd_cross BTC BULLISH
[2026-03-23T10:51:54.234Z] SIGNAL: rsi_extreme BTC RSI 76 OVERBOUGHT
[2026-03-23T10:51:54.316Z] STATUS: 26 coins | WS: OK | Positions: 6 | Tokens: $8.23 (82.3%)
[2026-03-23T10:51:54.469Z] SIGNAL: rsi_extreme ETH RSI 76 OVERBOUGHT
[2026-03-23T10:51:54.469Z] SIGNAL: ema_cross ETH BULLISH
[2026-03-23T10:51:54.469Z] SIGNAL: bb_squeeze_breakout ETH UP
[2026-03-23T10:51:54.704Z] SIGNAL: rsi_extreme HYPE RSI 84 OVERBOUGHT
[2026-03-23T10:51:54.704Z] SIGNAL: ema_cross HYPE BULLISH
[2026-03-23T10:51:54.704Z] SIGNAL: bb_squeeze_breakout HYPE UP
[2026-03-23T10:51:54.705Z] SIGNAL: vwap_deviation HYPE ABOVE
[2026-03-23T10:51:54.713Z] SCOUT: SKIP xyz:SILVER (1 signals) — Single weak signal insufficient for trade
[2026-03-23T10:51:54.957Z] SIGNAL: rsi_extreme SOL RSI 80 OVERBOUGHT
[2026-03-23T10:51:54.957Z] SIGNAL: macd_cross SOL BULLISH
[2026-03-23T10:51:54.957Z] SIGNAL: bb_squeeze_breakout SOL UP
[2026-03-23T10:51:54.958Z] SIGNAL: ema_cross SOL BEARISH
[2026-03-23T10:51:55.195Z] SIGNAL: rsi_extreme XRP RSI 80 OVERBOUGHT
[2026-03-23T10:51:55.195Z] SIGNAL: macd_cross XRP BULLISH
[2026-03-23T10:51:55.195Z] SIGNAL: bb_squeeze_breakout XRP UP
[2026-03-23T10:51:55.449Z] SIGNAL: rsi_extreme SUI RSI 80 OVERBOUGHT
[2026-03-23T10:51:55.449Z] SIGNAL: macd_cross SUI BULLISH
[2026-03-23T10:51:55.450Z] SIGNAL: bb_squeeze_breakout SUI UP
[2026-03-23T10:51:55.451Z] SIGNAL: ema_cross SUI BULLISH
[2026-03-23T10:51:55.692Z] SIGNAL: rsi_extreme DOGE RSI 75 OVERBOUGHT
[2026-03-23T10:51:55.692Z] SIGNAL: ema_cross DOGE BULLISH
[2026-03-23T10:51:55.692Z] SIGNAL: macd_cross DOGE BULLISH
[2026-03-23T10:51:55.692Z] SIGNAL: bb_squeeze_breakout DOGE UP
[2026-03-23T10:51:55.930Z] SIGNAL: rsi_extreme BNB RSI 82 OVERBOUGHT
[2026-03-23T10:51:55.930Z] SIGNAL: macd_cross BNB BULLISH
[2026-03-23T10:51:56.147Z] SIGNAL: macd_cross xyz:NATGAS BULLISH
[2026-03-23T10:51:56.149Z] SIGNAL: rsi_extreme xyz:NATGAS RSI 24 OVERSOLD
[2026-03-23T10:51:56.149Z] SIGNAL: bb_squeeze_breakout xyz:NATGAS DOWN
[2026-03-23T10:51:56.275Z] SIGNAL: vwap_deviation PAXG ABOVE
[2026-03-23T10:51:56.275Z] SIGNAL: ema_cross PAXG BEARISH
[2026-03-23T10:51:56.275Z] SIGNAL: rsi_extreme PAXG RSI 25 OVERSOLD
[2026-03-23T10:51:56.509Z] SIGNAL: rsi_extreme AVAX RSI 79 OVERBOUGHT
[2026-03-23T10:51:56.509Z] SIGNAL: ema_cross AVAX BULLISH
[2026-03-23T10:51:56.509Z] SIGNAL: macd_cross AVAX BULLISH
[2026-03-23T10:51:56.509Z] SIGNAL: bb_squeeze_breakout AVAX UP
[2026-03-23T10:51:56.743Z] SIGNAL: rsi_extreme LINK RSI 77 OVERBOUGHT
[2026-03-23T10:51:56.743Z] SIGNAL: ema_cross LINK BULLISH
[2026-03-23T10:51:56.743Z] SIGNAL: macd_cross LINK BULLISH
[2026-03-23T10:51:56.744Z] SIGNAL: bb_squeeze_breakout LINK UP
[2026-03-23T10:51:56.834Z] SCOUT: SKIP xyz:BRENTOIL (2 signals) — Conflicting signals, insufficient confirmation
[2026-03-23T10:51:56.834Z] SCOUT: SKIP xyz:GOLD (1 signal, conf 58) — no confluence
[2026-03-23T10:51:56.834Z] SCOUT: SKIP xyz:NATGAS (1 signal, conf 57) — no confluence
[2026-03-23T10:51:56.834Z] SCOUT: SKIP xyz:TSLA (1 signal, conf 56) — no confluence
[2026-03-23T10:51:56.834Z] SCOUT: SKIP xyz:NVDA (1 signal, conf 63) — no confluence
[2026-03-23T10:51:56.834Z] SCOUT: SKIP xyz:COIN (1 signal, conf 56) — no confluence
[2026-03-23T10:51:56.834Z] SCOUT: SKIP xyz:ORCL (1 signal, conf 61) — no confluence
[2026-03-23T10:51:56.853Z] SIGNAL: rsi_extreme xyz:HOOD RSI 76 OVERBOUGHT
[2026-03-23T10:51:57.039Z] SIGNAL: rsi_extreme AAVE RSI 80 OVERBOUGHT
[2026-03-23T10:51:57.039Z] SIGNAL: ema_cross AAVE BULLISH
[2026-03-23T10:51:57.039Z] SIGNAL: macd_cross AAVE BULLISH
[2026-03-23T10:51:57.039Z] SIGNAL: bb_squeeze_breakout AAVE UP
[2026-03-23T10:51:57.273Z] SIGNAL: rsi_extreme ENA RSI 80 OVERBOUGHT
[2026-03-23T10:51:57.273Z] SIGNAL: ema_cross ENA BULLISH
[2026-03-23T10:51:57.273Z] SIGNAL: macd_cross ENA BULLISH
[2026-03-23T10:51:57.273Z] SIGNAL: vwap_deviation ENA ABOVE
[2026-03-23T10:51:57.487Z] SIGNAL: rsi_extreme xyz:COIN RSI 82 OVERBOUGHT
[2026-03-23T10:51:57.621Z] SIGNAL: rsi_extreme kPEPE RSI 79 OVERBOUGHT
[2026-03-23T10:51:57.621Z] SIGNAL: ema_cross kPEPE BULLISH
[2026-03-23T10:51:57.621Z] SIGNAL: macd_cross kPEPE BULLISH
[2026-03-23T10:51:57.621Z] SIGNAL: bb_squeeze_breakout kPEPE UP
[2026-03-23T10:51:57.721Z] SIGNAL: rsi_extreme xyz:ORCL RSI 84 OVERBOUGHT
[2026-03-23T10:51:57.855Z] SIGNAL: rsi_extreme SEI RSI 81 OVERBOUGHT
[2026-03-23T10:51:57.855Z] SIGNAL: macd_cross SEI BULLISH
[2026-03-23T10:51:57.855Z] SIGNAL: vwap_deviation SEI ABOVE
[2026-03-23T10:52:27.579Z] SIGNAL: macd_cross HYPE BULLISH
[2026-03-23T10:52:50.855Z] SCOUT: SKIP BTC (1 signal, conf 64) — no confluence
[2026-03-23T10:52:52.497Z] SCOUT: PASS ETH (2 signals, 66%) — Two aligned bullish signals, moderate confluence [analyst buf: 1]
[2026-03-23T10:52:54.647Z] SCOUT: SKIP HYPE (5 signals) — RSI overbought contradicts bullish momentum signals
[2026-03-23T10:52:56.058Z] SCOUT: SKIP SOL (4 signals) — Overbought RSI contradicts bullish momentum signals
[2026-03-23T10:52:57.671Z] SCOUT: SKIP XRP (3 signals) — RSI overbought conflicts with bullish signals
[2026-03-23T10:52:59.228Z] SCOUT: PASS SUI (3 signals, 75%) — Strong MACD cross with BB confirmation [analyst buf: 2]
[2026-03-23T10:53:00.592Z] SCOUT: PASS DOGE (3 signals, 76%) — Three aligned bullish signals, MACD strong [analyst buf: 3]
[2026-03-23T10:53:02.213Z] SCOUT: SKIP BNB (2 signals) — RSI overbought contradicts bullish MACD signal
[2026-03-23T10:53:03.735Z] SCOUT: SKIP xyz:NATGAS (2 signals) — Contradictory signals, unclear direction
[2026-03-23T10:53:05.229Z] SCOUT: SKIP PAXG (2 signals) — Contradictory signals, weak confidence levels
[2026-03-23T10:53:06.901Z] SCOUT: PASS AVAX (3 signals, 79%) — Strong bullish confluence, BB breakout confirmation [analyst buf: 4]
[2026-03-23T10:53:08.971Z] SCOUT: PASS LINK (3 signals, 72%) — Strong bullish confluence, MACD leads at 85% [analyst buf: 5]
[2026-03-23T10:53:10.393Z] SCOUT: PASS AAVE (3 signals, 78%) — Strong bullish convergence, breakout confirmation [analyst buf: 6]
[2026-03-23T10:53:12.632Z] SCOUT: SKIP ENA (4 signals) — RSI overbought contradicts bullish momentum signals
[2026-03-23T10:53:14.843Z] SCOUT: SKIP xyz:COIN (1 signals) — Single overbought signal insufficient
[2026-03-23T10:53:16.541Z] SCOUT: PASS kPEPE (3 signals, 80%) — Strong bullish confluence, EMA-MACD aligned [analyst buf: 7]
[2026-03-23T10:53:19.140Z] ANALYST: processing 7 scout-passed signal groups
[2026-03-23T10:53:19.994Z] SCOUT: SKIP xyz:ORCL (1 signals) — Single overbought RSI signal insufficient
[2026-03-23T10:53:22.050Z] SCOUT: SKIP SEI (3 signals) — RSI overbought contradicts bullish signals
[2026-03-23T10:53:55.040Z] SIGNAL: rsi_extreme xyz:CL RSI 24 OVERSOLD
[2026-03-23T10:53:55.297Z] SIGNAL: rsi_extreme xyz:SILVER RSI 78 OVERBOUGHT
[2026-03-23T10:53:55.298Z] SIGNAL: macd_cross xyz:SILVER BEARISH
[2026-03-23T10:53:55.657Z] SIGNAL: macd_cross xyz:BRENTOIL BULLISH
[2026-03-23T10:53:55.657Z] SIGNAL: rsi_extreme xyz:BRENTOIL RSI 75 OVERBOUGHT
[2026-03-23T10:53:55.920Z] SIGNAL: macd_cross xyz:GOLD BEARISH
[2026-03-23T10:53:56.155Z] SIGNAL: macd_cross xyz:NATGAS BULLISH
[2026-03-23T10:53:56.156Z] SIGNAL: rsi_extreme xyz:NATGAS RSI 25 OVERSOLD
[2026-03-23T10:53:56.156Z] SIGNAL: bb_squeeze_breakout xyz:NATGAS DOWN
[2026-03-23T10:53:56.871Z] SIGNAL: rsi_extreme xyz:HOOD RSI 76 OVERBOUGHT
[2026-03-23T10:53:56.871Z] SIGNAL: ema_cross xyz:HOOD BULLISH
[2026-03-23T10:53:57.116Z] SIGNAL: macd_cross xyz:NVDA BULLISH
[2026-03-23T10:54:00.985Z] DECISION: HOLD ETH — Duplicate open long ETH on Scalping-v2 
[2026-03-23T10:54:00.985Z] DECISION: HOLD ETH — Copytrading-v2 at full capacity 2/2 
[2026-03-23T10:54:00.985Z] DECISION: HOLD ETH — Sentiment-v2 at full capacity 2/2 
[2026-03-23T10:54:00.985Z] DECISION: HOLD SUI — Three consecutive SUI long losses, Nikkei macro risk 
[2026-03-23T10:54:00.985Z] DECISION: HOLD SUI — Copytrading-v2 at full capacity 2/2 
[2026-03-23T10:54:00.985Z] DECISION: HOLD SUI — Sentiment-v2 at full capacity 2/2 
[2026-03-23T10:54:29.223Z] SIGNAL: macd_cross HYPE BULLISH
[2026-03-23T10:54:52.334Z] SCOUT: SKIP xyz:SILVER (1 signals) — Single weak signal insufficient for trade
[2026-03-23T10:54:52.334Z] SCOUT: SKIP xyz:BRENTOIL (1 signal, conf 56) — no confluence
[2026-03-23T10:54:55.696Z] SCOUT: SKIP xyz:GOLD (1 signals) — Single weak bearish signal insufficient
[2026-03-23T10:54:57.685Z] SCOUT: SKIP xyz:NATGAS (2 signals) — Contradictory signals, weak BB confirmation
[2026-03-23T10:54:57.685Z] SCOUT: SKIP xyz:HOOD (1 signal, conf 57) — no confluence
[2026-03-23T10:54:57.685Z] SCOUT: SKIP xyz:NVDA (1 signal, conf 60) — no confluence
[2026-03-23T10:54:57.864Z] SIGNAL: macd_cross xyz:COIN BEARISH
[2026-03-23T10:54:57.865Z] SIGNAL: rsi_extreme xyz:COIN RSI 79 OVERBOUGHT
[2026-03-23T10:54:58.100Z] SIGNAL: rsi_extreme xyz:ORCL RSI 85 OVERBOUGHT
[2026-03-23T10:54:59.469Z] SCOUT: SKIP HYPE (1 signals) — Single weak signal, insufficient confluence
[2026-03-23T10:55:50.862Z] SCOUT: SKIP xyz:COIN (1 signal, conf 56) — no confluence
[2026-03-23T10:55:53.081Z] SCOUT: SKIP xyz:ORCL (1 signals) — Single overbought signal insufficient
[2026-03-23T10:55:55.064Z] SIGNAL: rsi_extreme xyz:CL RSI 24 OVERSOLD
[2026-03-23T10:55:55.327Z] SIGNAL: macd_cross xyz:SILVER BEARISH
[2026-03-23T10:55:55.327Z] SIGNAL: rsi_extreme xyz:SILVER RSI 76 OVERBOUGHT
[2026-03-23T10:55:56.232Z] SIGNAL: macd_cross xyz:NATGAS BULLISH
[2026-03-23T10:55:56.232Z] SIGNAL: ema_cross xyz:NATGAS BULLISH
[2026-03-23T10:55:56.233Z] SIGNAL: rsi_extreme xyz:NATGAS RSI 25 OVERSOLD
[2026-03-23T10:55:56.233Z] SIGNAL: bb_squeeze_breakout xyz:NATGAS DOWN
[2026-03-23T10:55:56.957Z] SIGNAL: rsi_extreme xyz:HOOD RSI 80 OVERBOUGHT
[2026-03-23T10:55:57.211Z] SIGNAL: macd_cross xyz:NVDA BEARISH
[2026-03-23T10:56:07.200Z] SIGNAL: volume_spike AVAX 4.4x avg
[2026-03-23T10:56:08.399Z] SIGNAL: volume_spike BNB 4.1x avg
[2026-03-23T10:56:38.626Z] SIGNAL: price_breakout xyz:ORCL UP
[2026-03-23T10:56:52.585Z] SCOUT: SKIP xyz:SILVER (1 signals) — Single weak signal, insufficient confirmation
[2026-03-23T10:56:54.216Z] SIGNAL: rsi_extreme BTC RSI 76 OVERBOUGHT
[2026-03-23T10:56:54.302Z] SCOUT: SKIP xyz:NATGAS (3 signals) — Contradictory signals, BB breakout conflicts
[2026-03-23T10:56:54.302Z] SCOUT: SKIP xyz:NVDA (1 signal, conf 55) — no confluence
[2026-03-23T10:56:54.302Z] SCOUT: SKIP xyz:ORCL (1 signal, conf 57) — no confluence
[2026-03-23T10:56:54.316Z] STATUS: 26 coins | WS: OK | Positions: 6 | Tokens: $8.31 (83.1%)
[2026-03-23T10:56:54.535Z] SIGNAL: rsi_extreme ETH RSI 80 OVERBOUGHT
[2026-03-23T10:56:54.770Z] SIGNAL: rsi_extreme HYPE RSI 87 OVERBOUGHT
[2026-03-23T10:56:54.770Z] SIGNAL: ema_cross HYPE BULLISH
[2026-03-23T10:56:54.770Z] SIGNAL: bb_squeeze_breakout HYPE UP
[2026-03-23T10:56:54.770Z] SIGNAL: vwap_deviation HYPE ABOVE
[2026-03-23T10:56:54.770Z] SIGNAL: macd_cross HYPE BEARISH
[2026-03-23T10:56:55.038Z] SIGNAL: macd_cross xyz:CL BEARISH
[2026-03-23T10:56:55.052Z] SIGNAL: rsi_extreme SOL RSI 83 OVERBOUGHT
[2026-03-23T10:56:55.052Z] SIGNAL: bb_squeeze_breakout SOL UP
[2026-03-23T10:56:55.053Z] SIGNAL: macd_cross SOL BEARISH
[2026-03-23T10:56:55.287Z] SIGNAL: rsi_extreme XRP RSI 82 OVERBOUGHT
[2026-03-23T10:56:55.287Z] SIGNAL: macd_cross XRP BULLISH
[2026-03-23T10:56:55.287Z] SIGNAL: bb_squeeze_breakout XRP UP
[2026-03-23T10:56:55.553Z] SIGNAL: rsi_extreme SUI RSI 81 OVERBOUGHT
[2026-03-23T10:56:55.553Z] SIGNAL: macd_cross SUI BULLISH
[2026-03-23T10:56:55.553Z] SIGNAL: bb_squeeze_breakout SUI UP
[2026-03-23T10:56:55.555Z] SIGNAL: ema_cross SUI BULLISH
[2026-03-23T10:56:55.591Z] SIGNAL: macd_cross xyz:BRENTOIL BULLISH
[2026-03-23T10:56:55.591Z] SIGNAL: rsi_extreme xyz:BRENTOIL RSI 75 OVERBOUGHT
[2026-03-23T10:56:55.787Z] SIGNAL: rsi_extreme DOGE RSI 78 OVERBOUGHT
[2026-03-23T10:56:55.787Z] SIGNAL: ema_cross DOGE BULLISH
[2026-03-23T10:56:55.788Z] SIGNAL: macd_cross DOGE BEARISH
[2026-03-23T10:56:55.826Z] SIGNAL: macd_cross xyz:GOLD BEARISH
[2026-03-23T10:56:56.051Z] SIGNAL: rsi_extreme BNB RSI 85 OVERBOUGHT
[2026-03-23T10:56:56.944Z] SIGNAL: macd_cross PAXG BULLISH
[2026-03-23T10:56:56.944Z] SIGNAL: vwap_deviation PAXG ABOVE
[2026-03-23T10:56:56.944Z] SIGNAL: rsi_extreme PAXG RSI 24 OVERSOLD
[2026-03-23T10:56:56.945Z] SIGNAL: ema_cross PAXG BULLISH
[2026-03-23T10:56:57.196Z] SIGNAL: rsi_extreme AVAX RSI 82 OVERBOUGHT
[2026-03-23T10:56:57.196Z] SIGNAL: ema_cross AVAX BULLISH
[2026-03-23T10:56:57.196Z] SIGNAL: macd_cross AVAX BULLISH
[2026-03-23T10:56:57.196Z] SIGNAL: bb_squeeze_breakout AVAX UP
[2026-03-23T10:56:57.442Z] SIGNAL: rsi_extreme LINK RSI 81 OVERBOUGHT
[2026-03-23T10:56:57.442Z] SIGNAL: bb_squeeze_breakout LINK UP
[2026-03-23T10:56:57.443Z] SIGNAL: macd_cross LINK BULLISH
[2026-03-23T10:56:57.677Z] SIGNAL: rsi_extreme AAVE RSI 81 OVERBOUGHT
[2026-03-23T10:56:57.677Z] SIGNAL: ema_cross AAVE BULLISH
[2026-03-23T10:56:57.677Z] SIGNAL: macd_cross AAVE BULLISH
[2026-03-23T10:56:57.677Z] SIGNAL: bb_squeeze_breakout AAVE UP
[2026-03-23T10:56:57.912Z] SIGNAL: rsi_extreme ENA RSI 82 OVERBOUGHT
[2026-03-23T10:56:57.912Z] SIGNAL: ema_cross ENA BULLISH
[2026-03-23T10:56:57.912Z] SIGNAL: macd_cross ENA BULLISH
[2026-03-23T10:56:57.912Z] SIGNAL: vwap_deviation ENA ABOVE
[2026-03-23T10:56:58.146Z] SIGNAL: rsi_extreme kPEPE RSI 81 OVERBOUGHT
[2026-03-23T10:56:58.146Z] SIGNAL: ema_cross kPEPE BULLISH
[2026-03-23T10:56:58.146Z] SIGNAL: macd_cross kPEPE BULLISH
[2026-03-23T10:56:58.146Z] SIGNAL: bb_squeeze_breakout kPEPE UP
[2026-03-23T10:56:58.388Z] SIGNAL: rsi_extreme SEI RSI 81 OVERBOUGHT
[2026-03-23T10:56:58.388Z] SIGNAL: macd_cross SEI BULLISH
[2026-03-23T10:56:58.388Z] SIGNAL: vwap_deviation SEI ABOVE
[2026-03-23T10:57:04.402Z] Received SIGINT, shutting down...
